battery_id,cycle_number,raw_cycle_index,cutoff_voltage_v,capacity_ah,cc_charge_time_s,cv_charge_time_s,v_drop_time_3p8_3p5_s,voltage_at_500s_v,voltage_at_1000s_v,temp_rise_first_1000s_c,initial_voltage_sag_v,soh_pct
B0005,1,1,2.7,1.8564874208181574,3241.797,3800.359,1641.3600000000001,3.774599857522067,3.6633570988849975,6.3688543600248835,0.0007427397291914772,101.15172778353462
B0005,2,3,2.7,1.846327249719927,3241.797,3800.359,1680.125,3.7801288913445386,3.6678112612633162,6.168963595097683,0.0008918335675085487,100.5981453301133
B0005,3,5,2.7,1.8353491942234077,3238.719,3739.8900000000003,1680.6570000000002,3.782110535092833,3.669361167813432,6.06424291016582,0.0009883975977293957,100.0
B0005,4,7,2.7,1.8352625275821128,3229.203,3746.828,1681.7649999999999,3.7838948328913893,3.6707818359642057,6.01303111192329,0.0007089086814424661,99.99527792086826
B0005,5,9,2.7,1.8346455082120419,3228.218,3696.188,1680.7820000000002,3.7847945261494025,3.671122631245994,6.001562961056322,0.0009137938821366376,99.96165928458844
B0005,6,11,2.7,1.8356616600675495,3229.438,3708.9529999999995,1681.187,3.7870605848579437,3.672821818729961,6.023095720520136,0.000876598666355477,100.01702487162254
B0005,7,13,2.7,1.8351461429226603,3231.672,3707.328,1681.219,3.7887292446014387,3.6740992692096714,5.984447247528681,0.0006699126808786815,99.9889366393389
B0005,8,15,2.7,1.8257567905665537,3243.062,3642.5,1683.391,3.7907109259840963,3.675296622791341,5.875519888110205,0.0009045020181543961,99.47735266471115
B0005,9,17,2.7,1.8247738529891333,3215.328,3666.999999999994,1681.734,3.790969095065557,3.6752158471959424,5.895477072551099,0.0015810290562399132,99.42379677570027
B0005,10,19,2.7,1.824613268496936,3221.688,3686.3589999999995,1682.3750000000002,3.7914962575811577,3.675396179564436,5.8764549262682095,0.000531502845560361,99.41504724222169
B0005,11,21,2.7,1.8246195526864504,3219.437,3626.469,1682.484,3.79121567650096,3.675006379440196,5.867636624895091,0.0007332943474569475,99.41538963970845
B0005,12,24,2.7,1.8142019357673917,3207.7185,3622.3515,1664.297,3.7942825800492272,3.6768026612486593,5.834985166391117,0.0008783660027802398,98.8477801105874
B0005,13,26,2.7,1.8137521577549054,3196.0,3618.2340000000004,1664.7350000000001,3.793855205080498,3.676328580383354,5.778767264999157,0.0008352329967378225,98.82327371072073
B0005,14,28,2.7,1.8134404914735822,3193.3429999999935,3612.3290000000125,1645.578,3.792686737295486,3.6751346960816638,5.883902643523957,0.000705320369179141,98.80629240371363
B0005,15,30,2.7,1.8025980036306504,3195.625,3612.125,1645.453,3.792751084285625,3.674654679765782,5.7981785668055075,0.0007922131287383394,98.21553355100824
B0005,16,32,2.7,1.80210690024615,3171.703,3604.11,1643.938,3.7920537252481075,3.6739181948745894,5.832308510217892,0.0008514111735298258,98.18877551575011
B0005,17,34,2.7,1.802579500826209,3162.968,3651.563,1626.547,3.7923279036915245,3.6735007756970437,5.7963734614480344,0.0006976501240556487,98.21452541563545
B0005,18,36,2.7,1.8030683142834096,3164.313,3633.656,1626.422,3.791946815551924,3.6731116071431265,5.814540514848826,0.0005346646429567059,98.24115868295803
B0005,19,38,2.7,1.8027776247196041,3161.391,3629.6870000000004,1626.063,3.79210310650251,3.672862559563579,5.819744317508125,0.0007229867424456415,98.22532030382449
B0005,20,41,2.7,1.8470259949329193,3132.281,3575.281,1702.125,3.7930502285586605,3.677831919754378,5.977508604613387,0.0007894980401550455,100.63621684343575
B0005,21,45,2.7,1.847417311283644,3299.735,3569.483999999997,1721.6100000000001,3.7963730248945913,3.679713363683317,5.896136446345093,0.00037638557371355574,100.65753792783518
B0005,22,49,2.7,1.8361774213478947,3304.75,3562.218,1702.969,3.794682575297333,3.67789244324752,5.894652033385885,0.00046933867413123664,100.04512640575939
B0005,23,53,2.7,1.8257807475776242,3262.141,3571.3749999999995,1683.5,3.792855442758004,3.675863645437675,5.932764485960153,0.0006231814173700556,99.47865797550136
B0005,24,57,2.7,1.8251136435078368,3235.703,3579.7819999999997,1663.906,3.7922408166104677,3.6747634736156343,5.945871639697774,0.000814299052663614,99.44231044709169
B0005,25,61,2.7,1.8255815042203762,3238.422,3600.453,1664.4379999999974,3.7921731048426546,3.6743435182261597,5.919905875823112,0.0007979366810229038,99.46780209271486
B0005,26,65,2.7,1.8140311275083907,3229.0,3612.9530000000004,1645.438,3.7921759195273426,3.673445120104825,5.933394166406043,0.001004154526594192,98.83847352960876
B0005,27,69,2.7,1.8147691941158939,3193.797,3642.359,1664.484,3.7906740539827095,3.671918870594038,5.9471336095292315,0.0006169477050761429,98.87868749051748
B0005,28,73,2.7,1.813969388710352,3194.641,3626.8749999999995,1643.969,3.7902515199031583,3.670982612098416,5.965467266375562,0.0007161483514650513,98.83510965758742
B0005,29,77,2.7,1.802765665167823,3195.984,3635.516,1643.8909999999998,3.790730012163508,3.670558756939324,5.946635514576247,0.00077452996252525,98.224668681135
B0005,30,81,2.7,1.804077040117352,3161.766,3628.4529999999972,1627.1570000000002,3.790073982412765,3.669843697450713,5.947606169755403,0.00019037604808413988,98.29611965916449
B0005,31,85,2.7,1.8518025516704486,3190.625,3626.4689999999987,1630.25,3.7998861288723575,3.676422595169591,6.077269345157816,0.20786132394619328,100.89647013760795
B0005,32,89,2.7,1.8307038456739428,3219.484,3624.485,1639.531,3.8007325361442175,3.6760313589478724,5.934726265674875,0.20399053721134575,99.74689565538343
B0005,33,93,2.7,1.8199041089501267,3186.093,3634.157,1620.672,3.7990086427334075,3.673606465188683,5.9054178326305795,0.20472970031374516,99.1584661206765
B0005,34,97,2.7,1.8093079637028517,3149.047,3654.4999999999995,1601.5320000000002,3.7953487508988437,3.669835688594306,5.9920885992606365,0.20575264795544257,98.58112937840285
B0005,35,101,2.7,1.80460990458052,3112.188,3728.4529999999995,1583.609,3.795107967741571,3.66866512683166,5.8963784216506525,0.20625755213661856,98.3251530695283
B0005,36,105,2.7,1.7993770651972192,3102.5,3720.3900000000003,1593.1100000000001,3.7964102931370887,3.66959981258889,5.9721094666830865,0.2054612134731495,98.04003896700381
B0005,37,109,2.7,1.7884432335370462,3087.985,3696.609,1564.2350000000001,3.793637942375946,3.6664287962256648,5.926962910975682,0.20595389181032253,97.44430319668902
B0005,38,113,2.7,1.7829230484252723,3054.062,3741.813,1555.1409999999998,3.791965127579962,3.6643804054020683,6.011308409332916,0.20709753411732024,97.14353290571941
B0005,39,117,2.7,1.7730337158018288,3031.734,3792.485,1545.828,3.7892239033376898,3.6614332648807624,6.070670904050118,0.20787264360914248,96.60470723403965
B0005,40,121,2.7,1.773037755078937,3001.938,3802.7029999999995,1536.484,3.7894321759231353,3.6610761818896345,6.089563795474639,0.20797788073332812,96.60492731625185
B0005,41,125,2.7,1.7678721106662054,3003.828,3807.7500000000005,1536.266,3.7913631840782003,3.6623438779915864,6.059012848311969,0.2065059219128389,96.32347436827932
B0005,42,129,2.7,1.7623150704093087,2995.328,3773.4060000000004,1527.016,3.791710630613523,3.66187473208337,6.023680527634269,0.20597049438684323,96.020696004664
B0005,43,133,2.7,1.7676172924938447,2979.047,3771.078,1511.3899999999999,3.790077409379037,3.659531338857386,5.880346891287093,0.00037730498535104573,96.30959046143683
B0005,44,135,2.7,1.762668359743147,3001.297,3796.8120000000004,1518.0629999999999,3.78972789486251,3.659215983064996,5.945123126650312,0.20696113334504318,96.03994516634671
B0005,45,139,2.7,1.7517304870664143,2970.328,3819.079,1489.2810000000002,3.7854777554898225,3.654701162737284,6.043889660346803,0.20887683500893095,95.44398921904477
B0005,46,143,2.7,1.7418496047960008,2936.468,3856.6100000000006,1480.031,3.783810050842298,3.65261847316545,6.096342197907973,0.20946465026231031,94.90562396945016
B0005,47,147,2.7,1.7360913511847138,2908.312,3870.875,1470.453,3.782345637244233,3.6505160562488745,6.096524240479955,0.20994420893887522,94.59188238668158
B0005,48,149,2.7,1.7936240148573608,2923.735,3659.0619999999994,1573.937,3.7997350439234223,3.668905831236334,5.6325161793071885,0.1999137122458423,97.72658088731164
B0005,49,153,2.7,1.7831890223273275,3149.735,3588.922,1564.3600000000001,3.8019700386537156,3.6687706254265446,5.726973028513928,0.20148852751277913,97.15802463856744
B0005,50,157,2.7,1.7673642076278957,3075.5,3653.2659999999996,1526.875,3.7956108258117216,3.6623248145415412,5.850949948442359,0.20440122451428833,96.29580099473776
B0005,51,161,2.7,1.7570177850353066,3018.8439999999973,3708.547000000006,1498.8909999999998,3.79111593852219,3.657979828366176,5.874553426883459,0.2056040942100843,95.73207052725213
B0005,52,165,2.7,1.7468706179837907,2980.953,3751.078,1480.547,3.7881701113234185,3.65455735079922,5.929569544040959,0.20741802079519056,95.17919660639538
B0005,53,169,2.7,1.7417172507457144,2942.875,3796.938,1479.766,3.7868040355393253,3.652872068382225,5.9643294469626476,0.2077083935849302,94.89841258696758
B0005,54,173,2.7,1.7364225056478186,2929.656,3802.031,1461.219,3.787102096793365,3.6527320954283797,5.979435749216627,0.20704749781218013,94.60992551788229
B0005,55,177,2.7,1.7263217239235826,2910.891,3767.484,1442.797,3.7843667688454015,3.649650607553958,5.95507589594088,0.20788371912812087,94.05957892683425
B0005,56,181,2.7,1.7158065389330133,2878.6879999999946,3872.125,1433.437,3.7816363376936497,3.6465658379898422,5.9881741365343935,0.208985791145599,93.48665334822148
B0005,57,185,2.7,1.710533351135192,2844.781,3894.469,1423.407,3.7801794782422666,3.644649952238944,6.037247053490923,0.2098706402883832,93.19934084036639
B0005,58,189,2.7,1.706014499648521,2820.546,3914.079,1424.14,3.7796864683204108,3.6440424287569484,6.104646748445543,0.20993407532630393,92.95312875708035
B0005,59,193,2.7,1.7003110272642588,2812.578,3921.2500000000005,1405.031,3.7807209795281196,3.6440674382948743,6.018486328073617,0.20898027227438076,92.64237195928878
B0005,60,197,2.7,1.6945798601797895,2791.906,3911.2659999999996,1395.484,3.7783627559715396,3.6417270878957306,6.029930160053482,0.21042696393954463,92.3301062006796
B0005,61,201,2.7,1.6849029086609286,2772.219,3937.656,1386.688,3.776316443302241,3.6395016448820336,6.048644870828671,0.21069207922944644,91.80285222910197
B0005,62,205,2.7,1.6744741591159717,2738.828,3989.984,1367.343,3.7736140759411954,3.6363518068412235,6.062897438275751,0.2117261183787762,91.23463613279831
B0005,63,209,2.7,1.6745692479879102,2705.875,4015.9219999999996,1367.579,3.7731990669157858,3.6358987147811765,6.143054972585293,0.21149145105945122,91.23981710175167
B0005,64,213,2.7,1.663716375981405,2711.203,3987.265,1348.781,3.772961426248587,3.6340807594899633,5.789786192782973,0.2104145597560798,90.64849246224092
B0005,65,215,2.7,1.659013868748246,2691.766,4013.4680000000003,1349.609,3.772685076391084,3.6342613596617284,6.110644901377437,0.21184795663911293,90.39227379562642
B0005,66,219,2.7,1.6538540573335014,2655.922,4047.266,1330.75,3.7689183957919474,3.6305136264173865,6.180520008585212,0.2128616694425891,90.11113866172468
B0005,67,223,2.7,1.642653782130131,2635.968,4094.8600000000006,1320.765,3.7659454018877137,3.6276671617197858,6.221788327937414,0.21390090488102587,89.50088556990856
B0005,68,227,2.7,1.6378578430223698,2603.172,4113.485000000001,1311.625,3.764203429716946,3.62541216281718,6.235470959633567,0.2146856602925573,89.23957621674263
B0005,69,231,2.7,1.6327350407099108,2590.406,4117.11,1302.031,3.763867537747401,3.62447784215009,6.2549137859788395,0.21429790210273447,88.96045754392645
B0005,70,235,2.7,1.6277528915533617,2568.594,4130.25,1292.6560000000059,3.762599583805946,3.62303951217199,6.250135239923882,0.2147353732304773,88.68900243488072
B0005,71,239,2.7,1.622125485521159,2551.546,4165.125,1282.797,3.7604323225058516,3.6206289829825815,6.281702262449066,0.21535106756350242,88.38239015369116
B0005,72,243,2.7,1.6113256603765849,2530.812,4182.688,1273.75,3.7589032584249407,3.6186539022486666,6.314028389442619,0.21627661663316067,87.79395580133108
B0005,73,247,2.7,1.6065631397488385,2497.61,4212.812,1264.6570000000002,3.75711052781172,3.616623632636774,6.339306244407897,0.21647351608844945,87.53446727224159
B0005,74,251,2.7,1.6015142233917594,2482.266,4238.2029999999995,1246.171,3.7553500806356785,3.6147465712364686,6.350287695503564,0.21716239988915964,87.25937431592733
B0005,75,255,2.7,1.590369231400328,2461.219,4268.734,1236.2189999999998,3.753604530322942,3.6124086710881476,6.379446185986243,0.21798801843706528,86.65213336000956
B0005,76,259,2.7,1.5857889968242211,2429.313,4279.797,1227.0,3.751472595794305,3.6101802578306113,6.397397910015901,0.21811928154870408,86.40257678567902
B0005,77,263,2.7,1.5849430707374117,2408.641,4293.343999999999,1207.922,3.751039616387688,3.608302292372421,6.280890520735966,0.21972906706310447,86.35648604232229
B0005,78,265,2.7,1.5955263892495937,2391.187,4307.36,1236.422,3.756343431120643,3.614205001198035,6.258592100777701,0.2169729308595314,86.93312391295159
B0005,79,269,2.7,1.5747301747801037,2427.125,4284.89,1199.125,3.747696184041258,3.6058668909187594,6.360993925385177,0.2197904149172616,85.80003084625105
B0005,80,273,2.7,1.5649019950937946,2365.953,4342.0470000000005,1190.094,3.7435471686132535,3.601411447983257,6.494413983005799,0.2217888409722537,85.26453712564232
B0005,81,277,2.7,1.5597659473370362,2332.422,4366.906000000001,1189.8600000000001,3.742513406685236,3.6000274059056836,6.528533562696474,0.22202488618014016,84.98469676758273
B0005,82,281,2.7,1.5594815668184234,2321.688,4371.093,1180.2649999999999,3.7434010805402624,3.6006746344488207,6.537771915941331,0.2211639308697566,84.96920214021112
B0005,83,285,2.7,1.55468935359061,2329.937,4355.079,1171.375,3.7441659231159785,3.6005833626403327,6.444002488552442,0.2206583655184451,84.7080957936425
B0005,84,289,2.7,1.5488741079890418,2312.25,4349.25,1161.4850000000001,3.741440790057456,3.5976554175266093,6.4617701292356635,0.221389968689234,84.39124897125735
B0005,85,293,2.7,1.538236598942558,2290.593,4402.813,1152.031,3.738560620017546,3.594452315961796,6.482735767366968,0.22328221142609594,83.81165849986563
B0005,86,297,2.7,1.527914258251028,2253.532,4419.296,1142.859,3.734389041989391,3.5902499611001004,6.582764979742688,0.22422319991554174,83.24924014786924
B0005,87,301,2.7,1.5285252629756445,2226.968,4461.1720000000005,1133.532,3.7342219198345408,3.589908372148587,6.6431271534597975,0.2242405693531171,83.28253107291718
B0005,88,305,2.7,1.522647325284378,2234.625,4443.359,1133.406,3.7357267703201362,3.5908713956113285,6.603359154033061,0.223388040962881,82.96226843789563
B0005,89,309,2.7,1.5174859938489869,2216.984,4412.078000000005,1123.953,3.734463469519245,3.589026385878209,6.589629454151936,0.22361119717461175,82.68105048484146
B0005,90,312,2.7,1.605818899130659,2256.0699999999997,4353.3515000000025,1161.594,3.7707308072923906,3.6165578343992846,6.493925895818506,0.2222627798084904,87.49391691700009
B0005,91,315,2.7,1.5638491446744425,2295.156,4294.625,1189.312,3.7506617421510677,3.605634416079842,6.452710384426123,0.21792388034752364,85.20717199737867
B0005,92,319,2.7,1.5480915247767786,2354.078,4289.735000000001,1161.469,3.7453998130581385,3.6001733785708505,6.443487111530892,0.21891783301767553,84.34860949890374
B0005,93,323,2.7,1.5323755631868592,2308.422,4333.9529999999995,1152.125,3.7414523845242065,3.5958439963033504,6.488923666279863,0.22038696249617074,83.49231677600481
B0005,94,327,2.7,1.5269528268489705,2262.297,4341.0,1133.484,3.73733100406282,3.591646427908927,6.563856001165693,0.22176133436187762,83.19685603453085
B0005,95,331,2.7,1.5169573017136326,2238.985,4385.9529999999995,1114.6100000000001,3.7349901717061953,3.5887420668825705,6.60709835540322,0.22293224218702523,82.65224440602998
B0005,96,335,2.7,1.5118975960142693,2209.406,4385.453,1114.828,3.733150497586106,3.5867741361241388,6.616746274996974,0.22348137348992214,82.37656358652771
B0005,97,339,2.7,1.5065638960681105,2194.141,4402.092999999997,1105.2820000000002,3.7317270774178293,3.585071719298051,6.640070992882652,0.2238621781651533,82.08595404132801
B0005,98,343,2.7,1.5015453526671363,2177.047,4430.5779999999995,1105.6399999999999,3.730310372874708,3.5830547883493495,6.654390676268683,0.22429310359193666,81.81251597206197
B0005,99,347,2.7,1.4908444050400238,2158.922,4449.468999999999,1086.344,3.728107634701225,3.580710309294081,6.695426521902789,0.22457207709889815,81.22946901506911
B0005,100,351,2.7,1.485868384561201,2131.562,4447.063,1077.2659999999998,3.726991351436327,3.5791836947112854,6.7013618852292645,0.22534267710955636,80.95834783036574
B0005,101,355,2.7,1.480413677976106,2116.0,4458.375,1077.422,3.724983800714286,3.5770271584077693,6.735616095638701,0.22614842035720262,80.66114517256833
B0005,102,359,2.7,1.4752095869031632,2101.422,4463.140999999994,1058.813,3.723771902135318,3.575237581486726,6.743033116394862,0.22661060656275156,80.37759743738408
B0005,103,363,2.7,1.4859035988304024,2082.031,4455.688,1077.391,3.7232135813764957,3.5753818921627563,6.6791145908648595,0.22578686024211914,80.96026649899359
B0005,104,366,2.7,1.4960918298136696,2080.859,4479.813,1087.125,3.7338504028562953,3.5848963002775616,6.629286377951473,0.22354664184116269,81.51537781052677
B0005,105,370,2.7,1.4808005946928984,2143.875,4471.89,1067.7970000000005,3.7268485187141756,3.5776403814303994,6.685338939232068,0.22536070163919675,80.68222654051783
B0005,106,374,2.7,1.4697543268466824,2101.844,4457.7029999999995,1058.422,3.723703174940337,3.5740817423608253,6.734681749988727,0.22617034939541458,80.08036462339693
B0005,107,378,2.7,1.4539012274845928,2067.61,4489.546,1039.688,3.7150478395330224,3.5670213169030602,6.796550050304273,0.22775375591218117,79.21659987432434
B0005,108,382,2.7,1.4541462067235693,2046.078,4496.141,1039.36,3.717283201141501,3.56762563484563,6.857277213426073,0.22842927019192194,79.22994770152516
B0005,109,386,2.7,1.455023751906683,2023.968,4524.125,1030.875,3.7182093899016637,3.568032914741775,6.815936409300161,0.22776760812909025,79.27776122855728
B0005,110,390,2.7,1.449042163761236,2029.125,4486.625,1030.843000000008,3.717011707494333,3.566271508625186,6.824390267544679,0.2281360404815147,78.95185114211304
B0005,111,394,2.7,1.4386709371480566,2016.047,4500.625,1011.7189999999998,3.713889358715035,3.562584745704401,6.8676877067609325,0.22994994930660928,78.38676921406241
B0005,112,398,2.7,1.433445432156979,1975.234,4527.860000000001,1002.0629999999999,3.7112870395502684,3.5599336113661213,6.945918732667966,0.2309371361856547,78.10205472989097
B0005,113,402,2.7,1.4333958900838095,1962.562,4556.469,1001.9680000000001,3.7114035520387425,3.559779868582781,6.941676581396788,0.23006058619874814,78.09935540306394
B0005,114,406,2.7,1.42806487344776,1965.516,4521.5,1002.328,3.711616318311156,3.5594791389987024,6.91148893187713,0.22972885453895397,77.80889205947634
B0005,115,410,2.7,1.4229203181741186,1955.329,4527.75,993.2660000000001,3.709783404647053,3.5573265982854734,6.915813875294059,0.2309909703694979,77.52858816472795
B0005,116,414,2.7,1.417429032731308,1935.562,4556.782,983.703,3.7066853127595936,3.553937470751437,6.971327575815067,0.23181527156458737,77.22939248795461
B0005,117,418,2.7,1.412409228794446,1915.578,4568.9529999999995,974.687,3.7038616258135693,3.5508417496378937,7.029256465880753,0.2336634141685221,76.95588573770452
B0005,118,422,2.7,1.412578792940193,1899.187,4585.375,983.672,3.704318426401038,3.5513479886553463,7.026003948258609,0.23299010697037303,76.9651245324952
B0005,119,426,2.7,1.4075983731469897,1903.156,4573.094,974.656,3.705498285850629,3.5522086567292783,6.982607518686915,0.23193349715547384,76.69376364875282
B0005,120,430,2.7,1.4333920485221476,1896.734,4549.406999999999,1002.718,3.70966334493334,3.5587486874790337,6.6490755078566615,0.22945043098929352,78.09914609348549
B0005,121,432,2.7,1.4382550176792908,1975.562,4521.344,1011.7649999999999,3.7175072923310406,3.5646021217361867,6.799687709267449,0.22836865847769117,78.36410761538271
B0005,122,436,2.7,1.4173547174485526,1979.032,4500.045999999994,983.656,3.7087590091355667,3.555487586525406,6.887125181169232,0.23137136853536733,77.22534337931691
B0005,123,440,2.7,1.406981663677643,1921.156,4531.578,974.594,3.7039787262097175,3.550338520846309,6.965866119592349,0.2331325070849295,76.66016189758265
B0005,124,444,2.7,1.4012037783587625,1885.984,4591.235000000001,955.203,3.7010875050614707,3.5470884748581906,7.03214053163547,0.2345698449121545,76.34535067053845
B0005,125,448,2.7,1.3967008232726328,1868.953,4579.687,955.8749999999999,3.6992467038021313,3.54484011838736,7.058237922015948,0.23497898899112402,76.10000471128981
B0005,126,452,2.7,1.391284788852726,1852.625,4590.937,946.359,3.6973279944113546,3.5427862675318327,7.087053127545744,0.23560999682567152,75.80490912746559
B0005,127,456,2.7,1.3862287677978349,1839.172000000006,4581.686999999991,946.125,3.695018298555369,3.5401784200729343,7.129840239663128,0.23646888911047137,75.52942906782329
B0005,128,460,2.7,1.3804366761974138,1824.531,4584.344,927.0930000000001,3.6925894426017654,3.537629550664455,7.151792010211402,0.23715848468808343,75.21384380379553
B0005,129,464,2.7,1.3752364150256224,1805.125,4628.859,927.0629999999999,3.6913521846746655,3.5358711750568315,7.1739102982895915,0.23805373362046067,74.93050474286049
B0005,130,468,2.7,1.3705128024895008,1789.187,4609.985,918.344,3.6886525586894323,3.5332509936016523,7.205887027081008,0.2386132436313404,74.6731361423245
B0005,131,472,2.7,1.3705085566270399,1782.312,4648.2660000000005,918.031,3.6887968188394904,3.5325646969668028,7.2302543037579845,0.23905193474099473,74.67290480419689
B0005,132,476,2.7,1.3647355108681518,1773.3589999999967,4635.843999999997,908.5930000000001,3.686635462878359,3.5303969014322547,7.25348501732314,0.23971015202584356,74.3583572632135
B0005,133,480,2.7,1.375392016895762,1756.672,4621.031000000001,936.641,3.6910703742240782,3.536227808619292,7.0430326572600315,0.2337959570765813,74.93898279546374
B0005,134,482,2.7,1.3861115151535393,1769.375,4627.156,936.9069999999999,3.7004639175180727,3.5438454729732984,7.066337537382992,0.23489393351737098,75.52304049366722
B0005,135,484,2.7,1.3698500035838939,1849.11,4492.89,926.922,3.69290526344842,3.5363846741978824,7.201199755372059,0.23747349430620668,74.63702318312887
B0005,136,488,2.7,1.3647827949260758,1777.656,4596.204,908.5619999999999,3.688117420260347,3.5312097388539683,7.275543700648619,0.2388126169911713,74.36093356085064
B0005,137,492,2.7,1.3543220466259964,1759.656,4627.031,908.5619999999999,3.6844117450791165,3.5273274138307125,7.333459968128583,0.24033665212065358,73.79097399495421
B0005,138,496,2.7,1.3546417018378962,1733.75,4636.437,899.469,3.6855687067200673,3.528216848066213,7.331968827715809,0.23962312652444195,73.80839058319289
B0005,139,500,2.7,1.3547039213192407,1741.985,4591.531,899.531,3.685763684797089,3.528170770864415,7.288376039038106,0.2393631856888705,73.81178064550583
B0005,140,504,2.7,1.349314997503458,1738.282,4586.531,890.203,3.6832842124844785,3.525006128367128,7.3202836263271145,0.24083978561509944,73.51816219770616
B0005,141,508,2.7,1.3441891937970554,1714.016,4642.718999999999,880.579,3.6795229281785335,3.5210915963015164,7.393076472379338,0.24297086752883068,73.238879992307
B0005,142,512,2.7,1.3389913790695755,1691.468,4651.594,870.984,3.6766110016212443,3.5179078761888376,7.478099352423094,0.24359775103405612,72.95567422722212
B0005,143,516,2.7,1.3389145230206971,1679.468,4679.0470000000005,880.4689999999999,3.67783016180967,3.519038265420739,7.477786449068436,0.24285629621690008,72.95148668355903
B0005,144,520,2.7,1.3340066759761655,1685.657,4628.375,871.297,3.677758512790562,3.5184627620767532,7.419761847408289,0.24294347666625615,72.68407996553617
B0005,145,524,2.7,1.3286444309174914,1668.781,4648.671999999994,861.8600000000001,3.673749021234638,3.514519247762122,7.463255396124765,0.24424647523330023,72.39191512434131
B0005,146,528,2.7,1.3231708992276219,1651.047,4692.125,852.3589999999999,3.6706087508054095,3.511001954812808,7.553497609976688,0.24607259238267876,72.09368677046201
B0005,147,532,2.7,1.3181691588445197,1627.86,4753.656,852.5469999999999,3.6689077681484292,3.5091826252696023,7.639273810671728,0.24702555664459247,71.82116422277218
B0005,148,536,2.7,1.3184664436640334,1620.422,4679.718000000001,852.4839999999999,3.6706399303645085,3.5107895580408703,7.598209583772903,0.24550298285219618,71.83736194800342
B0005,149,540,2.7,1.318293040102702,1626.172,4682.531000000001,843.157,3.6699735803143163,3.5097050632422797,7.571112673546697,0.2459390841616549,71.82791396056443
B0005,150,544,2.7,1.323872422244268,1621.172,4685.8750000000055,852.578,3.664026536588853,3.5075430518301367,7.534915924012449,0.24803544653446474,72.13190963392874
B0005,151,547,2.7,1.3601216766554785,1567.672,4872.6720000000005,889.9380000000001,3.68792425979935,3.528631326785965,7.295971435185248,0.2408952814294527,74.10696999439322
B0005,152,551,2.7,1.3395306867947354,1736.766,4659.389999999999,870.86,3.6790228525677575,3.5199326369197292,7.415689719314621,0.24249622661418657,72.98505870222324
B0005,153,555,2.7,1.3290286565120697,1688.078,4611.641,861.8600000000001,3.674783750939576,3.515442391887931,7.459702888023138,0.24426997983049903,72.41284986503194
B0005,154,559,2.7,1.3236741274998955,1655.875,4648.437,861.89,3.672520322619188,3.5124955957517217,7.528728040487135,0.24505806397261765,72.1211054368312
B0005,155,563,2.7,1.318633896753293,1636.422,4648.406000000001,843.391,3.6693604878328987,3.509482303003782,7.557021092543366,0.24616473697408248,71.84648572073215
B0005,156,567,2.7,1.3134751321324272,1623.312,4673.781,843.4999999999999,3.667980186066547,3.5075065641026373,7.605752025792999,0.24716905076520845,71.56540762196474
B0005,157,571,2.7,1.3132020634442203,1608.797,4674.264999999999,843.0630000000001,3.6671177137315913,3.5063072622648845,7.6042774865692415,0.24746506738220564,71.55052932583088
B0005,158,575,2.7,1.3077959946944353,1602.578,4684.641,833.7180000000001,3.665107715178445,3.5040848239837565,7.645787672183712,0.24809299127071194,71.2559767269685
B0005,159,579,2.7,1.3030329186405918,1589.234,4707.9220000000005,824.437,3.663611751538316,3.5023198752831557,7.664112432896715,0.24883022380206077,70.99645793518573
B0005,160,583,2.7,1.3033573559038205,1578.844,4695.641,824.453,3.6630460225752874,3.5018272762376204,7.653022187054603,0.2483398546807951,71.01413507609438
B0005,161,587,2.7,1.3034100438655642,1578.671,4730.344,824.1410000000001,3.6625912352438084,3.5009073530153447,7.677705761968436,0.24886216011233442,71.01700580837299
B0005,162,591,2.7,1.2978870806495706,1575.265,4714.204,815.062,3.661681585469655,3.499586062540416,7.684535048568769,0.2488949408025749,70.7160841508826
B0005,163,595,2.7,1.2980735056918902,1563.25,4677.406,814.812,3.6602961203924114,3.498033710972083,7.702354587217979,0.25023313067712216,70.72624162080201
B0005,164,599,2.7,1.293463613844243,1559.469,4705.938,815.031,3.659533256340665,3.4969920050370766,7.733826858221615,0.24993517273258048,70.47506915388638
B0005,165,603,2.7,1.288003392619118,1547.125,4709.578,805.687,3.6583616425188663,3.4957626967594244,7.744679388615118,0.2500085211308125,70.17756602792481
B0005,166,607,2.7,1.2874525221379407,1536.906,4683.375,805.312,3.657787821537761,3.4949031073728287,7.744134671613644,0.250214451781555,70.14755154986739
B0005,167,611,2.7,1.3090153642307354,1535.297,4668.3279999999995,833.7660000000001,3.6673515959669563,3.5079060497419863,6.988466804337882,0.24251180274426787,71.32241473997104
B0005,168,613,2.7,1.3250793286429356,1582.203,4771.0779999999995,852.4689999999999,3.681403335832741,3.5179284231840278,7.100517209574637,0.24223256836011675,72.19766858609253
B0006,1,1,2.5,2.035337591005598,3608.812,4136.688,1792.813,3.7842616717017967,3.6786618042573425,5.901461412923489,0.0,101.0932762801604
B0006,2,3,2.5,2.0251402460314116,3608.812,4136.688,1813.968,3.789022371413228,3.6821099875376357,5.695022493707167,0.0003425691277287868,100.58678388432635
B0006,3,5,2.5,2.013326371345464,3617.391,4079.4059999999995,1814.562,3.791433382440484,3.6840039362113894,5.6093970650226765,0.0,100.0
B0006,4,7,2.5,2.0132846655407413,3570.687,4065.094,1814.75,3.7925611241010886,3.6841476821096166,5.580497013692479,0.0,99.9979285124699
B0006,5,9,2.5,2.000528337624771,3544.828,4077.9680000000003,1813.703,3.7924151086701277,3.6836298301163772,5.514623205687528,0.0,99.36433387537956
B0006,6,11,2.5,2.0138990759931645,3547.0,4087.7030000000004,1797.922,3.8033081100129302,3.6923830214713362,5.779271706019838,2.9497003009026912e-05,100.02844569344799
B0006,7,13,2.5,2.013101105626967,3512.532,4048.9210000000003,1796.812,3.8048505464371782,3.693327725469715,5.75153671912669,0.0,99.98881126668269
B0006,8,15,2.5,1.9687898262728398,3512.328,4068.3120000000004,1796.625,3.7922191252504063,3.6826186305933892,5.5449069092671515,0.000199674724462362,97.78791229745522
B0006,9,17,2.5,1.9681661764334244,3481.453,4077.6880000000033,1776.234,3.7912464375132116,3.6813783393701245,5.565546509056411,0.0,97.7569362049403
B0006,10,19,2.5,1.9572307917560536,3451.36,4081.4689999999996,1758.0310000000002,3.791381194835292,3.6804778496581747,5.530857035409792,0.00016798943790075072,97.21378608119444
B0006,11,21,2.5,1.9455991514129352,3448.75,4088.6409999999996,1758.1399999999999,3.7910221537888433,3.6798844463602913,5.54953973103321,0.00011560504588903342,96.63605360281115
B0006,12,24,2.5,1.9347505044841131,3404.9375,4079.3675,1720.312,3.791346655195563,3.6790304024334293,5.538852473620977,0.0,96.09721166028137
B0006,13,26,2.5,1.9232799539368028,3361.125,4070.094,1701.9679999999998,3.79076448478645,3.6775861502617957,5.381944064521932,0.0,95.5274803583641
B0006,14,28,2.5,1.911889930948487,3334.8589999999967,4089.3589999999967,1701.422,3.7910263911295714,3.676930783923474,5.443296483713347,0.0,94.96174878347274
B0006,15,30,2.5,1.9010667141979305,3312.657,4058.218,1663.609,3.788458660536848,3.6742951421041035,5.481360312443993,0.0,94.42416993363513
B0006,16,32,2.5,1.8891989948061458,3300.125,4113.203,1661.844,3.78511751223141,3.6709503656898965,5.5649374374849,0.0,93.83471163414175
B0006,17,34,2.5,1.878278372248849,3267.671,4148.844000000001,1644.016,3.7860178551641552,3.670437472548188,5.524482016408641,0.0,93.29229473081578
B0006,18,36,2.5,1.8675697161520206,3233.672,4148.4220000000005,1625.297,3.783995646309813,3.6680908294887673,5.541087634951058,0.00018019768173616058,92.76040599934936
B0006,19,38,2.5,1.8675892574453767,3207.438,4147.297,1605.969,3.7844570792234165,3.6672196710640286,5.4990674490351275,0.0,92.7613765967465
B0006,20,41,2.5,1.979626548250818,3177.484,4000.203,1777.859,3.79498923372272,3.685096999801178,5.220207944937364,0.00014701293127483694,98.32616193905386
B0006,21,45,2.5,1.9575499080884022,3507.391,3928.3900000000026,1759.4850000000001,3.795997244955607,3.684710480786713,5.149169433405415,4.266928021756655e-05,97.22963628496123
B0006,22,49,2.5,1.9458150170787551,3450.968,3967.313,1721.922,3.7950373750444824,3.6821403228914753,5.147658641300339,7.791876045537549e-05,96.64677544448035
B0006,23,53,2.5,1.9242461121680094,3406.031,3961.844,1701.484,3.7916567090615314,3.6780907288685643,5.186220064374819,0.0,95.57546851592055
B0006,24,57,2.5,1.9459811331421641,3341.813,4024.1719999999996,1683.625,3.801375231471636,3.6843688340081036,5.250250458421068,0.0,96.65502627086266
B0006,25,61,2.5,1.901407930553079,3285.547,4031.3749999999995,1644.983999999994,3.7883498233705173,3.6727664629763743,5.215000967583787,4.120378781635736e-05,94.4411178244493
B0006,26,65,2.5,1.878674213680085,3240.875,4063.344,1625.172,3.783235357866935,3.66748509173609,5.232240951258333,0.0002510869043357289,93.31195579704278
B0006,27,69,2.5,1.8683061328264219,3228.563,4067.843,1607.313,3.783969415549453,3.666508530005807,5.250725033454124,0.0,92.79698311297001
B0006,28,73,2.5,1.8560244070082998,3171.641,4181.9529999999995,1586.219,3.7821653802783697,3.6638780319600706,5.270623708895453,0.00033907184337600427,92.18696150927371
B0006,29,77,2.5,1.8451997961855777,3138.922,4173.281000000001,1566.781,3.7777463858778044,3.659504169262956,5.293298101886183,0.0,91.64931341720167
B0006,30,81,2.5,1.857228890885317,3105.203,4182.578000000003,1532.719,3.789484450160956,3.6673524417996126,5.338455407526006,1.939725607336129e-05,92.24678707427698
B0006,31,85,2.5,1.9247760889090635,3162.3435,4184.265500000001,1601.954,3.792325055870802,3.6715196217235992,5.314492981446705,0.2122498639257251,95.60179195501104
B0006,32,89,2.5,1.8822317526092551,3219.484,4185.9529999999995,1564.687,3.790102492116339,3.6674847692874724,5.170469495425852,0.20931086047261305,93.48865536149506
B0006,33,93,2.5,1.855276687885587,3136.781,4157.6720000000005,1527.016,3.785838027040656,3.6618154109306493,5.176174563053976,0.21104033407042522,92.14982301382882
B0006,34,97,2.5,1.8392508917181876,3079.438,4224.5779999999995,1489.141,3.782231230444309,3.6569750393321083,5.254937985209104,0.2133404474260403,91.35383700800854
B0006,35,101,2.5,1.8185396073994429,3024.516,4267.155999999999,1461.828,3.777140113840845,3.650963075951691,5.242620081067482,0.21365143299130018,90.32512727601889
B0006,36,105,2.5,1.8134770059567056,2991.328,4285.484,1452.609,3.779378011155116,3.651948697983551,5.291641894073269,0.21369085674037747,90.07367269246052
B0006,37,109,2.5,1.7971018450305436,2961.688,4305.891,1433.063,3.775318678534646,3.6466634599854144,5.235034819673096,0.21504957084790144,89.26033407239275
B0006,38,113,2.5,1.7810046294120476,2915.031,4328.952999999997,1414.688,3.770278193499773,3.640948025261686,5.37178116049925,0.2167567484632782,88.46080073057601
B0006,39,117,2.5,1.7710130422682329,2872.094,4368.2029999999995,1377.203,3.7680006266199886,3.637350540915148,5.394572288011528,0.2186463694661387,87.96452812986809
B0006,40,121,2.5,1.7604712448170943,2831.953,4417.875,1367.797,3.766857628859615,3.63522698879947,5.494747515612097,0.21898355200028652,87.44092710813737
B0006,41,125,2.5,1.7502913788006587,2808.14,4399.141,1358.406,3.7669229963461057,3.6344665435998,5.4942224586259485,0.2179522744400515,86.93530287545856
B0006,42,129,2.5,1.7394925037732578,2786.422,4380.968999999999,1339.688,3.7648854853466918,3.631392803385692,5.478879154098852,0.218559788415289,86.39893305578624
B0006,43,133,2.5,1.7546766553637203,2757.625,4405.687000000005,1358.625,3.760165272463715,3.6286367710552763,5.435443594939226,0.0,87.15311537846229
B0006,44,135,2.5,1.7659390941842175,2762.094,4408.312,1349.469,3.770178719622906,3.635347000454917,5.338548175387768,0.21916727629394428,87.712509969463
B0006,45,139,2.5,1.7337887419624838,2782.672,4574.0779999999995,1301.75,3.7593855055304086,3.6240018010567745,5.617316491939565,0.22193699882034412,86.11563264846271
B0006,46,143,2.5,1.713325912040734,2710.171,4516.454,1283.125,3.7538714743574078,3.6177119964320372,5.61868768549045,0.22324719670233062,85.09926340932762
B0006,47,147,2.5,1.7024077813673466,2663.594,4549.093,1264.5,3.7517702386879432,3.614232861252495,5.698985916572756,0.22500206280847213,84.55697027549802
B0006,48,149,2.5,1.82371946178183,2666.157,4300.671,1470.969,3.7773533148842744,3.6485091728916585,4.923787927791725,0.20910574064631327,90.58240570122153
B0006,49,153,2.5,1.8081284050314708,3067.11,4160.375,1414.2659999999998,3.781454232605734,3.6471443042746894,5.099705545598635,0.21169980924388465,89.80801278747153
B0006,50,157,2.5,1.7757610945034283,2941.344,4232.609,1358.4370000000001,3.772632965253971,3.636761782186009,5.1844806900046585,0.21571287424124197,88.20035935439144
B0006,51,161,2.5,1.7447409841836798,2841.375,4360.391000000003,1320.9679999999998,3.7621391984636676,3.6260185586285916,5.395187326210333,0.2183407726458153,86.659620070327
B0006,52,165,2.5,1.729207034132373,2775.14,4407.906000000001,1283.797,3.7597960976013107,3.621398494050784,5.48141898193105,0.22083862832784318,85.88806359183485
B0006,53,169,2.5,1.7081086552553244,2708.656,4470.532,1264.359,3.7534540561368406,3.6148482763863967,5.557931522290367,0.22226826187505555,84.84012724245157
B0006,54,173,2.5,1.6975954237461768,2669.703,4501.4220000000005,1245.6090000000002,3.752591851619005,3.612279364864442,5.594237024588804,0.2229396843346425,84.31794506380548
B0006,55,177,2.5,1.6820634524029463,2630.531,4554.016,1217.75,3.7480872214848953,3.6068849343653024,5.6434394663352485,0.22546315264392147,83.54648686585566
B0006,56,181,2.5,1.6714768322295086,2582.875,4563.6570000000065,1199.296,3.744760270130191,3.602317747560847,5.7031079950184065,0.22719119235085428,83.0206595422726
B0006,57,185,2.5,1.6607591387047655,2538.593,4596.4220000000005,1179.844,3.74009168765868,3.597419468053836,5.786433174925019,0.22912071436530068,82.48832193038403
B0006,58,189,2.5,1.651121015038069,2506.453,4658.906000000001,1161.828,3.7367741761317403,3.593630758646864,5.843512929576772,0.22969490093291522,82.00960552335384
B0006,59,193,2.5,1.6401349256190927,2486.0,4658.171,1142.907,3.7362415372485307,3.5919724825635857,5.7102244468260785,0.22918003612715898,81.46393694346857
B0006,60,197,2.5,1.6291999416165441,2450.015,4692.563,1133.266,3.7315979475772787,3.5868800521933775,5.889890539709814,0.23161823458397146,80.92080672085886
B0006,61,201,2.5,1.6088496302961666,2412.391,4748.609,1115.031,3.7236444381547074,3.5798852700297603,5.932445545215689,0.23324845202070765,79.91002617330274
B0006,62,205,2.5,1.6035244898969248,2365.953,4764.5,1095.515,3.720421503936389,3.575097679347256,5.932509852243484,0.2357803528137974,79.64553153025672
B0006,63,209,2.5,1.5989712144027983,2332.938,4819.593,1086.422,3.719418693929481,3.5736494649947335,6.090959692643494,0.2362526358153918,79.4193746806306
B0006,64,213,2.5,1.5876273123575604,2317.625,4788.296,1058.4679999999998,3.716329122535403,3.56920135338334,5.531311132954503,0.2370183802384931,78.85593388897908
B0006,65,215,2.5,1.5829719744686166,2295.547,4793.812,1058.922,3.717585537711631,3.5694947214306874,5.863178221513174,0.23997813263936152,78.6247076975776
B0006,66,219,2.5,1.567137636713563,2249.813,4869.406,1040.094,3.7068059473634514,3.5600913228121134,5.955256668726669,0.24066667065991254,77.8382312484328
B0006,67,223,2.5,1.5613446139713882,2214.312,4889.0160000000005,1021.109,3.7045616936493593,3.5564806769834316,6.016113443513518,0.2424769708425627,77.55049733580822
B0006,68,227,2.5,1.5511711892790419,2179.235,4941.859,1011.781,3.700430953691667,3.552440052175491,6.068038668494278,0.24392647311459914,77.04519303755141
B0006,69,231,2.5,1.5406741606295171,2148.281,4955.063,1002.2660000000001,3.6975181832257995,3.5490085971542196,6.1041242851116415,0.2452236993202277,76.52381563948407
B0006,70,235,2.5,1.5253138744624433,2129.031,4956.938,993.0000000000059,3.6896759002411894,3.5428376324055377,6.153428154295149,0.24650029275329954,75.76088488043337
B0006,71,239,2.5,1.5301570318067428,2104.093,5011.313,974.265,3.692029016905684,3.542205132346184,6.190855513830485,0.2475581944154337,76.00143988498849
B0006,72,243,2.5,1.5246566834474087,2068.297,4994.514999999999,974.047,3.68918766580232,3.538792632887244,6.228847891378187,0.24852120207003825,75.72824282972623
B0006,73,247,2.5,1.5145492986655427,2040.016,5045.891,955.453,3.6851920927246553,3.5348493363713143,6.284763958811563,0.2505244411221379,75.22621867081595
B0006,74,251,2.5,1.509391504602082,2008.891,5078.343000000001,946.36,3.6824685259250924,3.531570957879671,6.308839700926203,0.25182645384764113,74.97003596060718
B0006,75,255,2.5,1.5039974333050705,1986.172,5084.2970000000005,936.781,3.679236616332523,3.5278311454303184,6.378820811907161,0.25313488906036374,74.70211758563418
B0006,76,259,2.5,1.4935201918040188,1963.641,5115.109,917.8750000000001,3.6747115027071082,3.5231353863468704,6.410486508618689,0.2542797917107853,74.18172299635307
B0006,77,263,2.5,1.4876323024497422,1930.531,5126.5470000000005,917.75,3.672128591980075,3.5197223435582266,6.431752300723982,0.25580371190597795,73.88927714961527
B0006,78,265,2.5,1.5302876214401704,1810.344,5147.265,955.3280000000001,3.6929920430320635,3.5407676032813162,6.333920997584929,0.24907295684719832,76.0079261474885
B0006,79,269,2.5,1.5040760088360112,2010.375,5155.625,927.344,3.6763298385693703,3.5249894344197075,6.525155767739243,0.2527992553528682,74.70602035728906
B0006,80,273,2.5,1.4887593608730894,1921.39,5211.579,899.5159999999998,3.6690294833929844,3.5170661946651376,6.728497252397826,0.256591567671832,73.94525706620445
B0006,81,277,2.5,1.4782779285546637,1882.906,5252.984,890.3749999999999,3.663688672534057,3.511994480390995,6.786449464450264,0.25829992266997914,73.42465432302272
B0006,82,281,2.5,1.478459982215684,1856.016,5255.780999999999,890.0,3.6658386991323035,3.512621421738627,6.839550680014053,0.2583589877247401,73.43369675467272
B0006,83,285,2.5,1.473214844899973,1854.687,5287.157,890.1410000000001,3.6656067714511504,3.511878702863515,6.776119207822386,0.2575813082383207,73.1731757884567
B0006,84,289,2.5,1.4675164935067897,1833.641,5206.265000000003,871.0160000000001,3.661351205948656,3.5070703024014827,6.830460816201647,0.25989695844277527,72.89014411141295
B0006,85,293,2.5,1.4516292657521335,1807.531,5296.187,852.25,3.654688844722777,3.5005828543809847,6.839998868322496,0.2615979458407316,72.10104066644892
B0006,86,297,2.5,1.4519237720967177,1769.922,5333.610000000001,852.719,3.6515801486747446,3.4959846331463464,6.951248292385557,0.2645083814463942,72.11566851560323
B0006,87,301,2.5,1.4471484694777745,1738.906,5321.812,843.359,3.6508291379120923,3.4952171649858705,7.057063600913612,0.2645349943890576,71.87848379051806
B0006,88,305,2.5,1.4468538105659885,1738.39,5274.36,843.313,3.651613930253736,3.495748875933265,6.992907109829705,0.2634109593088776,71.8638483634964
B0006,89,309,2.5,1.4416741930284678,1736.156,5259.641000000006,842.9680000000001,3.6501741223784108,3.4940156261711808,7.009424421444464,0.26392551106161877,71.6065817021523
B0006,91,315,2.5,1.5463902376915637,1848.016,5131.8279999999995,955.3589999999999,3.6908546659324712,3.539235014039316,6.379802875681481,0.24826585356451636,76.80772773358865
B0006,92,319,2.5,1.51470559175661,2014.219,5089.312,927.2660000000001,3.6771263166426387,3.526380547145674,6.420625407357843,0.25013260300123097,75.23398159953389
B0006,93,323,2.5,1.4989786083335404,1935.687,5148.938,899.203,3.670549169683769,3.5183318026084374,6.501840973991246,0.25351121754867023,74.45283733763465
B0006,94,327,2.5,1.4831110745410492,1874.141,5159.812,880.6400000000001,3.6643476410988303,3.5110896330610073,6.641898232433199,0.25579719778505083,73.66471207298184
B0006,95,331,2.5,1.4729664825468278,1822.375,5212.875,861.875,3.658897182207561,3.5050618895945242,6.704040895435373,0.25804629285279557,73.16083986733236
B0006,96,335,2.5,1.4627604396099307,1787.969,5284.156,852.75,3.6556448876000416,3.5010163952157933,6.767328244145482,0.25927162983648566,72.65391545198896
B0006,97,339,2.5,1.4518364681062514,1759.609,5238.249999999996,843.1880000000001,3.652435620900597,3.497436606851445,6.796546381563829,0.26081685935335575,72.11133220969134
B0006,98,343,2.5,1.4468670644030392,1737.438,5251.406,834.125,3.6481438745617107,3.4932046523063556,6.810517143645345,0.26152485980792717,71.86450666893755
B0006,99,347,2.5,1.441380399427779,1711.704,5277.968,823.843,3.645941472862761,3.490057355729225,6.898663671117365,0.2637520259648949,71.59198925430728
B0006,100,351,2.5,1.431210744960774,1689.25,5270.656,815.0930000000001,3.643422143163357,3.487079967745341,6.932410635776893,0.26449515834487247,71.0868722195461
B0006,101,355,2.5,1.4260247179525716,1670.953,5281.813,805.688,3.6407447782470452,3.4839756134708675,6.965503354306289,0.26529027827111573,70.82928720590834
B0006,102,359,2.5,1.420487649966195,1653.844,5352.999999999997,796.453,3.6371970946983807,3.480418663473664,6.9870537057612765,0.2666333220843269,70.55426632180419
B0006,103,363,2.5,1.4207006230355006,1624.625,5300.219,805.6569999999999,3.6326648271936888,3.4792830964095014,7.164437815967307,0.2660910240229555,70.56484449096428
B0006,104,366,2.5,1.452255804330839,1595.468,5363.813,843.516,3.6536910858378566,3.499045413876349,6.856016124634031,0.2611561189930449,72.13216023988831
B0006,105,370,2.5,1.431557632772571,1730.422,5275.234,815.0160000000066,3.643012365359608,3.487597139433042,6.955052976120683,0.2627698907376952,71.104101806201
B0006,106,374,2.5,1.415015751158943,1668.015,5310.547,795.906,3.6355018660601863,3.480156705424103,7.02250036875483,0.2652277943873642,70.28248232865084
B0006,107,378,2.5,1.4097311506517451,1633.75,5295.938,777.406,3.6318280362467,3.47418899013758,7.10831779039038,0.26782258521471514,70.02000126336453
B0006,108,382,2.5,1.404917318129309,1591.437,5311.688,776.953,3.6295325219629655,3.4715844465939645,7.227889180757604,0.2696763477869317,69.7809027947333
B0006,109,386,2.5,1.395164296571563,1569.343,5322.219,768.8439999999999,3.626986149432067,3.4700358155960664,7.182609141318348,0.26886908973887236,69.29647951907587
B0006,110,390,2.5,1.3945343832614077,1569.265,5272.375,768.3909999999887,3.6278764522749283,3.4693172748721026,7.206679934942411,0.26946280520459753,69.26519232594512
B0006,111,394,2.5,1.3893171179312644,1545.828,5311.375,749.5,3.623373940436515,3.463975070340345,7.2697391663249995,0.271857913462076,69.0060557346603
B0006,112,398,2.5,1.3838379472327809,1515.359,5389.344000000001,749.36,3.6196341653510613,3.459944890900633,7.341575729071572,0.27327847463648336,68.7339105536074
B0006,113,402,2.5,1.3736814238195123,1500.297,5356.375,739.7660000000001,3.617053727336698,3.4581007023513672,7.349611424316155,0.27305922017353756,68.2294457257573
B0006,114,406,2.5,1.3786059891863676,1503.187,5353.36,749.3589999999999,3.619638522785693,3.459763079586533,7.335141259335877,0.2726357186750241,68.47404418912339
B0006,115,410,2.5,1.3737600299108574,1492.844,5319.094,740.234,3.6172433606294385,3.45661979773357,7.344476766885297,0.2737942812884908,68.23335001531831
B0006,116,414,2.5,1.3682580583942712,1470.734,5327.188,721.3439999999999,3.613249959849422,3.4522948168109258,7.4109872352201975,0.2754295843162575,67.96007233938396
B0006,117,418,2.5,1.3633024037317505,1448.531,5373.594,721.75,3.609828336626446,3.448431002461965,7.491154353582385,0.27711435222252945,67.71392970036369
B0006,118,422,2.5,1.3580966140172601,1427.078,5368.9220000000005,721.3130000000001,3.6094817890343007,3.4484070206914454,7.504122922833741,0.27629198704237234,67.45536309195973
B0006,119,426,2.5,1.353269090999531,1432.766,5357.859,712.328,3.6101020183647847,3.4494671447439607,7.447112634652871,0.2747069654571872,67.21558462948904
B0006,120,430,2.5,1.3841605738237488,1442.141,5344.514999999999,749.547,3.613549845905129,3.460206883843087,7.018330546199728,0.2687244059842455,68.74993510857075
B0006,121,432,2.5,1.4051467790651473,1546.812,5281.907,768.015,3.63184299039717,3.473921287885229,7.140499616954244,0.26862554380425374,69.79229990049338
B0006,122,436,2.5,1.378719022627353,1563.172,5238.921999999997,740.2660000000001,3.61896828871401,3.4603106632885643,7.272335948491609,0.2718593559682083,68.47965845229474
B0006,123,440,2.5,1.3682657783199066,1492.266,5277.75,721.406,3.6116569599129753,3.4521745111266675,7.384191147323712,0.2743755379715789,67.96045578072487
B0006,124,444,2.5,1.3573151296618016,1446.859,5324.610000000001,702.203,3.6079208468829096,3.447233667266628,7.486508726469786,0.2761700537469767,67.41654750961894
B0006,125,448,2.5,1.3524934638801596,1422.078,5329.3279999999995,702.625,3.604811289051072,3.4437218610369,7.509562164144459,0.27734588175054453,67.17705997047645
B0006,126,452,2.5,1.3474099151661236,1400.687,5418.2660000000005,693.438,3.602295411696869,3.4405976227388737,7.551334433089764,0.27828152044292453,66.92456495593795
B0006,127,456,2.5,1.3370075130842318,1382.562,5381.671999999997,684.125,3.599947258029375,3.437749530320393,7.599357853439699,0.2785016611836011,66.40788756920408
B0006,128,460,2.5,1.3312352966718526,1364.781,5349.735,674.3589999999999,3.596725525590121,3.4339014271562363,7.667939278198343,0.2801310694363135,66.12118708712964
B0006,129,464,2.5,1.3259303781727643,1342.937,5367.594,673.9849999999999,3.592455748808318,3.4300254962034242,7.690964320836677,0.280506034732261,65.85769684657103
B0006,130,468,2.5,1.321578743867529,1329.828,5412.764999999999,665.2810000000001,3.5918183323173642,3.4287786917071896,7.720845478164449,0.2814323643588832,65.64155532241628
B0006,131,472,2.5,1.321225074066109,1322.484,5335.125,665.235,3.5907863976849383,3.4272208981747654,7.7606798440184335,0.28196600348564616,65.62398888080732
B0006,132,476,2.5,1.3156485301862682,1305.202999999994,5348.516000000003,655.6089999999999,3.58872409592735,3.4246567148273113,7.770310689231543,0.2826727831460043,65.34700726673778
B0006,133,480,2.5,1.3209025697502388,1286.328,5388.266,665.047,3.5894129769567686,3.4290998681901432,7.4945278289646495,0.279257707140137,65.60797039913143
B0006,134,482,2.5,1.3474328767273906,1301.938,5449.375,693.406,3.607799230259854,3.4457607630261897,7.181328100853566,0.2759328045140341,66.92570543477903
B0006,135,484,2.5,1.3260128072353616,1425.219,5239.625,664.672,3.598308037232375,3.4354620937867226,7.282402072675559,0.27852984264089464,65.8617910194667
B0006,136,488,2.5,1.3101186784831063,1328.297,5371.468999999999,655.704,3.589910770317574,3.426373271213738,7.42254387330383,0.28046380313717734,65.072344808536
B0006,137,492,2.5,1.30521620229393,1299.969,5386.547,646.3280000000001,3.5851593763117973,3.420994547391099,7.491030916848363,0.2826320489310352,64.8288434935505
B0006,138,496,2.5,1.3004061951355774,1276.734,5331.984,646.609,3.5852705612385893,3.4215272140905317,7.492620822843115,0.2815366388158562,64.58993502710359
B0006,139,500,2.5,1.300235735841116,1289.875,5279.36,646.375,3.585838481024189,3.4216788422324127,7.457851162091906,0.281413367350718,64.58146847657868
B0006,140,504,2.5,1.2895066722480755,1276.204,5275.578000000007,627.64,3.5813583593576266,3.416621755053764,7.535966151073168,0.28280178870582784,64.04856612424568
B0006,141,508,2.5,1.279253057384795,1251.813,5346.437,618.39,3.576169747406111,3.410806905378112,7.583270348192869,0.28475460487358806,63.53927885670603
B0006,142,512,2.5,1.2792078171714618,1223.921,5360.672,608.703,3.5735132298873116,3.407530751997467,7.666746208113057,0.2862634488941618,63.537031818472336
B0006,143,516,2.5,1.274036760902923,1206.953,5384.312,608.5939999999999,3.5746455598335807,3.409012393515807,7.698682959041289,0.2846770331482267,63.28019038719048
B0006,144,520,2.5,1.2741273923001468,1216.125,5380.157,608.9839999999999,3.5739191296889707,3.407753584107262,7.645274183727576,0.28482166699797107,63.28469196222141
B0006,145,524,2.5,1.2637639426440779,1201.75,5357.125,599.609,3.5680392538198653,3.401804141131631,7.698558869554965,0.28603173386638625,62.76994930531461
B0006,146,528,2.5,1.2581373688955233,1181.469,5333.406,590.063,3.565123081751601,3.3977095357283873,7.775134015013343,0.2886676546005664,62.49048275539829
B0006,147,532,2.5,1.253259864055301,1153.157,5315.639999999999,580.938,3.562667226090177,3.3951535290209542,7.879189142170681,0.2894537380251605,62.24822174349078
B0006,148,536,2.5,1.2532313315493426,1153.234,5368.0779999999995,590.0790000000001,3.5652426013414074,3.397929351847238,7.848639317493291,0.28768499654845536,62.246804561141985
B0006,149,540,2.5,1.2480874960313577,1161.515,5347.969,581.047,3.5621250750347904,3.394962983556957,7.8147143630742235,0.28747944433010497,61.99131515856949
B0006,150,544,2.5,1.2534354284944844,1148.953,5332.657000000001,580.7969999999999,3.55715566057923,3.3943280772853304,8.007224533007946,0.28689526276457267,62.256941861683345
B0006,151,547,2.5,1.2898048773266901,1092.687,5490.235,627.6880000000001,3.586521849638171,3.421256097535474,7.874707879259752,0.2795202369456167,64.0633776859904
B0006,152,551,2.5,1.2635402021758835,1262.156,5276.594,599.328,3.5719566373619225,3.4064308183581575,8.044292817271081,0.2822766601546731,62.75883632972462
B0006,153,555,2.5,1.2479761706842853,1205.75,5294.688,580.8589999999999,3.5652413690624774,3.3990758108437276,8.12255604749193,0.2847472752471636,61.98578573479316
B0006,154,559,2.5,1.2321202877943334,1165.812,5275.25,571.5160000000001,3.5594673336634965,3.3928649997089773,8.211923284338546,0.28626058324132364,61.19823915935364
B0006,155,563,2.5,1.2271137666213534,1143.438,5275.25,561.922,3.5562967341105516,3.388646024295733,8.291709032252093,0.28758144623196547,60.94957002928933
B0006,156,567,2.5,1.2217397581377356,1125.343,5299.735000000001,553.1099999999999,3.553436951713868,3.3852226603903315,8.344533984320464,0.28867485700684936,60.682648155116176
B0006,157,571,2.5,1.211102678915174,1103.109,5226.516,542.9680000000001,3.550647135561051,3.3819749732584876,8.355937865614361,0.2890111882986268,60.15431457870486
B0006,158,575,2.5,1.2056159765131735,1094.219,5303.531,543.187,3.5480681980323197,3.3789133047879454,8.445760525696762,0.28984681516785615,59.88179530512411
B0006,159,579,2.5,1.2008936262717274,1075.719,5221.437,534.0,3.546161408313167,3.376335684951825,8.464305103673567,0.29061293058283244,59.64724067410865
B0006,160,583,2.5,1.1905903985558335,1065.578,5267.125,524.9380000000001,3.5433281235878007,3.373478359322494,8.481077155552644,0.2901183195007433,59.13548918351409
B0006,161,587,2.5,1.185179251041941,1054.984,5245.281000000001,524.2660000000001,3.54188512576157,3.371740104086659,8.519484561462694,0.2903762193115904,58.86672264914061
B0006,162,591,2.5,1.1796706818144624,1043.625,5248.765,515.265,3.540065878051522,3.3693199487932852,8.555847413028658,0.2909391099658363,58.59311727120096
B0006,163,595,2.5,1.1745952836753915,1031.265,5244.3279999999995,505.86,3.5369006054951915,3.3657741674787074,8.58448646446763,0.2919072501777582,58.34102708794472
B0006,164,599,2.5,1.15381833159625,1018.047,5180.281999999999,496.46799999999996,3.527066669184999,3.3582840564781837,8.670117662035857,0.2913345759790773,57.30905570094815
B0006,165,603,2.5,1.1644009557372264,1010.265,5287.172,496.70400000000006,3.532380762877244,3.360927959075151,8.67207132361128,0.292373607171982,57.834684545411356
B0006,166,607,2.5,1.1587974947916069,997.547,5240.187,496.375,3.530881769649814,3.358832697238114,8.703352071948142,0.2926920653771572,57.55636598636548
B0006,167,611,2.5,1.1749748834769171,990.047,5219.4220000000005,524.6089999999999,3.539036210645349,3.3755204136727444,7.878942009371979,0.28272210157149,58.35988144791975
B0006,168,613,2.5,1.1856752327929356,1035.422,5297.437,543.3439999999999,3.5577105772356927,3.3864037161373237,7.998277900840083,0.2829161122180617,58.89135758950864
B0007,1,1,2.2,1.89105229539079,3348.359,3762.797,1662.1570000000002,3.7902399172263106,3.677396603518728,6.51328642666731,0.0,100.55244482947352
B0007,2,3,2.2,1.880637027686859,3348.359,3762.797,1700.922,3.7936470152750084,3.680551908273272,6.371790850271431,0.0,99.99863643732256
B0007,3,5,2.2,1.8806626717011388,3345.234,3686.891,1701.547,3.795777087950642,3.6818834866418393,6.274055556792895,5.711296577715075e-05,100.0
B0007,4,7,2.2,1.8807709009833444,3347.578,3664.7500000000005,1720.843,3.7960205001333733,3.682014217092616,6.271354666110842,0.0,100.0057548482157
B0007,5,9,2.2,1.8794508728285058,3346.203,3686.3430000000003,1719.969,3.7958537822243272,3.6817476817214696,6.270542668297182,8.706787708501196e-05,99.9355653254107
B0007,6,11,2.2,1.8807003517117404,3347.844,3697.531,1720.531,3.796546001660867,3.682104928204777,6.26085852833749,0.0,100.00200354966198
B0007,7,13,2.2,1.8799352523566075,3338.078,3618.985,1720.328,3.798197046081724,3.6835974159533538,6.2392681096718015,0.0,99.96132111539846
B0007,8,15,2.2,1.8815088124038797,3337.531,3656.5470000000005,1722.359,3.800443091129831,3.6846959227397114,6.167946274912673,0.0,100.04499162531766
B0007,9,17,2.2,1.8696907870385844,3344.906,3627.8600000000033,1720.875,3.800215420063025,3.6843328695309987,6.174454878517842,0.0,99.41659475526092
B0007,10,19,2.2,1.870052380139199,3339.735,3640.6559999999995,1721.688,3.800136703283355,3.6842003956605014,6.1608608577577435,0.0,99.43582165363327
B0007,11,21,2.2,1.8700442394188577,3337.297,3633.547,1721.687,3.799733794042791,3.6833790362615675,6.1707166911391695,0.0,99.43538878917205
B0007,12,24,2.2,1.8596518987766364,3331.0389999999998,3605.8280000000004,1721.8290000000002,3.80097405977195,3.6841861695668623,6.152765606048842,7.29507796322082e-05,98.88279949186756
B0007,13,26,2.2,1.8590746560862206,3324.781,3578.1090000000004,1722.156,3.801867210060964,3.6846177187654177,6.1008250532286645,1.3457942195316264e-05,98.8521059124659
B0007,14,28,2.2,1.8590084577709232,3322.5,3554.625,1721.734,3.8005785331280553,3.6832262034073087,6.152443522598961,0.0,98.84858596621007
B0007,15,30,2.2,1.8593622586957048,3312.657,3584.25,1721.922,3.8005806199634242,3.6826233166410227,6.117517059375032,9.245432131077536e-05,98.86739853319007
B0007,16,32,2.2,1.8587355450601035,3287.953,3576.485,1701.297,3.800040248497579,3.682268717045608,6.148477935327541,0.0,98.83407444774765
B0007,17,34,2.2,1.847817291322145,3291.781,3611.875,1702.531,3.799942062500012,3.6818360331647546,6.124148593504032,0.0,98.25352090658109
B0007,18,36,2.2,1.8485252916137047,3293.141,3593.8439999999996,1702.641,3.7996368675818037,3.6810952502663596,6.116333215601941,0.0001249960729756694,98.29116722679649
B0007,19,38,2.2,1.848378951850034,3278.235,3601.4369999999994,1702.5,3.7995983188681484,3.681060754418086,6.119560304201734,0.0,98.28338593960059
B0007,20,41,2.2,1.8807805437609766,3235.578,3576.047,1741.5149999999999,3.803967700923521,3.6873306273319932,6.001787339566693,0.0,100.00626758118888
B0007,21,45,2.2,1.8814721597443598,3407.047,3516.125000000006,1760.984,3.806172115918569,3.6891640634370217,5.974819011627659,0.0,100.0430427027346
B0007,22,49,2.2,1.8810954313244785,3400.797,3502.109,1742.547,3.8040366278022333,3.68695878602144,5.971481707624587,0.0,100.02301101786364
B0007,23,53,2.2,1.8710089649779995,3369.062,3554.2349999999997,1722.844,3.8024974188781964,3.68522823187546,5.984546269397068,0.0,99.48668589702974
B0007,24,57,2.2,1.8701995151941375,3366.219,3520.594,1740.5929999999998,3.801130808587088,3.6837702466327578,5.993996860819795,9.241214366451089e-05,99.44364522865034
B0007,25,61,2.2,1.8706715362800985,3357.718,3553.0470000000005,1721.985000000006,3.8009260211407034,3.6828552271862907,6.011228324065655,9.276863965901327e-06,99.46874388632371
B0007,26,65,2.2,1.8596124644020169,3336.156,3541.781,1721.969,3.800052232458882,3.681800859655168,5.97900041644024,0.0,98.88070265785191
B0007,27,69,2.2,1.860033909718346,3335.453,3572.4060000000004,1703.422,3.7992550368096194,3.6808541707780957,6.020314325595521,0.00031268774132797716,98.903112062934
B0007,28,73,2.2,1.8591653109160768,3312.157,3563.281,1702.062,3.7991500380861294,3.679849242842915,6.004721152179247,9.553678152585121e-06,98.85692627877722
B0007,29,77,2.2,1.8481398178778288,3302.109,3565.3750000000005,1701.7649999999999,3.799392820333946,3.6795915525341294,6.006536326520294,0.0003440789688919921,98.2706705294527
B0007,30,81,2.2,1.849201702126164,3302.156,3559.4540000000006,1684.969,3.798105185605593,3.6783721797900837,6.0045280527472755,8.405157239099736e-05,98.32713383168726
B0007,31,85,2.2,1.8834677437950846,3320.7735000000002,3524.719,1705.187,3.8085399850198876,3.6854981804218956,6.044747869237529,0.20438679203064058,100.14915338811977
B0007,32,89,2.2,1.8628211117905844,3339.391,3489.984,1705.0,3.8066090697046837,3.683129458087272,5.914165791782459,0.20088968524523576,99.05131525291476
B0007,33,93,2.2,1.852085039652352,3316.484,3477.516,1695.484,3.804205941025316,3.680331905662501,5.816832391675096,0.20137048246299205,98.48044880781639
B0007,34,97,2.2,1.8469504648208708,3282.047,3512.735,1676.75,3.801326766981936,3.6769642921558447,5.946422933349314,0.20237917448998122,98.20742936053631
B0007,35,101,2.2,1.836828431169018,3258.813,3575.9529999999995,1658.453,3.8003180691173006,3.675668529281202,5.888952089851912,0.20216137135297796,97.66921302838054
B0007,36,105,2.2,1.8371619619672275,3243.64,3553.016,1668.031,3.802116144097074,3.676978728506581,5.948316876967596,0.20153388339639733,97.68694777705333
B0007,37,109,2.2,1.8316722583718854,3239.954,3565.015,1648.578,3.8000308557883833,3.674395600217241,5.95784129235772,0.20239890460720034,97.39504515794215
B0007,38,113,2.2,1.8211470951317783,3216.922,3593.4840000000027,1639.5,3.797894667982349,3.6720931691553416,5.995611971679885,0.20295593408194623,96.8353933182751
B0007,39,117,2.2,1.816506091511515,3186.609,3596.828,1630.1249999999998,3.796038206413213,3.669923135044039,6.0372185215670235,0.20359728604450478,96.58861840802149
B0007,40,121,2.2,1.8113815601504555,3167.719,3645.6719999999996,1620.766,3.796515540745284,3.6697969467577543,6.073827178031948,0.2035629151568643,96.31613299965083
B0007,41,125,2.2,1.8116056333939583,3164.171,3612.454,1629.922,3.798808366062946,3.6714279794632914,6.017954744061896,0.20226391374099162,96.32804758948528
B0007,42,129,2.2,1.8060548955557403,3166.531,3590.531,1611.375,3.799156029538541,3.671072112667247,5.981355737407775,0.20145695607149516,96.03289961203342
B0007,43,133,2.2,1.8132041826994056,3150.141,3597.0460000000053,1606.531,3.7975189567536725,3.6690822202919904,5.8752288098071155,0.0,96.41304684690137
B0007,44,135,2.2,1.8062641938283535,3169.828,3622.422,1602.282,3.797731559006646,3.668689018687246,5.84010624266045,0.20268663047150426,96.04402857608224
B0007,45,139,2.2,1.7958310249900458,3146.907,3642.5,1592.328,3.7929806505680532,3.6639689438521015,5.924952178450116,0.20421302324276702,95.48926833144621
B0007,46,143,2.2,1.7858852600390451,3118.328,3677.6560000000004,1573.703,3.79197139342715,3.6624001751284534,5.998851331908991,0.20518239359899937,94.96042469028413
B0007,47,147,2.2,1.7803268604502753,3090.25,3662.6719999999996,1554.7649999999999,3.7904426104377134,3.6606192742230452,6.02353271290912,0.20486873693680385,94.66486931651036
B0007,48,149,2.2,1.8150756899575577,3084.047,3530.766,1658.1570000000002,3.8063051238638517,3.67688978722806,5.47438656961819,0.19601677858601407,96.51256002841515
B0007,49,153,2.2,1.8157025154845838,3274.829,3420.1249999999995,1648.578,3.809879192247776,3.6780900503359852,5.700497124096504,0.19767260180615498,96.54589006343195
B0007,50,157,2.2,1.8002432178056673,3222.25,3483.188,1611.172,3.8034574441348883,3.6715008114265277,5.8092013646563245,0.2000617048763207,95.72387674272662
B0007,51,161,2.2,1.7904476205609308,3168.5629999999946,3535.5,1592.5929999999998,3.7995679328079737,3.66762440777598,5.932645586094065,0.20174972576731776,95.20301793098255
B0007,52,165,2.2,1.780343032300132,3133.203,3563.859,1564.797,3.7964479419890718,3.6639877226737756,5.9762082150357045,0.20296308960889053,94.66572921818758
B0007,53,169,2.2,1.775328769596812,3103.094,3595.937,1564.156,3.7952293517324844,3.6626167853098215,6.0145376754515105,0.2033797591873996,94.39910709723144
B0007,54,173,2.2,1.7702629734732853,3087.531,3617.906,1554.906,3.7954228756510213,3.6624381471913146,5.996897477177615,0.20275650871177486,94.1297448027725
B0007,55,177,2.2,1.760081061854204,3068.391,3624.515,1536.4060000000002,3.792767568016479,3.65954216190258,6.035108033724654,0.20390424140207175,93.58834459462825
B0007,56,181,2.2,1.749647593537689,3036.327999999994,3653.297000000006,1527.234,3.789838498133298,3.6564087868842625,6.0252196607076876,0.2042983325130998,93.03356842591334
B0007,57,185,2.2,1.749650075059311,3024.031,3686.0470000000005,1507.844,3.7889418840885583,3.6545739303982265,6.043395826258173,0.20514248708546123,93.03370037523415
B0007,58,189,2.2,1.745028739214683,2997.218,3696.625,1499.14,3.788361923941755,3.654239693702229,6.103029873937878,0.20515403975782975,92.78797125463393
B0007,59,193,2.2,1.7396457455286727,2994.687,3689.594,1498.734,3.7896691333354675,3.654685991348873,6.009120652345075,0.20415782114193215,92.50174269450936
B0007,60,197,2.2,1.7285642277717963,2971.234,3731.9379999999996,1479.6570000000002,3.7872070746116613,3.6520830458138995,6.040326339224613,0.20533952171024827,91.91250795700842
B0007,61,201,2.2,1.723900324588418,2954.078,3729.5629999999996,1470.906,3.7857768200778468,3.6500466265049596,6.096908426312211,0.20552738610381605,91.66451541408419
B0007,62,205,2.2,1.7139788776485192,2926.14,3747.3130000000006,1451.656,3.7829777374962092,3.64697635789188,6.0790082277663124,0.20669891398756413,91.13696482836835
B0007,63,209,2.2,1.7139701997004613,2901.547,3791.109,1451.891,3.7829982335321914,3.6468034908551115,6.175535899609521,0.20646401781163704,91.13650339803378
B0007,64,213,2.2,1.7036521173638766,2893.062,3697.688,1433.1570000000002,3.782987642073127,3.64552591593751,5.834755214257264,0.20578465267210522,90.58786261881039
B0007,65,215,2.2,1.7040137474382486,2887.219,3768.468,1443.203,3.7829721341671143,3.6456376608037235,6.105566246363686,0.20623635463652334,90.60709148317898
B0007,66,219,2.2,1.6935716157343033,2859.547,3788.297,1424.3909999999998,3.779258164789654,3.6421339260958914,6.175551418933058,0.2071204106612652,90.05185465835807
B0007,67,223,2.2,1.6876577363877656,2828.671,3771.11,1395.625,3.777445989932298,3.639950995152588,6.1998843762513545,0.20783918599125517,89.73739744944307
B0007,68,227,2.2,1.6830744356583152,2812.11,3846.2499999999995,1395.984,3.776633109875613,3.638842164935523,6.232108353596548,0.20923791446887696,89.49369076039049
B0007,69,231,2.2,1.6779270142025482,2793.844,3858.2969999999996,1386.281,3.775980870005043,3.6377287913376715,6.246884879047421,0.20872086497378683,89.21998822281044
B0007,70,235,2.2,1.6732060275966172,2780.172,3851.6560000000004,1376.984,3.775377782278393,3.6366827515682325,6.227917980218859,0.20885471875668937,88.96896039751412
B0007,71,239,2.2,1.6674367208253988,2760.546,3874.5630000000006,1376.594,3.7735891515254396,3.634753531632236,6.275790565520079,0.20924060152805257,88.6621905095363
B0007,72,243,2.2,1.6622662630667526,2747.984,3860.672,1357.9379999999999,3.772282413604611,3.6333663745431743,6.272267038717029,0.2101495091925547,88.38726306845675
B0007,73,247,2.2,1.6574243065763063,2728.282,3897.656,1348.8600000000001,3.7709161854858526,3.6319900116732557,6.305085830866414,0.21008508064632325,88.12980294212444
B0007,74,251,2.2,1.652538684928734,2712.969,3905.5469999999996,1339.7649999999999,3.769542158573102,3.6304273312993716,6.294669639530728,0.21050306349315573,87.87002101944965
B0007,75,255,2.2,1.6472174627573322,2697.063,3907.687,1329.937,3.768574406013296,3.628877694974706,6.315112187523297,0.2111698866424967,87.5870770204289
B0007,76,259,2.2,1.6364136810898071,2673.61,3939.4059999999995,1311.5159999999998,3.767086365543223,3.627058341841426,6.34150902660204,0.21151472874756738,87.0126102736756
B0007,77,263,2.2,1.6362554312048496,2655.563,3956.125,1301.671,3.7678295367454715,3.6264020389026723,6.251717137223395,0.2125468156845498,87.00419569261656
B0007,78,265,2.2,1.641119179218384,2640.859,3941.172,1320.844,3.7707669430812514,3.630219084345448,6.226334942868846,0.2106140093881299,87.26281453408774
B0007,79,269,2.2,1.6315700789656966,2665.922,3952.921,1293.0629999999999,3.7640514281168636,3.6235848126049177,6.3062093460327375,0.21308343185633083,86.7550626444812
B0007,80,273,2.2,1.621213282987236,2618.25,3987.812,1274.4370000000001,3.760653427772349,3.6202557928225136,6.4712422920898085,0.21464333273258474,86.20436335458183
B0007,81,277,2.2,1.6164273214762122,2598.234,4007.922,1274.234,3.760210769708813,3.6196346965860497,6.46224566215756,0.21478977810385969,85.94988063511067
B0007,82,281,2.2,1.615823510161921,2592.969,3994.9529999999995,1283.2179999999998,3.7615641050355464,3.6204698173715597,6.484396923952936,0.21357780299372786,85.9177743289997
B0007,83,285,2.2,1.61672418029789,2598.484,3972.985,1274.406,3.7625031321097167,3.620841296352978,6.386574031879608,0.21282826728663418,85.96566543406186
B0007,84,289,2.2,1.6108655863730026,2580.984,4019.3280000000054,1264.516,3.7609254062583037,3.619122937294409,6.423246461260106,0.21360915232154198,85.65414790287228
B0007,85,293,2.2,1.6006603374309376,2561.781,4015.125,1254.765,3.758611160582812,3.6164619735725445,6.41696945846693,0.2147169492986425,85.11150678516273
B0007,86,297,2.2,1.5959174487005663,2532.891,4038.047,1236.546,3.754849926938284,3.612789877005121,6.484302984208771,0.2163725136826038,84.85931436374986
B0007,87,301,2.2,1.5962179519462243,2522.5,4054.968,1236.4379999999999,3.7553542988960547,3.6131922452973586,6.555919474194312,0.2157028861511825,84.87529294673445
B0007,88,305,2.2,1.5958065114633972,2519.109,4033.6560000000004,1236.422,3.757138435781291,3.6145076663425053,6.482364924077814,0.21470303994696183,84.85341552613063
B0007,89,309,2.2,1.5906507821480704,2517.952999999994,4009.172000000006,1226.984,3.7565491114620984,3.6135945129103053,6.47799238160901,0.21475153429522642,84.57927123683801
B0007,91,315,2.2,1.6259938279733204,2607.094,3924.406,1282.969,3.770169120247441,3.6270520170838156,6.328438318284441,0.21144991069502383,86.458558062544
B0007,92,319,2.2,1.6157433862812898,2641.609,3885.7190000000005,1264.531,3.7663674627507726,3.6230772215469957,6.285929205558691,0.21137918164467173,85.91351392218476
B0007,93,323,2.2,1.6056626764846538,2609.531,3928.0,1255.188,3.7626964962736267,3.6190548182761897,6.353076125560559,0.21249318419953633,85.37749489291794
B0007,94,327,2.2,1.5949746921524348,2574.453,3964.766,1245.954,3.7591708498204603,3.615677342630371,6.403387811643707,0.21373852797341586,84.80918540855139
B0007,95,331,2.2,1.5904102438871945,2542.828,3986.016,1227.063,3.757340129650176,3.6137192107911265,6.452447395706475,0.21491283466767186,84.56648115680423
B0007,96,335,2.2,1.5853517062988178,2524.25,4018.1400000000003,1217.828,3.75641393259743,3.6125313860344352,6.434118373286918,0.21542127299889202,84.29750481859675
B0007,97,339,2.2,1.5799737147242376,2511.359,3988.766,1217.516,3.7551463450971254,3.610977219249205,6.443349344372255,0.21532809817583054,84.01154223447656
B0007,98,343,2.2,1.5752185465278068,2496.985,4011.5930000000003,1208.6709999999998,3.754345287721679,3.609805342971394,6.468159892797875,0.21582830574023637,83.75869688012445
B0007,99,347,2.2,1.569798484648868,2481.516,4022.0629999999996,1198.766,3.7523981043632415,3.6080310900313215,6.4836348879382015,0.21634920934330815,83.47049730236412
B0007,100,351,2.2,1.5702565375950357,2465.109,4029.0310000000004,1199.047,3.751878940632699,3.6069824347217403,6.487193345266224,0.21665567806187847,83.49485323567743
B0007,101,355,2.2,1.565249873909438,2452.032,4064.093,1189.829,3.750679980279253,3.605828125731991,6.510025384106431,0.21687318378690223,83.22863517536632
B0007,102,359,2.2,1.559633933561147,2448.594,4063.4999999999973,1180.609,3.7498608605642074,3.6045940193268646,6.527274147100552,0.21718740390135594,82.93002020135766
B0007,103,363,2.2,1.5649820533392105,2431.89,4044.641,1180.203,3.748729059860618,3.6045829887925067,6.477993398854775,0.21683937507892326,83.21439442000613
B0007,104,366,2.2,1.57497949984227,2443.875,4035.25,1208.843,3.759473490488067,3.613251484910053,6.445977340470385,0.2143263711533252,83.74598611124847
B0007,105,370,2.2,1.5652811168780458,2482.562,4005.1099999999997,1189.6560000000027,3.753846876361514,3.6081625343148693,6.458166742704513,0.21529956449855225,83.23029644982442
B0007,106,374,2.2,1.559755497470126,2454.375,4038.2030000000004,1170.813,3.7514455901004067,3.6054189749801284,6.533452111324223,0.21611200732726843,82.93648408830603
B0007,107,378,2.2,1.549897685670499,2422.688,4058.781,1170.7649999999999,3.7467136153755356,3.6015621520517715,6.576778217386892,0.21690849332933526,82.41231715778943
B0007,108,382,2.2,1.5438771531345021,2409.25,4074.7030000000004,1161.093,3.746421551819259,3.6003103622946653,6.6392443887980725,0.2180503033575678,82.09218890583924
B0007,109,386,2.2,1.5450187488690073,2389.843,4079.6100000000006,1162.203,3.7479083491617367,3.601431151114259,6.577585710208012,0.21731178556779351,82.1528906867425
B0007,110,390,2.2,1.5445940154102908,2394.812,4062.7030000000004,1152.421000000002,3.7476624471645277,3.6007333420520666,6.583795878494648,0.21728635579754885,82.1303064420979
B0007,111,394,2.2,1.5343086721758876,2379.313,4084.9529999999995,1143.203,3.7445428448146383,3.5976125017197673,6.609276377278693,0.2185720247833478,81.58340649086423
B0007,112,398,2.2,1.5287603942958483,2357.437,4090.2970000000005,1133.203,3.742186258276579,3.595264772990544,6.675908470078728,0.2193279351164601,81.28838931614568
B0007,113,402,2.2,1.5289260249179843,2344.64,4113.235000000001,1142.391,3.743512007337587,3.596128111901575,6.666406929489071,0.2190220576859736,81.29719635127368
B0007,114,406,2.2,1.529091650133123,2344.984,4112.891,1133.156,3.743561695891418,3.595956756459088,6.647685159234172,0.2182237538413756,81.3060030988968
B0007,115,410,2.2,1.5239059324661248,2345.579,4105.467999999999,1124.2649999999999,3.741749420954089,3.5941196509287487,6.645338607341863,0.2191887596771167,81.03026424657472
B0007,116,414,2.2,1.5186675419100615,2328.703,4093.7810000000004,1124.203,3.7395260529485226,3.5917196619854104,6.669932198294596,0.22028931257251694,80.75172463206081
B0007,117,418,2.2,1.5136482266426952,2308.344,4129.562,1105.688,3.737001850087677,3.5890548733992755,6.735890654796492,0.22144112792315607,80.48483385239611
B0007,118,422,2.2,1.5136050185229033,2294.734,4149.063,1114.844,3.7379749910443563,3.5898387480605587,6.734418033451238,0.22072677518944595,80.48253635798405
B0007,119,426,2.2,1.5139470614867965,2298.828,4139.563,1105.828,3.740085262394253,3.59144637638194,6.699770256230138,0.22004614946664258,80.50072372188723
B0007,120,430,2.2,1.5339599193158786,2300.313,4125.421,1133.813,3.7408509815410134,3.5950405329833974,6.2472833525799665,0.21829166354566532,81.56486234335406
B0007,121,432,2.2,1.5391372798653098,2373.969,4105.421,1142.875,3.7496377121714786,3.600716141728672,6.393979686152697,0.21768126021931522,81.84015682478001
B0007,122,436,2.2,1.5236247972838737,2361.078,4042.297,1124.1399999999999,3.7419694271550283,3.5937165997036167,6.4502415916951,0.22003632762513314,81.01531551672107
B0007,123,440,2.2,1.5135813035589147,2330.203,4090.4689999999996,1105.859,3.7378430049105016,3.5894486860611257,6.532036124100493,0.22155319543975605,80.48127536820925
B0007,124,444,2.2,1.5077850749847914,2297.906,4144.328,1104.906,3.735757532739648,3.587237263791542,6.592734123779319,0.22200365046594372,80.17307397402301
B0007,125,448,2.2,1.5031960676037333,2278.484,4126.4529999999995,1096.453,3.7343627419053957,3.585541799478661,6.608653639600508,0.22272884958934824,79.9290638466296
B0007,126,452,2.2,1.4978220596995881,2264.562,4120.719,1086.844,3.7331074209107618,3.5839834469049148,6.627064375643389,0.22315003771048225,79.64331308520867
B0007,127,456,2.2,1.492848534633516,2250.8899999999994,4146.687999999995,1086.703,3.7312130071707643,3.582091353702886,6.641602897316815,0.22364147686145897,79.37885709632188
B0007,128,460,2.2,1.492414389867026,2236.25,4146.359,1067.547,3.729230258715703,3.579875857841631,6.676113384904895,0.22434574376286465,79.35577242659227
B0007,129,464,2.2,1.487482776538081,2216.891,4188.0,1058.0939999999998,3.7284465785336494,3.5785289412948433,6.689308507637904,0.2250323177307183,79.09354499989038
B0007,130,468,2.2,1.482535148640411,2211.797,4204.8279999999995,1067.953,3.727236601975051,3.5771704772345427,6.712708408418727,0.2256102702805367,78.83046603458106
B0007,131,472,2.2,1.4827874322228984,2199.515,4190.25,1058.4060000000002,3.7260185741886143,3.5760882925698887,6.712790814138728,0.2257755588342074,78.84388064562661
B0007,132,476,2.2,1.476971179775059,2188.1870000000054,4194.765999999989,1049.1100000000001,3.724872819421184,3.5745971248511372,6.744913609219598,0.22653723160732175,78.53461452707393
B0007,133,480,2.2,1.4819015554137276,2176.969,4200.734,1067.797,3.726290560602642,3.5775678032354663,6.355870128066783,0.2238719043036448,78.79677614238416
B0007,134,482,2.2,1.4981366198874824,2197.344,4170.062,1077.438,3.735627859090359,3.5847326407250235,6.482502867684985,0.22258794558174655,79.66003911442314
B0007,135,484,2.2,1.4820775214392872,2255.547,4101.0,1067.469,3.729997778967033,3.5794227958643905,6.548509008339636,0.2246391414907487,78.80613273930118
B0007,136,488,2.2,1.4771155312812152,2202.844,4168.0779999999995,1048.922,3.72575300678128,3.5750327507619186,6.6126319548183154,0.2259132594368496,78.54229009315647
B0007,137,492,2.2,1.4720772783056488,2179.578,4195.4220000000005,1039.719,3.722276616975068,3.5716635869109177,6.694416945352728,0.22719199035277793,78.27439234352926
B0007,138,496,2.2,1.472248013656454,2167.203,4217.531000000001,1049.375,3.723467844236086,3.572709014882226,6.684833271164312,0.22679222190957438,78.2834708111021
B0007,139,500,2.2,1.4670106672274665,2164.75,4194.953,1040.0929999999998,3.7243881813859336,3.5730038605363688,6.623576700734059,0.22607099162295574,78.0049867156928
B0007,140,504,2.2,1.4617672495335379,2161.297,4169.343999999999,1030.4070000000002,3.7219279394510196,3.5703244291467087,6.650503486044428,0.22732434722703854,77.7261797944502
B0007,141,508,2.2,1.4566952670489708,2139.328,4211.563,1021.3129999999999,3.7186002947193013,3.566952537837894,6.680157888488871,0.22894566692875085,77.45648855418226
B0007,142,512,2.2,1.451354972758956,2119.781,4226.219,1011.6250000000001,3.7160208746690837,3.564178571179049,6.780244767738523,0.22994124843288244,77.17253043822815
B0007,143,516,2.2,1.451615926257375,2104.515,4227.860000000001,1011.5930000000001,3.7173662865344284,3.5653739858289724,6.799357456132892,0.22907075669217347,77.18640605251802
B0007,144,520,2.2,1.4468161332173683,2108.375,4202.75,1011.703,3.717187774633367,3.5648845987649485,6.727438764497052,0.22894264627074046,76.93118787265885
B0007,145,524,2.2,1.4467570607768785,2094.047,4220.467999999999,1002.6099999999999,3.7147872555616823,3.56223661134453,6.767245554922077,0.23028371719524632,76.92804682873965
B0007,146,528,2.2,1.4413797481446793,2081.953,4246.625,1002.047,3.710950286437549,3.5584930805080472,6.823148460400738,0.23188225154664233,76.64212034585077
B0007,147,532,2.2,1.4362456252208178,2064.11,4291.218000000001,992.9370000000001,3.709663074001751,3.556935868145196,6.913043958203108,0.23260960750427984,76.36912492774013
B0007,148,536,2.2,1.4368154153924828,2053.718,4269.688,993.188,3.7109638624231978,3.55829229008851,6.885617230564215,0.23148575337594135,76.39942223624945
B0007,149,540,2.2,1.4362945145860047,2056.843,4260.594,993.0,3.7109929553957297,3.5577376192260997,6.846435146366062,0.23172486604501774,76.3717245095749
B0007,150,544,2.2,1.4418575315878015,2054.672,4281.469000000003,1002.563,3.7049554701981533,3.555227210954653,6.866904818012696,0.23254709671112028,76.66752540388227
B0007,151,547,2.2,1.4672063484781797,2038.734,4299.735000000001,1021.0160000000001,3.723675799492659,3.57089900631608,6.636973244624862,0.22744147118144564,78.01539162528438
B0007,152,551,2.2,1.4518640367848885,2143.25,4209.234,1011.5780000000001,3.7172910197992777,3.5647940360280184,6.702284050353089,0.2289996880608305,77.19959877076819
B0007,153,555,2.2,1.4471379752748499,2118.453,4192.891,1002.406,3.7142902108705718,3.5613997465745553,6.734285169422606,0.23057426966553818,76.94830109888088
B0007,154,559,2.2,1.441790586562399,2083.828,4226.2970000000005,993.0,3.7123338985157903,3.5590410639290107,6.78202485749674,0.23104811391870683,76.6639657529991
B0007,155,563,2.2,1.431630947911111,2067.094,4232.281,984.031,3.7098672347795256,3.556574284084266,6.831350003985115,0.23173888042296698,76.1237498597311
B0007,156,567,2.2,1.4318084249673686,2051.14,4263.391,974.5619999999999,3.708279009712791,3.5549042527757275,6.842919465417914,0.2324689985213504,76.13318680230078
B0007,157,571,2.2,1.4262562585106868,2047.766,4252.75,974.4850000000001,3.707923834620783,3.5539320081668433,6.830956736006282,0.2326562254542095,75.83796286128113
B0007,158,575,2.2,1.4260877528924913,2033.484,4233.329,974.2339999999999,3.7059607862004893,3.5520732551003316,6.881835091331041,0.23370462817449278,75.82900295471568
B0007,159,579,2.2,1.4212633510031694,2017.156,4282.906,964.906,3.7047755512034164,3.5504576512992276,6.878384951438161,0.23433945517053933,75.57247625474358
B0007,160,583,2.2,1.4163272748795108,2014.797,4256.781000000001,964.922,3.704457089930352,3.5502954865762804,6.894714891976189,0.2342299774277632,75.31001152898851
B0007,161,587,2.2,1.4165781829175994,2003.875,4278.953,955.453,3.7030698450253507,3.5486719019074053,6.9155259876040915,0.23418945146649506,75.32335299856007
B0007,162,591,2.2,1.4108401729425177,2003.484,4262.641,955.6100000000001,3.7025571868210414,3.547935544549812,6.926563567910847,0.23485552793553177,75.01824724719788
B0007,163,595,2.2,1.4109949628347804,1988.796,4280.954,955.2189999999999,3.701103819333048,3.546380410213603,6.930918945279739,0.23509094296800326,75.02647785094155
B0007,164,599,2.2,1.4061714290398801,1984.782,4303.889999999999,955.5,3.7004702652813837,3.5452668883961103,6.952745958732592,0.23523688908467166,74.76999730993431
B0007,165,603,2.2,1.4063358479692922,1972.375,4290.14,946.0939999999999,3.699646950216028,3.544433962285272,6.968968039273545,0.2356186261573736,74.77873991603195
B0007,166,607,2.2,1.4004552399066514,1973.453,4281.75,936.438,3.6987898437605096,3.543409717256254,6.976591325824707,0.23563164164953232,74.46605183267027
B0007,167,611,2.2,1.4217865046055154,1961.281,4283.125,974.2649999999999,3.704336671964068,3.5520700013472735,6.377396857782372,0.23064474873697227,75.60029376876233
B0007,168,613,2.2,1.4324552720625434,2010.609,4345.5779999999995,974.4849999999999,3.7208875091538136,3.5635041140462325,6.409987916962194,0.2284728619677141,76.16758143909068
B0018,1,2,2.5,1.8550045207910817,3180.188,3881.9529999999995,1568.734,3.7624347242830343,3.651249708446715,6.19285533403519,0.22613443335803218,100.83728326424956
B0018,2,6,2.5,1.8431955317089987,3180.188,3881.9529999999995,1590.579,3.7699529946152444,3.6576329790626927,5.881930776065449,0.21874320588151308,100.19535147174557
B0018,3,10,2.5,1.8396018424355423,3178.1879999999946,3877.3280000000086,1591.938,3.7725801558293677,3.6593598557060263,5.841716856914381,0.21796138790508612,100.0
B0018,4,14,2.5,1.8306736044962053,3154.437,3890.6410000000005,1582.5929999999998,3.7721228979413657,3.658315692387305,5.851573392443644,0.21821821059030855,99.51466465550413
B0018,5,17,2.5,1.8327002069419656,3129.266,3875.8749999999995,1602.187,3.7805938419891154,3.665257948078832,5.752964545957873,0.21326491060203479,99.62482993143563
B0018,6,19,2.5,1.8285288846046388,3178.094,3798.3279999999995,1604.0320000000002,3.784905969860449,3.668513795953939,5.591422475330692,0.21078525567691653,99.3980785637699
B0018,7,21,2.5,1.8212011895697924,3163.797000000006,3772.0629999999946,1582.453,3.783820806651077,3.666798660171372,5.607166440232493,0.2112288752090481,98.99974807367076
B0018,8,23,2.5,1.8151700106433282,3130.328,3790.6870000000004,1571.75,3.782258740698977,3.6648148099863587,5.632090161356345,0.21233571725987055,98.67189566629986
B0018,9,26,2.5,1.8042980520967649,3111.422,3814.11,1570.203,3.780718563085894,3.6632268390850764,5.681239849850893,0.21254201080127988,98.08090046854721
B0018,10,29,2.5,1.8231002302844226,3044.813,3917.9839999999995,1588.375,3.7821134706595423,3.664771740674803,5.716813689593003,0.19699627195344416,99.10297914633134
B0018,11,31,2.5,1.8121253520255494,3143.672,3803.1560000000004,1578.203,3.785087352997453,3.666807420382268,5.590255234785495,0.1950393158610182,98.50638927532191
B0018,12,33,2.5,1.8046916382117766,3127.016,3767.422,1566.109,3.7838070810723416,3.66502416669539,5.550921295014792,0.19481782200987663,98.10229564797856
B0018,13,35,2.5,1.790844349786295,3092.235,3813.765,1543.922,3.7806424039655733,3.661497356513016,5.587074345567967,0.1962791997261668,97.34956274099537
B0018,14,38,2.5,1.783470722841926,3053.5,3853.937,1531.031,3.7773885539727967,3.6579566092688207,5.66875186064539,0.19743095880823347,96.94873541117454
B0018,15,41,2.5,1.7809386125310702,3009.578,3854.8129999999996,1537.75,3.7819761864611587,3.66106734712195,5.681254019597041,0.19689148924696553,96.81109093548174
B0018,16,43,2.5,1.771209039672698,3033.422,3822.6560000000004,1529.641,3.782923610515981,3.661434976761147,5.617644152672746,0.19446750222673703,96.28219535416993
B0018,17,45,2.5,1.7686303996707076,3021.828,3828.1250000000005,1522.328,3.783937626939401,3.661262692483542,5.510721866646602,0.19406377184562462,96.14202154359272
B0018,18,47,2.5,1.7536304801917124,2995.8429999999935,3841.7040000000125,1497.797,3.779522863780523,3.656866572668123,5.521023593035672,0.19540942702548048,95.32663208632103
B0018,19,50,2.5,1.7462197416415093,2955.219,3866.969,1475.094,3.7740664485387314,3.6510260723868058,5.63204022650887,0.19743277493453526,94.92378738486153
B0018,20,53,2.5,1.7376647337053737,2915.719,3902.781,1451.2649999999999,3.7739007211138005,3.6498942746282044,5.643134561294993,0.19846233682095127,94.45874066992623
B0018,21,55,2.5,1.7315166735475835,2908.594,3930.469,1445.062,3.7713733752303646,3.647289422221051,5.700903534757071,0.19893144568193133,94.12453464686362
B0018,22,57,2.5,1.7085949894470602,2872.734,3950.7819999999997,1440.0,3.766729189669269,3.642817467981121,5.685341167689323,0.19825947525089926,92.87852132094869
B0018,23,59,2.5,1.711469957068211,2855.422,3958.359,1425.797,3.767799887577887,3.6424748824249544,5.705719292359298,0.19833266937016125,93.03480337910018
B0018,24,62,2.5,1.7075021373272627,2828.5629999999946,3965.422000000006,1411.703,3.766659184400401,3.640698829901933,5.75346742222731,0.19958225413957154,92.81911432892534
B0018,25,65,2.5,1.7492382064360228,2766.437,4045.656,1448.719,3.7730233008692595,3.648950153047735,5.7316826870708475,0.19772450747104164,95.08786989037354
B0018,26,67,2.5,1.7327697147429955,2918.297,3944.9999999999995,1443.3899999999999,3.776313935628756,3.6506109859867117,5.65154144152207,0.19595268329078985,94.19264945119286
B0018,27,69,2.5,1.7222313328292376,2898.203,3939.891,1438.719,3.776796136794783,3.6498517910907164,5.580826696769808,0.19437855865495912,93.61978734208529
B0018,28,71,2.5,1.711846298984729,2865.531,3939.4530000000004,1423.8129999999999,3.7754710881758786,3.647458769225092,5.5493034860511585,0.19481568533221427,93.05526117098952
B0018,29,74,2.5,1.699267835126687,2829.735,3976.6869999999994,1396.2659999999998,3.771146487901375,3.6429004453325353,5.632137761660378,0.19621083592450717,92.37150104595133
B0018,30,77,2.5,1.6940366439243106,2787.875,4009.2349999999997,1390.2649999999999,3.7706324835878533,3.641082723658786,5.637152860390476,0.19675504723202852,92.0871356424328
B0018,31,79,2.5,1.6819027078768087,2775.062,4009.6410000000005,1363.188,3.7682498587923643,3.6383684511405954,5.687979647196627,0.19733141932001796,91.42753986645569
B0018,32,81,2.5,1.6769770618433686,2740.234,4045.6879999999996,1357.7810000000002,3.7686362666838473,3.6378662608429235,5.67863370123883,0.19663111529454058,91.15978377272842
B0018,33,83,2.5,1.6655229306478936,2731.984,4046.0310000000004,1353.4070000000002,3.766616903730681,3.6354772112363922,5.651083489640943,0.19659245082035914,90.53714190907871
B0018,34,86,2.5,1.6571924575832084,2705.406,4054.015000000002,1333.797,3.7626378057411602,3.6309968956335763,5.702583132784131,0.19823993202235313,90.08430081746206
B0018,35,89,2.5,1.6482241555294048,2653.625,4103.188,1320.141,3.763422763589434,3.6304746481219157,5.676066020777352,0.19844115105768667,89.59678760417184
B0018,36,91,2.5,1.6387701497987262,2651.797,4091.3129999999996,1299.484,3.760210603446386,3.626474016785849,5.7137125392294195,0.1993607002465616,89.08287173865162
B0018,37,93,2.5,1.6276486907262062,2625.25,4101.516,1283.25,3.7563703737642236,3.622905809315158,5.790073777911612,0.19995123212779342,88.47831379486333
B0018,38,95,2.5,1.62215370227252,2587.297,4147.031000000001,1277.015,3.7572982284434815,3.6228073179740496,5.816475598505804,0.2002616228447125,88.1796084811955
B0018,39,98,2.5,1.6140066510467586,2581.5,4140.656,1269.406,3.7543487824789343,3.6196455231651394,5.797466845739393,0.19979548033583328,87.73673812534854
B0018,40,101,2.5,1.6760516154424623,2523.64,4176.375,1330.843,3.7654676693304387,3.633665135791511,5.748501326242639,0.19786515971890317,91.10947688677308
B0018,41,103,2.5,1.649300642552199,2715.359,4066.1250000000005,1311.6870000000001,3.7608718951629285,3.6282246825218425,5.684049422803852,0.1978814592116458,89.65530499624886
B0018,42,105,2.5,1.63238299185809,2639.688,4101.4999999999945,1284.532,3.758814153966654,3.6241199199568737,5.714190532846935,0.19926212900541884,88.7356684583929
B0018,43,107,2.5,1.6164159719025777,2594.235,4138.530999999999,1275.3129999999999,3.7537437674544027,3.6187102595520786,5.7608650052371075,0.20060787249676748,87.86770781673725
B0018,44,110,2.5,1.6109028378249377,2550.188,4143.625,1246.672,3.7503216045503986,3.6143655966651935,5.89645185332223,0.20264135386107673,87.56801611440993
B0018,45,113,2.5,1.5954638693695657,2473.532,4344.889999999999,1226.765,3.74840154818265,3.611867430264791,5.87236375177638,0.2026377339823613,86.72876013525025
B0018,46,116,2.5,1.726707440085764,2728.782,4016.0384999999997,1424.4370000000001,3.772658626498709,3.6411489536635253,5.429389496410558,0.1986837838692579,93.86310669267912
B0018,47,118,2.5,1.7165673917429753,2984.032,3687.187,1387.5,3.7762757601525268,3.641460322626799,5.305334253397518,0.1942508473067952,93.31189783275737
B0018,48,120,2.5,1.6958235570934848,2916.1560000000027,3753.3589999999967,1355.9679999999998,3.7722932804495484,3.636408646273134,5.344029451604598,0.1947296733235988,92.18427150781159
B0018,49,122,2.5,1.6777783190792557,2843.5,3813.3590000000004,1328.453,3.768075259516151,3.631541050750995,5.350824860240614,0.1957927164189619,91.20333978672035
B0018,50,124,2.5,1.6606586897774192,2791.0,3839.5780000000004,1300.703,3.7633199928258834,3.626649192977793,5.385103210936808,0.196346803139261,90.27272377477014
B0018,51,127,2.5,1.6664109274827466,2703.125,4011.1090000000004,1316.562,3.7687309246349856,3.631260355637965,5.405302168412515,0.1946279200322616,90.58541305201676
B0018,52,129,2.5,1.6468336174407805,2762.515,3873.9690000000005,1298.141,3.7654043910759754,3.6271088252668653,5.44496229753916,0.19509473191885007,89.52119852524467
B0018,53,131,2.5,1.6257639928779952,2716.969,3918.7340000000004,1278.2959999999998,3.7579029641363015,3.620439971873587,5.412387821601122,0.19648710162931815,88.37586239452575
B0018,54,133,2.5,1.6121577411874595,2654.531,3993.719,1248.922,3.7548988810085135,3.616476326985519,5.498956554224819,0.19676971942007881,87.63623214537782
B0018,55,135,2.5,1.6057366823755344,2626.89,4003.7190000000005,1231.156,3.7540896658068728,3.614041014428503,5.578515148128972,0.19898245871408582,87.28718602769055
B0018,56,140,2.5,1.673645314879889,2688.8509999999997,3955.1720000000005,1281.063,3.765808539140106,3.625332816995362,5.526471202997502,0.19959457117964607,90.97867137728373
B0018,57,142,2.5,1.6404348572349936,2750.812,3906.625,1264.359,3.76402988197929,3.623515782493206,5.46872880640386,0.19647289641434806,89.17336455062139
B0018,58,144,2.5,1.6132653317422077,2669.703,3949.0320000000006,1235.141,3.75803885967914,3.6171805548910028,5.47651597091291,0.1971659172280278,87.696440312667
B0018,59,146,2.5,1.5920964324686278,2615.906,4002.219,1215.125,3.7501163303220313,3.6103412326348003,5.544998109233557,0.19841006217385937,86.54570764947542
B0018,60,149,2.5,1.5866011820698824,2568.609,4037.297,1185.859,3.7470304233090763,3.6058492363543024,5.652465919015398,0.2004537053913773,86.24698809658184
B0018,61,152,2.5,1.5800766490336253,2477.796,4240.5470000000005,1180.797,3.7479490438125693,3.6051301299801133,5.659699138362818,0.20071994503046175,85.89231716259218
B0018,62,154,2.5,1.5641732953289167,2497.156,4097.844,1170.578,3.7453834860255815,3.6022291145785825,5.678208739327982,0.20107405075065632,85.0278173921607
B0018,63,156,2.5,1.555618272193922,2468.515,4099.704,1150.953,3.741620931949083,3.598442295894455,5.684403774440284,0.20172698407745626,84.56276985102167
B0018,64,158,2.5,1.5402045278637397,2434.703,4102.1249999999945,1131.8899999999999,3.7381168948750143,3.5947850999037563,5.736311626517811,0.20179926186131025,83.72488504493911
B0018,65,161,2.5,1.5321613015959863,2412.141,4128.468000000001,1111.187,3.733424727411985,3.589789412839476,5.825564187833869,0.2040416774673801,83.287658571133
B0018,66,164,2.5,1.5316232403693415,2325.281,4337.953,1115.937,3.735342302399666,3.5899939482993495,5.766310158985398,0.20408997180900812,83.25840978401868
B0018,67,166,2.5,1.5222595950771978,2365.891,4188.0,1094.7659999999998,3.7313303041012635,3.5859583828660897,5.836551241851655,0.2053444245387297,82.74940587479523
B0018,68,168,2.5,1.5065267126851283,2324.938,4168.25,1085.344,3.7253912016976565,3.5807602689773734,5.939743516713076,0.20621222221081092,81.89417285484782
B0018,69,170,2.5,1.5014219556532926,2312.719,4245.781,1068.297,3.724907929491736,3.578958706301746,5.942678371376147,0.20647190869989585,81.61668036087005
B0018,70,173,2.5,1.4963534117486457,2288.484,4227.280999999999,1057.656,3.7209522743787447,3.575026464851412,5.984508496183874,0.20806547456041136,81.3411563976011
B0018,71,176,2.5,1.5334262000312422,2329.9375,4225.2029999999995,1107.437,3.7337980111608906,3.5884816100277437,5.842842095727157,0.20341215170096882,83.3564179301463
B0018,72,178,2.5,1.523845267514426,2371.391,4223.125,1098.422,3.732706489296383,3.5862413288422337,5.809638894634379,0.20383055393976246,82.83560237670396
B0018,73,180,2.5,1.5011920994261239,2322.265,4200.156000000001,1076.828,3.7236831495651974,3.5785448755415192,5.8630021579764,0.20528946831958672,81.60418547084184
B0018,74,182,2.5,1.492417671450291,2296.437,4227.2970000000005,1057.14,3.7231154366577073,3.5762324421243044,5.875324968771871,0.20615385896850036,81.12721117273962
B0018,75,184,2.5,1.483323851940123,2258.765,4248.25,1047.531,3.719989521084963,3.5722528422093642,5.894233100602548,0.20797784091365035,80.63287488211446
B0018,76,187,2.5,1.4807376792294196,2153.625,4525.094,1039.266,3.719707451385057,3.5712237645006697,5.98109638286623,0.20780235599842722,80.49229159658786
B0018,77,189,2.5,1.4735077809902477,2220.297,4283.062,1031.891,3.7160052749067405,3.567621737308985,6.052991691163314,0.20840676172786754,80.09927730010294
B0018,78,191,2.5,1.46801928526661,2189.391,4295.639999999999,1020.094,3.7171727685771936,3.567314428929697,5.959677410813086,0.2079692023534898,79.80092492857176
B0018,79,193,2.5,1.4580923557119019,2181.593,4260.75,1010.219,3.7121851534075767,3.5627210420967876,6.038619476551119,0.20956863186322527,79.26130111836915
B0018,80,196,2.5,1.4478660988891399,2152.812,4311.469,1000.9380000000001,3.705389445431988,3.556117667447543,6.132248317819734,0.21143388669632657,78.70540600091138
B0018,81,199,2.5,1.4527808777541982,2052.782,4591.187,991.9999999999999,3.7110598443231253,3.5590839014469506,6.157774591630421,0.2115585703711247,78.97257135983229
B0018,82,201,2.5,1.4425356364492432,2114.328,4367.875,982.5159999999998,3.704325801130542,3.55361671111172,6.18616907367235,0.21233506990067585,78.41564425372596
B0018,83,203,2.5,1.4392712877203313,2095.766,4329.8279999999995,984.594,3.7055407435040566,3.5538436103854028,6.1350378320204335,0.21159584755479255,78.23819559860884
B0018,84,205,2.5,1.4286475681888218,2083.938,4336.781,974.25,3.7046160056626296,3.552476730473423,6.1190879745543825,0.21120016086380744,77.66069457167768
B0018,85,208,2.5,1.4249026750004896,2073.922,4328.735000000001,963.9999999999999,3.6992232823195605,3.5469028824374207,6.240775502684027,0.21336050654917216,77.45712371727072
B0018,86,211,2.5,1.4698115324524124,1896.64,4603.656999999999,1015.797,3.7151858435350884,3.564839147538671,6.036765400748596,0.2077340237925549,79.89835074890196
B0018,87,213,2.5,1.4525819651050202,2184.922,4342.1720000000005,993.969,3.7102257257665414,3.559559773536542,6.055252330464118,0.2096744088760496,78.96175854998455
B0018,88,215,2.5,1.442834198908794,2132.0939999999973,4310.608999999997,971.625,3.7043975150718933,3.5531147097496567,6.084628445553037,0.21144306899035303,78.43187398630525
B0018,89,217,2.5,1.428376058807949,2083.297,4342.5470000000005,963.469,3.6993344401054697,3.547589328518888,6.2262702648428885,0.21297666637611368,77.64593543333538
B0018,90,219,2.5,1.4154547844370715,2063.062,4387.5470000000005,951.9380000000001,3.6915245973675557,3.5402107816405657,6.298404600046716,0.21520509495368279,76.94354026972918
B0018,91,222,2.5,1.454576670077708,1862.891,4676.4220000000005,979.656,3.710521734355367,3.55712503713603,6.160229392112743,0.2106398858447185,79.07018989239107
B0018,92,224,2.5,1.4283179548274056,2104.922,4347.514999999999,968.0000000000027,3.701919955921693,3.549758767945132,6.160148336519352,0.2118920829818749,77.64277692483626
B0018,93,226,2.5,1.4197026883204058,2073.813,4353.656,959.7649999999999,3.6996952227677653,3.5469862993303582,6.163628106852983,0.21216289556920653,77.17445457875762
B0018,94,228,2.5,1.4155606630306516,2043.875,4347.781,949.375,3.699322406393623,3.5452217900251632,6.12330749204175,0.21240366741209415,76.94929578655558
B0018,95,231,2.5,1.405680035419228,2029.485,4329.875,925.6090000000002,3.6919331537956537,3.538128941847569,6.319790452300662,0.21444624274144442,76.41218893095784
B0018,96,234,2.5,1.4084461071166137,1914.937,4655.109,940.703,3.69574722674155,3.5405636889550367,6.2175404618250845,0.21318928237230228,76.56255145145433
B0018,97,236,2.5,1.3968547782872414,2005.484,4401.219000000001,917.485,3.6910205100245754,3.536101412877752,6.290947944715612,0.21473252358731632,75.93245158082004
B0018,98,238,2.5,1.3935670371440676,1977.25,4395.031,919.906,3.688668952630233,3.5330755830714407,6.342710812041005,0.21540751442496697,75.7537313236789
B0018,99,240,2.5,1.3893644292809475,1953.235,4373.515,901.656,3.6882517289444072,3.5321861195269775,6.287037211374191,0.21534454017306404,75.52527928769072
B0018,100,243,2.5,1.3785651415666713,1939.922,4395.639999999999,894.968,3.6842921406717655,3.5276686461361186,6.419395147692729,0.2168662165045805,74.93823444651038
B0018,101,246,2.5,1.384901110085747,1833.156,4692.907,889.4370000000001,3.686244796116197,3.529204896635597,6.329863852651187,0.21614844274621836,75.28265509085412
B0018,102,248,2.5,1.3703251814242443,1924.781,4411.344,889.0780000000001,3.680321884922381,3.523901175903206,6.462397379406905,0.21769135316118637,74.49031360014303
B0018,103,250,2.5,1.3733464385229082,1910.734,4412.688,891.7499999999999,3.68202985201756,3.524127953635938,6.424241063977981,0.21725111822018572,74.6545478941609
B0018,104,252,2.5,1.3679487285504814,1896.859,4403.829,880.39,3.680679634786133,3.5224290043338677,6.396623124683156,0.21726027495709,74.36113059874873
B0018,105,255,2.5,1.3567141087089647,1881.141,4426.311999999994,869.39,3.6757936573667047,3.5176864087886526,6.554750266832581,0.2186516586778211,73.75042128207167
B0018,106,258,2.5,1.4604310209194575,1776.547,4586.234,999.3429999999998,3.7107715088138273,3.559544489416849,6.082145924331989,0.21021643474326446,79.38842999776075
B0018,107,260,2.5,1.4500998937104097,2165.562,4230.188,989.594,3.710471296609991,3.558451694969187,6.0489666126329915,0.20902753812321473,78.82683416921071
B0018,108,262,2.5,1.4381406901824496,2142.031,4234.141,979.25,3.7086887346884727,3.5563947506814917,6.064112742051421,0.20870336798167877,78.17673678117337
B0018,109,264,2.5,1.4283681980964316,2109.062,4198.484,952.922,3.7053618914510627,3.5519448433164675,6.060208353185281,0.2098835062619009,77.64550812828837
B0018,110,266,2.5,1.4147874517552432,2075.016,4227.280999999999,944.4060000000001,3.6979772963276063,3.5446732979989117,6.161599778941131,0.21213741440306721,76.90726433944718
B0018,111,269,2.5,1.413889163393182,1943.375,4528.109,931.281,3.6977150486926824,3.5428278190534703,6.15636798695455,0.21246029472107386,76.85843375332036
B0018,112,271,2.5,1.3989331662177225,2017.594,4308.563,922.0,3.6917720826271996,3.537923572426436,6.310608679740646,0.21337940555005952,76.04543189441492
B0018,113,273,2.5,1.3953322584033976,1997.25,4295.375,924.5149999999999,3.6949810386007624,3.5396599355997136,6.208111021884491,0.21188494299751737,75.84968802575487
B0018,114,275,2.5,1.390046129540245,1994.719,4270.047,925.8119999999999,3.6953709000582964,3.5393092297707596,6.2425132858464245,0.21201999740651933,75.56233623357826
B0018,115,278,2.5,1.3860271454209647,1988.281,4233.141,901.6880000000001,3.68976349033843,3.5333905896593234,6.308499924055816,0.2136965771090975,75.34386590882802
B0018,116,281,2.5,1.388215260193751,1861.781,4579.969,889.937,3.692898611513827,3.533987357197098,6.366863089814803,0.21478799700843387,75.4628109284682
B0018,117,283,2.5,1.3761826562394497,1948.375,4324.25,892.3439999999999,3.6842399462774336,3.5264659652632804,6.320684917298184,0.21587821277673624,74.80872352342568
B0018,118,285,2.5,1.3647168898640165,1908.188,4328.422,867.2810000000001,3.680361491725734,3.52194944751735,6.354987978206655,0.21708237803884245,74.18544917617601
B0018,119,287,2.5,1.3589854739373584,1891.922,4364.781000000001,868.3129999999999,3.6780719806834568,3.5187301488154654,6.430300526693738,0.21803208103416694,73.87389176225919
B0018,120,290,2.5,1.3462308764008801,1872.797,4353.8279999999995,849.0630000000001,3.6696777145016086,3.511081937792126,6.606264549232872,0.22084002217562437,73.18055708285966
B0018,121,293,2.5,1.4268427818454643,1966.508,4312.3279999999995,940.3280000000001,3.7031475167041905,3.547023676188682,6.259883434345859,0.21218910768915578,77.5625871278969
B0018,122,295,2.5,1.4064481483279663,2060.219,4270.8279999999995,928.375,3.695345047091029,3.5410450015222796,6.229152388471682,0.21248385996179842,76.45394323294971
B0018,123,297,2.5,1.3934907492075153,2032.235,4246.14,903.4209999999999,3.693685568305967,3.5382166731494675,6.201453195889009,0.2130333162746738,75.7495843428055
B0018,124,299,2.5,1.3882493512249316,2002.172,4246.295999999993,905.375,3.690362037373744,3.5340900565134508,6.209821241600697,0.21317238985238163,75.46466410291033
B0018,125,301,2.5,1.3701878338420928,1965.328,4242.641,894.1869999999999,3.683095428749018,3.527048795181516,6.338909643333167,0.21592088872187754,74.48284744203298
B0018,126,304,2.5,1.3796951665608619,1842.235,4582.984,895.7660000000001,3.686079936054458,3.5281607445855037,6.30605842155715,0.21461571814983316,74.99966214070614
B0018,127,306,2.5,1.3686586323935683,1928.031,4353.828,884.5469999999999,3.6844495380840883,3.5269551990717467,6.340739757885466,0.21450973320638367,74.39972067985818
B0018,128,308,2.5,1.3627371779096438,1933.907,4266.8279999999995,886.2030000000001,3.685238617757552,3.527253575748978,6.323032796859678,0.21467238942485523,74.07783284808232
B0018,129,310,2.5,1.3634051133928073,1928.922,4233.437,872.453,3.6859477530677873,3.5269681275833253,6.231717655948646,0.21321467250112036,74.11414154639714
B0018,130,313,2.5,1.3518646035305233,1907.25,4246.39,861.4689999999999,3.675901869626024,3.5177920884888745,6.453464699761653,0.21642545109711797,73.486804173925
B0018,131,316,2.5,1.3547969729652622,1786.515,4535.86,849.719,3.6801655826083715,3.5201312816640034,6.349593077617488,0.21596954483580433,73.64620657106853
B0018,132,318,2.5,1.341051440640485,1882.422,4295.4529999999995,850.6409999999998,3.6743397345406223,3.5142944387211594,6.417723133601438,0.21789564518325255,72.89900508389353
