battery_id,cycle_number,capacity_ah,model,predicted,feature_set
B0005,1,1.8564874208181574,Linear Regression,1.8456473285065857,Charge only (2)
B0005,2,1.846327249719927,Linear Regression,1.8456473285065857,Charge only (2)
B0005,3,1.8353491942234077,Linear Regression,1.8358311711930995,Charge only (2)
B0005,4,1.8352625275821128,Linear Regression,1.8329893575296152,Charge only (2)
B0005,5,1.8346455082120419,Linear Regression,1.8254091471335778,Charge only (2)
B0005,6,1.8356616600675495,Linear Regression,1.8277106107229035,Charge only (2)
B0005,7,1.8351461429226603,Linear Regression,1.8283782985981365,Charge only (2)
B0005,8,1.8257567905665537,Linear Regression,1.8237608780887906,Charge only (2)
B0005,9,1.8247738529891333,Linear Regression,1.8160856451917258,Charge only (2)
B0005,10,1.824613268496936,Linear Regression,1.821389219106785,Charge only (2)
B0005,11,1.8246195526864504,Linear Regression,1.8119877143401306,Charge only (2)
B0005,12,1.8142019357673917,Linear Regression,1.8066919266424526,Charge only (2)
B0005,13,1.8137521577549054,Linear Regression,1.8013961389447746,Charge only (2)
B0005,14,1.8134404914735822,Linear Regression,1.799490113216189,Charge only (2)
B0005,15,1.8025980036306504,Linear Regression,1.800378694187916,Charge only (2)
B0005,16,1.80210690024615,Linear Regression,1.789623326081794,Charge only (2)
B0005,17,1.802579500826209,Linear Regression,1.7928432918532504,Charge only (2)
B0005,18,1.8030683142834096,Linear Regression,1.7908436529117981,Charge only (2)
B0005,19,1.8027776247196041,Linear Regression,1.7891057343982735,Charge only (2)
B0005,20,1.8470259949329193,Linear Regression,1.7696830541600896,Charge only (2)
B0005,21,1.847417311283644,Linear Regression,1.8361887464502595,Charge only (2)
B0005,22,1.8361774213478947,Linear Regression,1.8371743140215302,Charge only (2)
B0005,23,1.8257807475776242,Linear Regression,1.8213416278791936,Charge only (2)
B0005,24,1.8251136435078368,Linear Regression,1.8119044023664297,Charge only (2)
B0005,25,1.8255815042203762,Linear Regression,1.8159301724800152,Charge only (2)
B0005,26,1.8140311275083907,Linear Regression,1.8139152205795173,Charge only (2)
B0005,27,1.8147691941158939,Linear Regression,1.8039329348621715,Charge only (2)
B0005,28,1.813969388710352,Linear Regression,1.8020756042928259,Charge only (2)
B0005,29,1.802765665167823,Linear Regression,1.803841460661262,Charge only (2)
B0005,30,1.804077040117352,Linear Regression,1.7890814458099074,Charge only (2)
B0005,31,1.8518025516704486,Linear Regression,1.8004032961020386,Charge only (2)
B0005,32,1.8307038456739428,Linear Regression,1.81172514639417,Charge only (2)
B0005,33,1.8199041089501267,Linear Regression,1.7996717960636963,Charge only (2)
B0005,34,1.8093079637028517,Linear Regression,1.7876627512683223,Charge only (2)
B0005,35,1.80460990458052,Linear Regression,1.7833344122283836,Charge only (2)
B0005,36,1.7993770651972192,Linear Regression,1.7782952876943214,Charge only (2)
B0005,37,1.7884432335370462,Linear Regression,1.769085501065267,Charge only (2)
B0005,38,1.7829230484252723,Linear Regression,1.7618590873385878,Charge only (2)
B0005,39,1.7730337158018288,Linear Regression,1.7600703978740546,Charge only (2)
B0005,40,1.773037755078937,Linear Regression,1.7495399460502072,Charge only (2)
B0005,41,1.7678721106662054,Linear Regression,1.7510158623412704,Charge only (2)
B0005,42,1.7623150704093087,Linear Regression,1.7427259752200919,Charge only (2)
B0005,43,1.7676172924938447,Linear Regression,1.7358496186891073,Charge only (2)
B0005,44,1.762668359743147,Linear Regression,1.7484464780057063,Charge only (2)
B0005,45,1.7517304870664143,Linear Regression,1.7391537609798582,Charge only (2)
B0005,46,1.7418496047960008,Linear Regression,1.7308641279803787,Charge only (2)
B0005,47,1.7360913511847138,Linear Regression,1.7215672076038453,Charge only (2)
B0005,48,1.7936240148573608,Linear Regression,1.6977189318938,Charge only (2)
B0005,49,1.7831890223273275,Linear Regression,1.7786359853593867,Charge only (2)
B0005,50,1.7673642076278957,Linear Regression,1.7579167021289284,Charge only (2)
B0005,51,1.7570177850353066,Linear Regression,1.7429796481246285,Charge only (2)
B0005,52,1.7468706179837907,Linear Regression,1.7337786118166358,Charge only (2)
B0005,53,1.7417172507457144,Linear Regression,1.7249746656055458,Charge only (2)
B0005,54,1.7364225056478186,Linear Regression,1.7203822440258731,Charge only (2)
B0005,55,1.7263217239235826,Linear Regression,1.707936317296601,Charge only (2)
B0005,56,1.7158065389330133,Linear Regression,1.7098336435875647,Charge only (2)
B0005,57,1.710533351135192,Linear Regression,1.6993705710070366,Charge only (2)
B0005,58,1.706014499648521,Linear Regression,1.6924084460252042,Charge only (2)
B0005,59,1.7003110272642588,Linear Regression,1.690222090644162,Charge only (2)
B0005,60,1.6945798601797895,Linear Regression,1.6804941103025466,Charge only (2)
B0005,61,1.6849029086609286,Linear Regression,1.6763224580332636,Charge only (2)
B0005,62,1.6744741591159717,Linear Regression,1.6703206094832446,Charge only (2)
B0005,63,1.6745692479879102,Linear Regression,1.6607509828726106,Charge only (2)
B0005,64,1.663716375981405,Linear Regression,1.6588277095631057,Charge only (2)
B0005,65,1.659013868748246,Linear Regression,1.6547300453677525,Charge only (2)
B0005,66,1.6538540573335014,Linear Regression,1.645113115518331,Charge only (2)
B0005,67,1.642653782130131,Linear Regression,1.6438422700837834,Charge only (2)
B0005,68,1.6378578430223698,Linear Regression,1.6332982910209608,Charge only (2)
B0005,69,1.6327350407099108,Linear Regression,1.628679745247406,Charge only (2)
B0005,70,1.6277528915533617,Linear Regression,1.621773950991901,Charge only (2)
B0005,71,1.622125485521159,Linear Regression,1.6198671054581728,Charge only (2)
B0005,72,1.6113256603765849,Linear Regression,1.614022221945838,Charge only (2)
B0005,73,1.6065631397488385,Linear Regression,1.6049463376224073,Charge only (2)
B0005,74,1.6015142233917594,Linear Regression,1.6023791462838828,Charge only (2)
B0005,75,1.590369231400328,Linear Regression,1.598248153364046,Charge only (2)
B0005,76,1.5857889968242211,Linear Regression,1.586989213566598,Charge only (2)
B0005,77,1.5849430707374117,Linear Regression,1.5805995183055312,Charge only (2)
B0005,78,1.5955263892495937,Linear Regression,1.5755702176562634,Charge only (2)
B0005,79,1.5747301747801037,Linear Regression,1.5868320175035293,Charge only (2)
B0005,80,1.5649019950937946,Linear Regression,1.5703453624266437,Charge only (2)
B0005,81,1.5597659473370362,Linear Regression,1.560390264733915,Charge only (2)
B0005,82,1.5594815668184234,Linear Regression,1.556668453163738,Charge only (2)
B0005,83,1.55468935359061,Linear Regression,1.5577132553393258,Charge only (2)
B0005,84,1.5488741079890418,Linear Regression,1.5497749112342292,Charge only (2)
B0005,85,1.538236598942558,Linear Regression,1.54866614927107,Charge only (2)
B0005,86,1.527914258251028,Linear Regression,1.536103464733587,Charge only (2)
B0005,87,1.5285252629756445,Linear Regression,1.531363743191386,Charge only (2)
B0005,88,1.522647325284378,Linear Regression,1.5319153006871593,Charge only (2)
B0005,89,1.5174859938489869,Linear Regression,1.5203846391413496,Charge only (2)
B0005,90,1.605818899130659,Linear Regression,1.527768532420037,Charge only (2)
B0005,91,1.5638491446744425,Linear Regression,1.5351524256987243,Charge only (2)
B0005,92,1.5480915247767786,Linear Regression,1.5581494157467402,Charge only (2)
B0005,93,1.5323755631868592,Linear Regression,1.5460656425198427,Charge only (2)
B0005,94,1.5269528268489705,Linear Regression,1.5285199405065593,Charge only (2)
B0005,95,1.5169573017136326,Linear Regression,1.5255242744734518,Charge only (2)
B0005,96,1.5118975960142693,Linear Regression,1.51356053537711,Charge only (2)
B0005,97,1.5065638960681105,Linear Regression,1.5097836246652596,Charge only (2)
B0005,98,1.5015453526671363,Linear Regression,1.5069517503678835,Charge only (2)
B0005,99,1.4908444050400238,Linear Regression,1.5023442655318284,Charge only (2)
B0005,100,1.485868384561201,Linear Regression,1.4910023184937846,Charge only (2)
B0005,101,1.480413677976106,Linear Regression,1.4863501229725222,Charge only (2)
B0005,102,1.4752095869031632,Linear Regression,1.4811648986433965,Charge only (2)
B0005,103,1.4859035988304024,Linear Regression,1.4723110357102833,Charge only (2)
B0005,104,1.4960918298136696,Linear Regression,1.4752623649889005,Charge only (2)
B0005,105,1.4808005946928984,Linear Regression,1.4994751421569217,Charge only (2)
B0005,106,1.4697543268466824,Linear Regression,1.480563096170572,Charge only (2)
B0005,107,1.4539012274845928,Linear Regression,1.4713161467177327,Charge only (2)
B0005,108,1.4541462067235693,Linear Regression,1.4635944087941657,Charge only (2)
B0005,109,1.455023751906683,Linear Regression,1.458674679674177,Charge only (2)
B0005,110,1.449042163761236,Linear Regression,1.455428117873794,Charge only (2)
B0005,111,1.4386709371480566,Linear Regression,1.4521560022310844,Charge only (2)
B0005,112,1.433445432156979,Linear Regression,1.4396101137855228,Charge only (2)
B0005,113,1.4333958900838095,Linear Regression,1.4385737811342005,Charge only (2)
B0005,114,1.42806487344776,Linear Regression,1.4348005275953835,Charge only (2)
B0005,115,1.4229203181741186,Linear Regression,1.4315913206208464,Charge only (2)
B0005,116,1.417429032731308,Linear Regression,1.4277623168546418,Charge only (2)
B0005,117,1.412409228794446,Linear Regression,1.4214540354790122,Charge only (2)
B0005,118,1.412578792940193,Linear Regression,1.4171934677067752,Charge only (2)
B0005,119,1.4075983731469897,Linear Regression,1.4170470051661728,Charge only (2)
B0005,120,1.4333920485221476,Linear Regression,1.4111045002472176,Charge only (2)
B0005,121,1.4382550176792908,Linear Regression,1.4388175835984631,Charge only (2)
B0005,122,1.4173547174485526,Linear Regression,1.437191268912349,Charge only (2)
B0005,123,1.406981663677643,Linear Regression,1.4183944782608542,Charge only (2)
B0005,124,1.4012037783587625,Linear Regression,1.4127162916376275,Charge only (2)
B0005,125,1.3967008232726328,Linear Regression,1.4042303644774394,Charge only (2)
B0005,126,1.391284788852726,Linear Regression,1.399261388149603,Charge only (2)
B0005,127,1.3862287677978349,Linear Regression,1.3925400762492206,Charge only (2)
B0005,128,1.3804366761974138,Linear Regression,1.387030322917942,Charge only (2)
B0005,129,1.3752364150256224,Linear Regression,1.3855430012582668,Charge only (2)
B0005,130,1.3705128024895008,Linear Regression,1.3764572141536158,Charge only (2)
B0005,131,1.3705085566270399,Linear Regression,1.3791238195903377,Charge only (2)
B0005,132,1.3647355108681518,Linear Regression,1.3737618153234257,Charge only (2)
B0005,133,1.375392016895762,Linear Regression,1.3649510024557274,Charge only (2)
B0005,134,1.3861115151535393,Linear Regression,1.3709274263823807,Charge only (2)
B0005,135,1.3698500035838939,Linear Regression,1.3839384281759028,Charge only (2)
B0005,136,1.3647827949260758,Linear Regression,1.3698658774623718,Charge only (2)
B0005,137,1.3543220466259964,Linear Regression,1.36700198223408,Charge only (2)
B0005,138,1.3546417018378962,Linear Regression,1.3579203832163071,Charge only (2)
B0005,139,1.3547039213192407,Linear Regression,1.354860719461116,Charge only (2)
B0005,140,1.349314997503458,Linear Regression,1.3526625194566555,Charge only (2)
B0005,141,1.3441891937970554,Linear Regression,1.3508771612023007,Charge only (2)
B0005,142,1.3389913790695755,Linear Regression,1.3430703789466378,Charge only (2)
B0005,143,1.3389145230206971,Linear Regression,1.3421402379320742,Charge only (2)
B0005,144,1.3340066759761655,Linear Regression,1.3374399323270332,Charge only (2)
B0005,145,1.3286444309174914,Linear Regression,1.3335340977022339,Charge only (2)
B0005,146,1.3231708992276219,Linear Regression,1.332568372443604,Charge only (2)
B0005,147,1.3181691588445197,Linear Regression,1.3319748451383107,Charge only (2)
B0005,148,1.3184664436640334,Linear Regression,1.3184948521506439,Charge only (2)
B0005,149,1.318293040102702,Linear Regression,1.321205823529628,Charge only (2)
B0005,150,1.323872422244268,Linear Regression,1.3196698825052433,Charge only (2)
B0005,151,1.3601216766554785,Linear Regression,1.3246596103179855,Charge only (2)
B0005,152,1.3395306867947354,Linear Regression,1.362389309612878,Charge only (2)
B0005,153,1.3290286565120697,Linear Regression,1.336039330485761,Charge only (2)
B0005,154,1.3236741274998955,Linear Regression,1.3283116535346282,Charge only (2)
B0005,155,1.318633896753293,Linear Regression,1.3204858031910245,Charge only (2)
B0005,156,1.3134751321324272,Linear Regression,1.3188145645993747,Charge only (2)
B0005,157,1.3132020634442203,Linear Regression,1.3130471938251296,Charge only (2)
B0005,158,1.3077959946944353,Linear Regression,1.3120187429673291,Charge only (2)
B0005,159,1.3030329186405918,Linear Regression,1.3099563495507676,Charge only (2)
B0005,160,1.3033573559038205,Linear Regression,1.3040365751442495,Charge only (2)
B0005,161,1.3034100438655642,Linear Regression,1.3088902464058747,Charge only (2)
B0005,162,1.2978870806495706,Linear Regression,1.3052310565643401,Charge only (2)
B0005,163,1.2980735056918902,Linear Regression,1.295179753207717,Charge only (2)
B0005,164,1.293463613844243,Linear Regression,1.297707294151177,Charge only (2)
B0005,165,1.288003392619118,Linear Regression,1.2932605495996774,Charge only (2)
B0005,166,1.2874525221379407,Linear Regression,1.2854344491390244,Charge only (2)
B0005,167,1.3090153642307354,Linear Regression,1.2826528388988838,Charge only (2)
B0005,168,1.3250793286429356,Linear Regression,1.316089187243992,Charge only (2)
B0005,1,1.8564874208181574,Random Forest,1.8523821159114207,Charge only (2)
B0005,2,1.846327249719927,Random Forest,1.8523821159114207,Charge only (2)
B0005,3,1.8353491942234077,Random Forest,1.8522973549889354,Charge only (2)
B0005,4,1.8352625275821128,Random Forest,1.8513723391396681,Charge only (2)
B0005,5,1.8346455082120419,Random Forest,1.842278876132237,Charge only (2)
B0005,6,1.8356616600675495,Random Forest,1.8500053403858192,Charge only (2)
B0005,7,1.8351461429226603,Random Forest,1.850406727995134,Charge only (2)
B0005,8,1.8257567905665537,Random Forest,1.848108270004372,Charge only (2)
B0005,9,1.8247738529891333,Random Forest,1.8326853571465849,Charge only (2)
B0005,10,1.824613268496936,Random Forest,1.8341855748648481,Charge only (2)
B0005,11,1.8246195526864504,Random Forest,1.8317203305997116,Charge only (2)
B0005,12,1.8142019357673917,Random Forest,1.8283337976207221,Charge only (2)
B0005,13,1.8137521577549054,Random Forest,1.8271974903819932,Charge only (2)
B0005,14,1.8134404914735822,Random Forest,1.8239220290258942,Charge only (2)
B0005,15,1.8025980036306504,Random Forest,1.8239220290258942,Charge only (2)
B0005,16,1.80210690024615,Random Forest,1.816042958708085,Charge only (2)
B0005,17,1.802579500826209,Random Forest,1.8113374490397083,Charge only (2)
B0005,18,1.8030683142834096,Random Forest,1.8091903644228946,Charge only (2)
B0005,19,1.8027776247196041,Random Forest,1.8094529614029191,Charge only (2)
B0005,20,1.8470259949329193,Random Forest,1.794369002411855,Charge only (2)
B0005,21,1.847417311283644,Random Forest,1.850284018071352,Charge only (2)
B0005,22,1.8361774213478947,Random Forest,1.8499463360793709,Charge only (2)
B0005,23,1.8257807475776242,Random Forest,1.8418254919845172,Charge only (2)
B0005,24,1.8251136435078368,Random Forest,1.8511163120745315,Charge only (2)
B0005,25,1.8255815042203762,Random Forest,1.8443317802251165,Charge only (2)
B0005,26,1.8140311275083907,Random Forest,1.8440444047269624,Charge only (2)
B0005,27,1.8147691941158939,Random Forest,1.8278918485308642,Charge only (2)
B0005,28,1.813969388710352,Random Forest,1.8278336082932918,Charge only (2)
B0005,29,1.802765665167823,Random Forest,1.828220312549535,Charge only (2)
B0005,30,1.804077040117352,Random Forest,1.8094443750110443,Charge only (2)
B0005,31,1.8518025516704486,Random Forest,1.8277249590047426,Charge only (2)
B0005,32,1.8307038456739428,Random Forest,1.8315202266160182,Charge only (2)
B0005,33,1.8199041089501267,Random Forest,1.8278266269707542,Charge only (2)
B0005,34,1.8093079637028517,Random Forest,1.8072446240142859,Charge only (2)
B0005,35,1.80460990458052,Random Forest,1.7949833797308257,Charge only (2)
B0005,36,1.7993770651972192,Random Forest,1.7865458264090788,Charge only (2)
B0005,37,1.7884432335370462,Random Forest,1.782617589898252,Charge only (2)
B0005,38,1.7829230484252723,Random Forest,1.776119847553866,Charge only (2)
B0005,39,1.7730337158018288,Random Forest,1.7710197994269672,Charge only (2)
B0005,40,1.773037755078937,Random Forest,1.7581220524415473,Charge only (2)
B0005,41,1.7678721106662054,Random Forest,1.7638212135963554,Charge only (2)
B0005,42,1.7623150704093087,Random Forest,1.7541382793125013,Charge only (2)
B0005,43,1.7676172924938447,Random Forest,1.729265043839268,Charge only (2)
B0005,44,1.762668359743147,Random Forest,1.7578781134367714,Charge only (2)
B0005,45,1.7517304870664143,Random Forest,1.7368108931350486,Charge only (2)
B0005,46,1.7418496047960008,Random Forest,1.7355740213792807,Charge only (2)
B0005,47,1.7360913511847138,Random Forest,1.7275143198808707,Charge only (2)
B0005,48,1.7936240148573608,Random Forest,1.7167981158074872,Charge only (2)
B0005,49,1.7831890223273275,Random Forest,1.8052776169665958,Charge only (2)
B0005,50,1.7673642076278957,Random Forest,1.7737897477893174,Charge only (2)
B0005,51,1.7570177850353066,Random Forest,1.7533609412508755,Charge only (2)
B0005,52,1.7468706179837907,Random Forest,1.7273179603734201,Charge only (2)
B0005,53,1.7417172507457144,Random Forest,1.7260223888268351,Charge only (2)
B0005,54,1.7364225056478186,Random Forest,1.7193581966711184,Charge only (2)
B0005,55,1.7263217239235826,Random Forest,1.7113800717868828,Charge only (2)
B0005,56,1.7158065389330133,Random Forest,1.7078349664153756,Charge only (2)
B0005,57,1.710533351135192,Random Forest,1.6936430707096077,Charge only (2)
B0005,58,1.706014499648521,Random Forest,1.6949718550178339,Charge only (2)
B0005,59,1.7003110272642588,Random Forest,1.6939279530932851,Charge only (2)
B0005,60,1.6945798601797895,Random Forest,1.67803340305611,Charge only (2)
B0005,61,1.6849029086609286,Random Forest,1.6858048457104282,Charge only (2)
B0005,62,1.6744741591159717,Random Forest,1.6806889059911863,Charge only (2)
B0005,63,1.6745692479879102,Random Forest,1.668840172669935,Charge only (2)
B0005,64,1.663716375981405,Random Forest,1.6645965663492137,Charge only (2)
B0005,65,1.659013868748246,Random Forest,1.666828798636105,Charge only (2)
B0005,66,1.6538540573335014,Random Forest,1.6327215242581916,Charge only (2)
B0005,67,1.642653782130131,Random Forest,1.6336764652268352,Charge only (2)
B0005,68,1.6378578430223698,Random Forest,1.6195733199906435,Charge only (2)
B0005,69,1.6327350407099108,Random Forest,1.6189922613350063,Charge only (2)
B0005,70,1.6277528915533617,Random Forest,1.603793562438009,Charge only (2)
B0005,71,1.622125485521159,Random Forest,1.6444987288002293,Charge only (2)
B0005,72,1.6113256603765849,Random Forest,1.6436713122384616,Charge only (2)
B0005,73,1.6065631397488385,Random Forest,1.6014882135477828,Charge only (2)
B0005,74,1.6015142233917594,Random Forest,1.5840849997355237,Charge only (2)
B0005,75,1.590369231400328,Random Forest,1.5748829952534045,Charge only (2)
B0005,76,1.5857889968242211,Random Forest,1.5630284501278344,Charge only (2)
B0005,77,1.5849430707374117,Random Forest,1.5543885972207507,Charge only (2)
B0005,78,1.5955263892495937,Random Forest,1.5552783532119785,Charge only (2)
B0005,79,1.5747301747801037,Random Forest,1.5635949891525434,Charge only (2)
B0005,80,1.5649019950937946,Random Forest,1.557383100255266,Charge only (2)
B0005,81,1.5597659473370362,Random Forest,1.5489237182356632,Charge only (2)
B0005,82,1.5594815668184234,Random Forest,1.5258201023123552,Charge only (2)
B0005,83,1.55468935359061,Random Forest,1.5424283639363277,Charge only (2)
B0005,84,1.5488741079890418,Random Forest,1.5205209761738174,Charge only (2)
B0005,85,1.538236598942558,Random Forest,1.5096209414091641,Charge only (2)
B0005,86,1.527914258251028,Random Forest,1.4964110697724766,Charge only (2)
B0005,87,1.5285252629756445,Random Forest,1.4909288136007566,Charge only (2)
B0005,88,1.522647325284378,Random Forest,1.4950711219333797,Charge only (2)
B0005,89,1.5174859938489869,Random Forest,1.4895382976964087,Charge only (2)
B0005,90,1.605818899130659,Random Forest,1.4962511638002223,Charge only (2)
B0005,91,1.5638491446744425,Random Forest,1.5026730785421654,Charge only (2)
B0005,92,1.5480915247767786,Random Forest,1.5357806767647435,Charge only (2)
B0005,93,1.5323755631868592,Random Forest,1.5144365326874816,Charge only (2)
B0005,94,1.5269528268489705,Random Forest,1.4978668430553839,Charge only (2)
B0005,95,1.5169573017136326,Random Forest,1.4954659680082698,Charge only (2)
B0005,96,1.5118975960142693,Random Forest,1.4848017464219905,Charge only (2)
B0005,97,1.5065638960681105,Random Forest,1.4809060177079778,Charge only (2)
B0005,98,1.5015453526671363,Random Forest,1.467005944506611,Charge only (2)
B0005,99,1.4908444050400238,Random Forest,1.4659646150476642,Charge only (2)
B0005,100,1.485868384561201,Random Forest,1.441448186378314,Charge only (2)
B0005,101,1.480413677976106,Random Forest,1.4392449205764128,Charge only (2)
B0005,102,1.4752095869031632,Random Forest,1.4359418400641264,Charge only (2)
B0005,103,1.4859035988304024,Random Forest,1.42838065339948,Charge only (2)
B0005,104,1.4960918298136696,Random Forest,1.4293179685236754,Charge only (2)
B0005,105,1.4808005946928984,Random Forest,1.4456549014146542,Charge only (2)
B0005,106,1.4697543268466824,Random Forest,1.4359418400641264,Charge only (2)
B0005,107,1.4539012274845928,Random Forest,1.425259026059206,Charge only (2)
B0005,108,1.4541462067235693,Random Forest,1.4312526764943152,Charge only (2)
B0005,109,1.455023751906683,Random Forest,1.40993323880549,Charge only (2)
B0005,110,1.449042163761236,Random Forest,1.4111841979682982,Charge only (2)
B0005,111,1.4386709371480566,Random Forest,1.4157129557313766,Charge only (2)
B0005,112,1.433445432156979,Random Forest,1.4029497416137864,Charge only (2)
B0005,113,1.4333958900838095,Random Forest,1.404204157739202,Charge only (2)
B0005,114,1.42806487344776,Random Forest,1.4043933165123992,Charge only (2)
B0005,115,1.4229203181741186,Random Forest,1.4007585893076808,Charge only (2)
B0005,116,1.417429032731308,Random Forest,1.3774119558705298,Charge only (2)
B0005,117,1.412409228794446,Random Forest,1.3852135950361406,Charge only (2)
B0005,118,1.412578792940193,Random Forest,1.429386801041788,Charge only (2)
B0005,119,1.4075983731469897,Random Forest,1.3857003028790666,Charge only (2)
B0005,120,1.4333920485221476,Random Forest,1.3718614951435302,Charge only (2)
B0005,121,1.4382550176792908,Random Forest,1.4027499515133897,Charge only (2)
B0005,122,1.4173547174485526,Random Forest,1.4022560475207875,Charge only (2)
B0005,123,1.406981663677643,Random Forest,1.3759562913377894,Charge only (2)
B0005,124,1.4012037783587625,Random Forest,1.4345692874008693,Charge only (2)
B0005,125,1.3967008232726328,Random Forest,1.3853853704436627,Charge only (2)
B0005,126,1.391284788852726,Random Forest,1.4355012315474207,Charge only (2)
B0005,127,1.3862287677978349,Random Forest,1.3846250579304458,Charge only (2)
B0005,128,1.3804366761974138,Random Forest,1.3958248562591453,Charge only (2)
B0005,129,1.3752364150256224,Random Forest,1.4389569874462327,Charge only (2)
B0005,130,1.3705128024895008,Random Forest,1.4380809523266362,Charge only (2)
B0005,131,1.3705085566270399,Random Forest,1.4314710207473968,Charge only (2)
B0005,132,1.3647355108681518,Random Forest,1.432315047533468,Charge only (2)
B0005,133,1.375392016895762,Random Forest,1.4374296778355806,Charge only (2)
B0005,134,1.3861115151535393,Random Forest,1.4375785136765473,Charge only (2)
B0005,135,1.3698500035838939,Random Forest,1.3666501874790449,Charge only (2)
B0005,136,1.3647827949260758,Random Forest,1.4381481402382,Charge only (2)
B0005,137,1.3543220466259964,Random Forest,1.4373604862413136,Charge only (2)
B0005,138,1.3546417018378962,Random Forest,1.4283871881248904,Charge only (2)
B0005,139,1.3547039213192407,Random Forest,1.427087415902727,Charge only (2)
B0005,140,1.349314997503458,Random Forest,1.4238278918972387,Charge only (2)
B0005,141,1.3441891937970554,Random Forest,1.426172375188503,Charge only (2)
B0005,142,1.3389913790695755,Random Forest,1.423286687480955,Charge only (2)
B0005,143,1.3389145230206971,Random Forest,1.4213937961926169,Charge only (2)
B0005,144,1.3340066759761655,Random Forest,1.425356205654107,Charge only (2)
B0005,145,1.3286444309174914,Random Forest,1.419707971584506,Charge only (2)
B0005,146,1.3231708992276219,Random Forest,1.4192690484894417,Charge only (2)
B0005,147,1.3181691588445197,Random Forest,1.420007204761595,Charge only (2)
B0005,148,1.3184664436640334,Random Forest,1.4199023667130544,Charge only (2)
B0005,149,1.318293040102702,Random Forest,1.420007204761595,Charge only (2)
B0005,150,1.323872422244268,Random Forest,1.4199023667130544,Charge only (2)
B0005,151,1.3601216766554785,Random Forest,1.397527169131702,Charge only (2)
B0005,152,1.3395306867947354,Random Forest,1.4287779681970147,Charge only (2)
B0005,153,1.3290286565120697,Random Forest,1.4247327994094159,Charge only (2)
B0005,154,1.3236741274998955,Random Forest,1.4194052463758273,Charge only (2)
B0005,155,1.318633896753293,Random Forest,1.4187236428933152,Charge only (2)
B0005,156,1.3134751321324272,Random Forest,1.420007204761595,Charge only (2)
B0005,157,1.3132020634442203,Random Forest,1.4194499597312562,Charge only (2)
B0005,158,1.3077959946944353,Random Forest,1.417573201158986,Charge only (2)
B0005,159,1.3030329186405918,Random Forest,1.4075196273824702,Charge only (2)
B0005,160,1.3033573559038205,Random Forest,1.3977058005792722,Charge only (2)
B0005,161,1.3034100438655642,Random Forest,1.3977058005792722,Charge only (2)
B0005,162,1.2978870806495706,Random Forest,1.3971139906824772,Charge only (2)
B0005,163,1.2980735056918902,Random Forest,1.3941348027844895,Charge only (2)
B0005,164,1.293463613844243,Random Forest,1.3941348027844895,Charge only (2)
B0005,165,1.288003392619118,Random Forest,1.3943388687108385,Charge only (2)
B0005,166,1.2874525221379407,Random Forest,1.3932469463134407,Charge only (2)
B0005,167,1.3090153642307354,Random Forest,1.3931957750904689,Charge only (2)
B0005,168,1.3250793286429356,Random Forest,1.4027032616417878,Charge only (2)
B0005,1,1.8564874208181574,XGBoost,1.834214210510254,Charge only (2)
B0005,2,1.846327249719927,XGBoost,1.834214210510254,Charge only (2)
B0005,3,1.8353491942234077,XGBoost,1.802902102470398,Charge only (2)
B0005,4,1.8352625275821128,XGBoost,1.7977180480957031,Charge only (2)
B0005,5,1.8346455082120419,XGBoost,1.8073691129684448,Charge only (2)
B0005,6,1.8356616600675495,XGBoost,1.8033109903335571,Charge only (2)
B0005,7,1.8351461429226603,XGBoost,1.8033109903335571,Charge only (2)
B0005,8,1.8257567905665537,XGBoost,1.8402117490768433,Charge only (2)
B0005,9,1.8247738529891333,XGBoost,1.8334946632385254,Charge only (2)
B0005,10,1.824613268496936,XGBoost,1.8250834941864014,Charge only (2)
B0005,11,1.8246195526864504,XGBoost,1.8326199054718018,Charge only (2)
B0005,12,1.8142019357673917,XGBoost,1.8348158597946167,Charge only (2)
B0005,13,1.8137521577549054,XGBoost,1.8348158597946167,Charge only (2)
B0005,14,1.8134404914735822,XGBoost,1.8363817930221558,Charge only (2)
B0005,15,1.8025980036306504,XGBoost,1.8363817930221558,Charge only (2)
B0005,16,1.80210690024615,XGBoost,1.8128644227981567,Charge only (2)
B0005,17,1.802579500826209,XGBoost,1.8125768899917603,Charge only (2)
B0005,18,1.8030683142834096,XGBoost,1.8068164587020874,Charge only (2)
B0005,19,1.8027776247196041,XGBoost,1.8140027523040771,Charge only (2)
B0005,20,1.8470259949329193,XGBoost,1.8114662170410156,Charge only (2)
B0005,21,1.847417311283644,XGBoost,1.8500410318374634,Charge only (2)
B0005,22,1.8361774213478947,XGBoost,1.858407974243164,Charge only (2)
B0005,23,1.8257807475776242,XGBoost,1.8418636322021484,Charge only (2)
B0005,24,1.8251136435078368,XGBoost,1.8465940952301025,Charge only (2)
B0005,25,1.8255815042203762,XGBoost,1.843063235282898,Charge only (2)
B0005,26,1.8140311275083907,XGBoost,1.836313247680664,Charge only (2)
B0005,27,1.8147691941158939,XGBoost,1.833530306816101,Charge only (2)
B0005,28,1.813969388710352,XGBoost,1.8326199054718018,Charge only (2)
B0005,29,1.802765665167823,XGBoost,1.833530306816101,Charge only (2)
B0005,30,1.804077040117352,XGBoost,1.8140027523040771,Charge only (2)
B0005,31,1.8518025516704486,XGBoost,1.8326199054718018,Charge only (2)
B0005,32,1.8307038456739428,XGBoost,1.8348158597946167,Charge only (2)
B0005,33,1.8199041089501267,XGBoost,1.84065842628479,Charge only (2)
B0005,34,1.8093079637028517,XGBoost,1.8054883480072021,Charge only (2)
B0005,35,1.80460990458052,XGBoost,1.7666840553283691,Charge only (2)
B0005,36,1.7993770651972192,XGBoost,1.7587836980819702,Charge only (2)
B0005,37,1.7884432335370462,XGBoost,1.762841820716858,Charge only (2)
B0005,38,1.7829230484252723,XGBoost,1.7583109140396118,Charge only (2)
B0005,39,1.7730337158018288,XGBoost,1.7776230573654175,Charge only (2)
B0005,40,1.773037755078937,XGBoost,1.766151785850525,Charge only (2)
B0005,41,1.7678721106662054,XGBoost,1.766151785850525,Charge only (2)
B0005,42,1.7623150704093087,XGBoost,1.7623828649520874,Charge only (2)
B0005,43,1.7676172924938447,XGBoost,1.776415228843689,Charge only (2)
B0005,44,1.762668359743147,XGBoost,1.766151785850525,Charge only (2)
B0005,45,1.7517304870664143,XGBoost,1.7722676992416382,Charge only (2)
B0005,46,1.7418496047960008,XGBoost,1.7489526271820068,Charge only (2)
B0005,47,1.7360913511847138,XGBoost,1.7128229141235352,Charge only (2)
B0005,48,1.7936240148573608,XGBoost,1.750751256942749,Charge only (2)
B0005,49,1.7831890223273275,XGBoost,1.8128511905670166,Charge only (2)
B0005,50,1.7673642076278957,XGBoost,1.795797348022461,Charge only (2)
B0005,51,1.7570177850353066,XGBoost,1.7478569746017456,Charge only (2)
B0005,52,1.7468706179837907,XGBoost,1.7473063468933105,Charge only (2)
B0005,53,1.7417172507457144,XGBoost,1.7560921907424927,Charge only (2)
B0005,54,1.7364225056478186,XGBoost,1.7560921907424927,Charge only (2)
B0005,55,1.7263217239235826,XGBoost,1.7507680654525757,Charge only (2)
B0005,56,1.7158065389330133,XGBoost,1.7257194519042969,Charge only (2)
B0005,57,1.710533351135192,XGBoost,1.7247099876403809,Charge only (2)
B0005,58,1.706014499648521,XGBoost,1.6937803030014038,Charge only (2)
B0005,59,1.7003110272642588,XGBoost,1.6996158361434937,Charge only (2)
B0005,60,1.6945798601797895,XGBoost,1.690489649772644,Charge only (2)
B0005,61,1.6849029086609286,XGBoost,1.696533441543579,Charge only (2)
B0005,62,1.6744741591159717,XGBoost,1.664832592010498,Charge only (2)
B0005,63,1.6745692479879102,XGBoost,1.672831416130066,Charge only (2)
B0005,64,1.663716375981405,XGBoost,1.667799472808838,Charge only (2)
B0005,65,1.659013868748246,XGBoost,1.669972538948059,Charge only (2)
B0005,66,1.6538540573335014,XGBoost,1.649296760559082,Charge only (2)
B0005,67,1.642653782130131,XGBoost,1.6207737922668457,Charge only (2)
B0005,68,1.6378578430223698,XGBoost,1.611708641052246,Charge only (2)
B0005,69,1.6327350407099108,XGBoost,1.6139273643493652,Charge only (2)
B0005,70,1.6277528915533617,XGBoost,1.6025254726409912,Charge only (2)
B0005,71,1.622125485521159,XGBoost,1.598618507385254,Charge only (2)
B0005,72,1.6113256603765849,XGBoost,1.6671289205551147,Charge only (2)
B0005,73,1.6065631397488385,XGBoost,1.562910795211792,Charge only (2)
B0005,74,1.6015142233917594,XGBoost,1.5526626110076904,Charge only (2)
B0005,75,1.590369231400328,XGBoost,1.5317553281784058,Charge only (2)
B0005,76,1.5857889968242211,XGBoost,1.5184049606323242,Charge only (2)
B0005,77,1.5849430707374117,XGBoost,1.5058629512786865,Charge only (2)
B0005,78,1.5955263892495937,XGBoost,1.5123463869094849,Charge only (2)
B0005,79,1.5747301747801037,XGBoost,1.5210031270980835,Charge only (2)
B0005,80,1.5649019950937946,XGBoost,1.5069063901901245,Charge only (2)
B0005,81,1.5597659473370362,XGBoost,1.5131334066390991,Charge only (2)
B0005,82,1.5594815668184234,XGBoost,1.5134437084197998,Charge only (2)
B0005,83,1.55468935359061,XGBoost,1.4913896322250366,Charge only (2)
B0005,84,1.5488741079890418,XGBoost,1.478683590888977,Charge only (2)
B0005,85,1.538236598942558,XGBoost,1.5045102834701538,Charge only (2)
B0005,86,1.527914258251028,XGBoost,1.5024070739746094,Charge only (2)
B0005,87,1.5285252629756445,XGBoost,1.5006041526794434,Charge only (2)
B0005,88,1.522647325284378,XGBoost,1.5006041526794434,Charge only (2)
B0005,89,1.5174859938489869,XGBoost,1.5013158321380615,Charge only (2)
B0005,90,1.605818899130659,XGBoost,1.4664112329483032,Charge only (2)
B0005,91,1.5638491446744425,XGBoost,1.4901875257492065,Charge only (2)
B0005,92,1.5480915247767786,XGBoost,1.5113717317581177,Charge only (2)
B0005,93,1.5323755631868592,XGBoost,1.4909504652023315,Charge only (2)
B0005,94,1.5269528268489705,XGBoost,1.4786782264709473,Charge only (2)
B0005,95,1.5169573017136326,XGBoost,1.4870909452438354,Charge only (2)
B0005,96,1.5118975960142693,XGBoost,1.472408652305603,Charge only (2)
B0005,97,1.5065638960681105,XGBoost,1.4864506721496582,Charge only (2)
B0005,98,1.5015453526671363,XGBoost,1.4868026971817017,Charge only (2)
B0005,99,1.4908444050400238,XGBoost,1.4754854440689087,Charge only (2)
B0005,100,1.485868384561201,XGBoost,1.4690589904785156,Charge only (2)
B0005,101,1.480413677976106,XGBoost,1.4642186164855957,Charge only (2)
B0005,102,1.4752095869031632,XGBoost,1.4622390270233154,Charge only (2)
B0005,103,1.4859035988304024,XGBoost,1.458708643913269,Charge only (2)
B0005,104,1.4960918298136696,XGBoost,1.458708643913269,Charge only (2)
B0005,105,1.4808005946928984,XGBoost,1.4690589904785156,Charge only (2)
B0005,106,1.4697543268466824,XGBoost,1.4622390270233154,Charge only (2)
B0005,107,1.4539012274845928,XGBoost,1.458708643913269,Charge only (2)
B0005,108,1.4541462067235693,XGBoost,1.4560765027999878,Charge only (2)
B0005,109,1.455023751906683,XGBoost,1.453605055809021,Charge only (2)
B0005,110,1.449042163761236,XGBoost,1.4440958499908447,Charge only (2)
B0005,111,1.4386709371480566,XGBoost,1.4447368383407593,Charge only (2)
B0005,112,1.433445432156979,XGBoost,1.428531289100647,Charge only (2)
B0005,113,1.4333958900838095,XGBoost,1.4368582963943481,Charge only (2)
B0005,114,1.42806487344776,XGBoost,1.4314486980438232,Charge only (2)
B0005,115,1.4229203181741186,XGBoost,1.426448106765747,Charge only (2)
B0005,116,1.417429032731308,XGBoost,1.426264762878418,Charge only (2)
B0005,117,1.412409228794446,XGBoost,1.4249099493026733,Charge only (2)
B0005,118,1.412578792940193,XGBoost,1.3692889213562012,Charge only (2)
B0005,119,1.4075983731469897,XGBoost,1.418542504310608,Charge only (2)
B0005,120,1.4333920485221476,XGBoost,1.397368311882019,Charge only (2)
B0005,121,1.4382550176792908,XGBoost,1.4335318803787231,Charge only (2)
B0005,122,1.4173547174485526,XGBoost,1.4240226745605469,Charge only (2)
B0005,123,1.406981663677643,XGBoost,1.4144997596740723,Charge only (2)
B0005,124,1.4012037783587625,XGBoost,1.3956053256988525,Charge only (2)
B0005,125,1.3967008232726328,XGBoost,1.424470067024231,Charge only (2)
B0005,126,1.391284788852726,XGBoost,1.4708648920059204,Charge only (2)
B0005,127,1.3862287677978349,XGBoost,1.428394079208374,Charge only (2)
B0005,128,1.3804366761974138,XGBoost,1.4300540685653687,Charge only (2)
B0005,129,1.3752364150256224,XGBoost,1.5216058492660522,Charge only (2)
B0005,130,1.3705128024895008,XGBoost,1.5216058492660522,Charge only (2)
B0005,131,1.3705085566270399,XGBoost,1.4997129440307617,Charge only (2)
B0005,132,1.3647355108681518,XGBoost,1.5425846576690674,Charge only (2)
B0005,133,1.375392016895762,XGBoost,1.544402837753296,Charge only (2)
B0005,134,1.3861115151535393,XGBoost,1.5425846576690674,Charge only (2)
B0005,135,1.3698500035838939,XGBoost,1.4832391738891602,Charge only (2)
B0005,136,1.3647827949260758,XGBoost,1.455581545829773,Charge only (2)
B0005,137,1.3543220466259964,XGBoost,1.5425846576690674,Charge only (2)
B0005,138,1.3546417018378962,XGBoost,1.5370659828186035,Charge only (2)
B0005,139,1.3547039213192407,XGBoost,1.5002715587615967,Charge only (2)
B0005,140,1.349314997503458,XGBoost,1.4916325807571411,Charge only (2)
B0005,141,1.3441891937970554,XGBoost,1.5370659828186035,Charge only (2)
B0005,142,1.3389913790695755,XGBoost,1.5370659828186035,Charge only (2)
B0005,143,1.3389145230206971,XGBoost,1.5522078275680542,Charge only (2)
B0005,144,1.3340066759761655,XGBoost,1.5370659828186035,Charge only (2)
B0005,145,1.3286444309174914,XGBoost,1.5370659828186035,Charge only (2)
B0005,146,1.3231708992276219,XGBoost,1.5522078275680542,Charge only (2)
B0005,147,1.3181691588445197,XGBoost,1.5435084104537964,Charge only (2)
B0005,148,1.3184664436640334,XGBoost,1.5522078275680542,Charge only (2)
B0005,149,1.318293040102702,XGBoost,1.5522078275680542,Charge only (2)
B0005,150,1.323872422244268,XGBoost,1.5522078275680542,Charge only (2)
B0005,151,1.3601216766554785,XGBoost,1.5447490215301514,Charge only (2)
B0005,152,1.3395306867947354,XGBoost,1.5524991750717163,Charge only (2)
B0005,153,1.3290286565120697,XGBoost,1.5370659828186035,Charge only (2)
B0005,154,1.3236741274998955,XGBoost,1.5370659828186035,Charge only (2)
B0005,155,1.318633896753293,XGBoost,1.5370659828186035,Charge only (2)
B0005,156,1.3134751321324272,XGBoost,1.55380117893219,Charge only (2)
B0005,157,1.3132020634442203,XGBoost,1.55380117893219,Charge only (2)
B0005,158,1.3077959946944353,XGBoost,1.5522078275680542,Charge only (2)
B0005,159,1.3030329186405918,XGBoost,1.5202630758285522,Charge only (2)
B0005,160,1.3033573559038205,XGBoost,1.5202630758285522,Charge only (2)
B0005,161,1.3034100438655642,XGBoost,1.5202630758285522,Charge only (2)
B0005,162,1.2978870806495706,XGBoost,1.5202630758285522,Charge only (2)
B0005,163,1.2980735056918902,XGBoost,1.527536153793335,Charge only (2)
B0005,164,1.293463613844243,XGBoost,1.5188367366790771,Charge only (2)
B0005,165,1.288003392619118,XGBoost,1.5188367366790771,Charge only (2)
B0005,166,1.2874525221379407,XGBoost,1.5244019031524658,Charge only (2)
B0005,167,1.3090153642307354,XGBoost,1.5259952545166016,Charge only (2)
B0005,168,1.3250793286429356,XGBoost,1.5471950769424438,Charge only (2)
B0006,1,2.035337591005598,Linear Regression,2.055830935547534,Charge only (2)
B0006,2,2.0251402460314116,Linear Regression,2.055830935547534,Charge only (2)
B0006,3,2.013326371345464,Linear Regression,2.0515135408314764,Charge only (2)
B0006,4,2.0132846655407413,Linear Regression,2.0301532847568846,Charge only (2)
B0006,5,2.000528337624771,Linear Regression,2.0211874672443577,Charge only (2)
B0006,6,2.0138990759931645,Linear Regression,2.023428380090611,Charge only (2)
B0006,7,2.013101105626967,Linear Regression,2.0037825664458895,Charge only (2)
B0006,8,1.9687898262728398,Linear Regression,2.0063651886768206,Charge only (2)
B0006,9,1.9681661764334244,Linear Regression,1.994835553830991,Charge only (2)
B0006,10,1.9572307917560536,Linear Regression,1.9828609880032053,Charge only (2)
B0006,11,1.9455991514129352,Linear Regression,1.982763854330519,Charge only (2)
B0006,12,1.9347505044841131,Linear Regression,1.963297222928801,Charge only (2)
B0006,13,1.9232799539368028,Linear Regression,1.943830591527083,Charge only (2)
B0006,14,1.911889930948487,Linear Regression,1.9355748991246808,Charge only (2)
B0006,15,1.9010667141979305,Linear Regression,1.922073003191255,Charge only (2)
B0006,16,1.8891989948061458,Linear Regression,1.9244331430239225,Charge only (2)
B0006,17,1.878278372248849,Linear Regression,1.9158607793448905,Charge only (2)
B0006,18,1.8675697161520206,Linear Regression,1.9016862938326367,Charge only (2)
B0006,19,1.8675892574453767,Linear Regression,1.8906391473795834,Charge only (2)
B0006,20,1.979626548250818,Linear Regression,1.8579687279673787,Charge only (2)
B0006,21,1.9575499080884022,Linear Regression,1.9850684087544157,Charge only (2)
B0006,22,1.9458150170787551,Linear Regression,1.9669955337272473,Charge only (2)
B0006,23,1.9242461121680094,Linear Regression,1.947585335072315,Charge only (2)
B0006,24,1.9459811331421641,Linear Regression,1.9294954319250515,Charge only (2)
B0006,25,1.901407930553079,Linear Regression,1.9071245081968142,Charge only (2)
B0006,26,1.878674213680085,Linear Regression,1.8929741111176281,Charge only (2)
B0006,27,1.8683061328264219,Linear Regression,1.8884810082926726,Charge only (2)
B0006,28,1.8560244070082998,Linear Regression,1.8805432735385084,Charge only (2)
B0006,29,1.8451997961855777,Linear Regression,1.86576541966486,Charge only (2)
B0006,30,1.857228890885317,Linear Regression,1.8530440847949938,Charge only (2)
B0006,31,1.9247760889090635,Linear Regression,1.8770010324100728,Charge only (2)
B0006,32,1.8822317526092551,Linear Regression,1.9009579800251517,Charge only (2)
B0006,33,1.855276687885587,Linear Regression,1.8627293817106274,Charge only (2)
B0006,34,1.8392508917181876,Linear Regression,1.8481237146589777,Charge only (2)
B0006,35,1.8185396073994429,Linear Regression,1.831176819613603,Charge only (2)
B0006,36,1.8134770059567056,Linear Regression,1.8199182133353937,Charge only (2)
B0006,37,1.7971018450305436,Linear Regression,1.8104187183873066,Charge only (2)
B0006,38,1.7810046294120476,Linear Regression,1.794218946449704,Charge only (2)
B0006,39,1.7710130422682329,Linear Regression,1.7817904598864394,Charge only (2)
B0006,40,1.7604712448170943,Linear Regression,1.7719564720198195,Charge only (2)
B0006,41,1.7502913788006587,Linear Regression,1.7594923276574326,Charge only (2)
B0006,42,1.7394925037732578,Linear Regression,1.7479753362838018,Charge only (2)
B0006,43,1.7546766553637203,Linear Regression,1.7394188545876015,Charge only (2)
B0006,44,1.7659390941842175,Linear Regression,1.741635471413971,Charge only (2)
B0006,45,1.7337887419624838,Linear Regression,1.7729813826250203,Charge only (2)
B0006,46,1.713325912040734,Linear Regression,1.7349524026989815,Charge only (2)
B0006,47,1.7024077813673466,Linear Regression,1.7201032083256325,Charge only (2)
B0006,48,1.82371946178183,Linear Regression,1.6869957541724865,Charge only (2)
B0006,49,1.8081284050314708,Linear Regression,1.8341736850465475,Charge only (2)
B0006,50,1.7757610945034283,Linear Regression,1.7918915739715595,Charge only (2)
B0006,51,1.7447409841836798,Linear Regression,1.7679613061575452,Charge only (2)
B0006,52,1.729207034132373,Linear Regression,1.7469963435957092,Charge only (2)
B0006,53,1.7081086552553244,Linear Regression,1.7280065850440585,Charge only (2)
B0006,54,1.6975954237461768,Linear Regression,1.7160823040868864,Charge only (2)
B0006,55,1.6820634524029463,Linear Regression,1.7070525813774926,Charge only (2)
B0006,56,1.6714768322295086,Linear Regression,1.6885919013548452,Charge only (2)
B0006,57,1.6607591387047655,Linear Regression,1.6747129264270468,Charge only (2)
B0006,58,1.651121015038069,Linear Regression,1.6699633170662342,Charge only (2)
B0006,59,1.6401349256190927,Linear Regression,1.6613700970975067,Charge only (2)
B0006,60,1.6291999416165441,Linear Regression,1.651159850922471,Charge only (2)
B0006,61,1.6088496302961666,Linear Regression,1.6432476990618552,Charge only (2)
B0006,62,1.6035244898969248,Linear Regression,1.6261524514507353,Charge only (2)
B0006,63,1.5989712144027983,Linear Regression,1.6200228738872517,Charge only (2)
B0006,64,1.5876273123575604,Linear Regression,1.609359842882492,Charge only (2)
B0006,65,1.5829719744686166,Linear Regression,1.6009517748794602,Charge only (2)
B0006,66,1.567137636713563,Linear Regression,1.5923612579016508,Charge only (2)
B0006,67,1.5613446139713882,Linear Regression,1.5803186355791732,Charge only (2)
B0006,68,1.5511711892790419,Linear Regression,1.573023414330572,Charge only (2)
B0006,69,1.5406741606295171,Linear Regression,1.5619875379854486,Charge only (2)
B0006,70,1.5253138744624433,Linear Regression,1.5542528232671864,Charge only (2)
B0006,71,1.5301570318067428,Linear Regression,1.55137806432521,Charge only (2)
B0006,72,1.5246566834474087,Linear Regression,1.5342048657299956,Charge only (2)
B0006,73,1.5145492986655427,Linear Regression,1.5295295614436628,Charge only (2)
B0006,74,1.509391504602082,Linear Regression,1.5210703386572777,Charge only (2)
B0006,75,1.5039974333050705,Linear Regression,1.5124563754242644,Charge only (2)
B0006,76,1.4935201918040188,Linear Regression,1.5073398050186657,Charge only (2)
B0006,77,1.4876323024497422,Linear Regression,1.4951658325216952,Charge only (2)
B0006,78,1.5302876214401704,Linear Regression,1.4481138625345737,Charge only (2)
B0006,79,1.5040760088360112,Linear Regression,1.5323170007133478,Charge only (2)
B0006,80,1.4887593608730894,Linear Regression,1.503067027120391,Charge only (2)
B0006,81,1.4782779285546637,Linear Regression,1.4927838634458768,Charge only (2)
B0006,82,1.478459982215684,Linear Regression,1.4820038343429909,Charge only (2)
B0006,83,1.473214844899973,Linear Regression,1.485767948010358,Charge only (2)
B0006,84,1.4675164935067897,Linear Regression,1.4659025407786233,Charge only (2)
B0006,85,1.4516292657521335,Linear Regression,1.4674308228349255,Charge only (2)
B0006,86,1.4519237720967177,Linear Regression,1.4569632176667318,Charge only (2)
B0006,87,1.4471484694777745,Linear Regression,1.4424624560112427,Charge only (2)
B0006,88,1.4468538105659885,Linear Regression,1.435720965999078,Charge only (2)
B0006,89,1.4416741930284678,Linear Regression,1.4327687379911933,Charge only (2)
B0006,91,1.5463902376915637,Linear Regression,1.461631903214752,Charge only (2)
B0006,92,1.51470559175661,Linear Regression,1.5247913700984672,Charge only (2)
B0006,93,1.4989786083335404,Linear Regression,1.5003865991737069,Charge only (2)
B0006,94,1.4831110745410492,Linear Regression,1.4763283746066147,Charge only (2)
B0006,95,1.4729664825468278,Linear Regression,1.4621341167617283,Charge only (2)
B0006,96,1.4627604396099307,Linear Regression,1.4576537294615142,Charge only (2)
B0006,97,1.4518364681062514,Linear Regression,1.4395640271298553,Charge only (2)
B0006,98,1.4468670644030392,Linear Regression,1.4321682633535167,Charge only (2)
B0006,99,1.441380399427779,Linear Regression,1.425137194880303,Charge only (2)
B0006,100,1.431210744960774,Linear Regression,1.4148084592984984,Charge only (2)
B0006,101,1.4260247179525716,Linear Regression,1.4087462144568443,Charge only (2)
B0006,102,1.420487649966195,Linear Regression,1.4114346381872418,Charge only (2)
B0006,103,1.4207006230355006,Linear Regression,1.3920425891071093,Charge only (2)
B0006,104,1.452255804330839,Linear Regression,1.3886842116896383,Charge only (2)
B0006,105,1.431557632772571,Linear Regression,1.4325328628807656,Charge only (2)
B0006,106,1.415015751158943,Linear Regression,1.4114788492946564,Charge only (2)
B0006,107,1.4097311506517451,Linear Regression,1.3952424315254506,Charge only (2)
B0006,108,1.404917318129309,Linear Regression,1.3798404950853609,Charge only (2)
B0006,109,1.395164296571563,Linear Regression,1.372115620719183,Charge only (2)
B0006,110,1.3945343832614077,Linear Regression,1.3652269581229641,Charge only (2)
B0006,111,1.3893171179312644,Linear Regression,1.360860513065748,Charge only (2)
B0006,112,1.3838379472327809,Linear Regression,1.358934740147861,Charge only (2)
B0006,113,1.3736814238195123,Linear Regression,1.348145933259503,Charge only (2)
B0006,114,1.3786059891863676,Linear Regression,1.348931138287572,Charge only (2)
B0006,115,1.3737600299108574,Linear Regression,1.3399232590469894,Charge only (2)
B0006,116,1.3682580583942712,Linear Regression,1.331856520632164,Charge only (2)
B0006,117,1.3633024037317505,Linear Regression,1.3290211644539203,Charge only (2)
B0006,118,1.3580966140172601,Linear Regression,1.319471190051161,Charge only (2)
B0006,119,1.353269090999531,Linear Regression,1.3203110887185299,Charge only (2)
B0006,120,1.3841605738237488,Linear Regression,1.3223680732034233,Charge only (2)
B0006,121,1.4051467790651473,Linear Regression,1.3572156092476164,Charge only (2)
B0006,122,1.378719022627353,Linear Regression,1.3580955174385148,Charge only (2)
B0006,123,1.3682657783199066,Linear Regression,1.333996210696539,Charge only (2)
B0006,124,1.3573151296618016,Linear Regression,1.3215889676394783,Charge only (2)
B0006,125,1.3524934638801596,Linear Regression,1.3119488411954614,Charge only (2)
B0006,126,1.3474099151661236,Linear Regression,1.315301105523206,Charge only (2)
B0006,127,1.3370075130842318,Linear Regression,1.3027419004765566,Charge only (2)
B0006,128,1.3312352966718526,Linear Regression,1.290966117038453,Charge only (2)
B0006,129,1.3259303781727643,Linear Regression,1.2843530439609223,Charge only (2)
B0006,130,1.321578743867529,Linear Regression,1.2851236505942116,Charge only (2)
B0006,131,1.321225074066109,Linear Regression,1.271394662882198,Charge only (2)
B0006,132,1.3156485301862682,Linear Regression,1.2660615600312761,Charge only (2)
B0006,133,1.3209025697502388,Linear Regression,1.2636924304665087,Charge only (2)
B0006,134,1.3474328767273906,Linear Regression,1.278579557291818,Charge only (2)
B0006,135,1.3260128072353616,Linear Regression,1.3009139192676593,Charge only (2)
B0006,136,1.3101186784831063,Linear Regression,1.278807517794653,Charge only (2)
B0006,137,1.30521620229393,Linear Regression,1.2691197382373525,Charge only (2)
B0006,138,1.3004061951355774,Linear Regression,1.2519671327295505,Charge only (2)
B0006,139,1.300235735841116,Linear Regression,1.250184617305583,Charge only (2)
B0006,140,1.2895066722480755,Linear Regression,1.2439881650385,Charge only (2)
B0006,141,1.279253057384795,Linear Regression,1.2436079731531549,Charge only (2)
B0006,142,1.2792078171714618,Linear Regression,1.2339852628517056,Charge only (2)
B0006,143,1.274036760902923,Linear Regression,1.2301919162895978,Charge only (2)
B0006,144,1.2741273923001468,Linear Regression,1.2334286050739212,Charge only (2)
B0006,145,1.2637639426440779,Linear Regression,1.2242919227843134,Charge only (2)
B0006,146,1.2581373688955233,Linear Regression,1.2126085600685632,Charge only (2)
B0006,147,1.253259864055301,Linear Regression,1.1984095768999303,Charge only (2)
B0006,148,1.2532313315493426,Linear Regression,1.2056546412076703,Charge only (2)
B0006,149,1.2480874960313577,Linear Regression,1.2063268375982465,Charge only (2)
B0006,150,1.2534354284944844,Linear Regression,1.1990048380621916,Charge only (2)
B0006,151,1.2898048773266901,Linear Regression,1.1973187035794253,Charge only (2)
B0006,152,1.2635402021758835,Linear Regression,1.2382951692778157,Charge only (2)
B0006,153,1.2479761706842853,Linear Regression,1.2173642256598778,Charge only (2)
B0006,154,1.2321202877943334,Linear Regression,1.1981081178238175,Charge only (2)
B0006,155,1.2271137666213534,Linear Regression,1.1888183983921943,Charge only (2)
B0006,156,1.2217397581377356,Linear Regression,1.1846733534140865,Charge only (2)
B0006,157,1.211102678915174,Linear Regression,1.165370144019517,Charge only (2)
B0006,158,1.2056159765131735,Linear Regression,1.1722727781110895,Charge only (2)
B0006,159,1.2008936262717274,Linear Regression,1.1532991332609277,Charge only (2)
B0006,160,1.1905903985558335,Linear Regression,1.1553731738723787,Charge only (2)
B0006,161,1.185179251041941,Linear Regression,1.147969783628537,Charge only (2)
B0006,162,1.1796706818144624,Linear Regression,1.1437327498498613,Charge only (2)
B0006,163,1.1745952836753915,Linear Regression,1.13799052847814,Charge only (2)
B0006,164,1.15381833159625,Linear Regression,1.1236925655773093,Charge only (2)
B0006,165,1.1644009557372264,Linear Regression,1.1351646898913554,Charge only (2)
B0006,166,1.1587974947916069,Linear Regression,1.123421148641039,Charge only (2)
B0006,167,1.1749748834769171,Linear Regression,1.1174508135163963,Charge only (2)
B0006,168,1.1856752327929356,Linear Regression,1.1470219143103146,Charge only (2)
B0006,1,2.035337591005598,Random Forest,1.8833490203575576,Charge only (2)
B0006,2,2.0251402460314116,Random Forest,1.8833490203575576,Charge only (2)
B0006,3,2.013326371345464,Random Forest,1.8833490203575576,Charge only (2)
B0006,4,2.0132846655407413,Random Forest,1.8833490203575576,Charge only (2)
B0006,5,2.000528337624771,Random Forest,1.8833490203575576,Charge only (2)
B0006,6,2.0138990759931645,Random Forest,1.8833490203575576,Charge only (2)
B0006,7,2.013101105626967,Random Forest,1.8833490203575576,Charge only (2)
B0006,8,1.9687898262728398,Random Forest,1.8833490203575576,Charge only (2)
B0006,9,1.9681661764334244,Random Forest,1.8833490203575576,Charge only (2)
B0006,10,1.9572307917560536,Random Forest,1.8833490203575576,Charge only (2)
B0006,11,1.9455991514129352,Random Forest,1.8833490203575576,Charge only (2)
B0006,12,1.9347505044841131,Random Forest,1.8833490203575576,Charge only (2)
B0006,13,1.9232799539368028,Random Forest,1.883201439912954,Charge only (2)
B0006,14,1.911889930948487,Random Forest,1.8702584938182216,Charge only (2)
B0006,15,1.9010667141979305,Random Forest,1.859458828497572,Charge only (2)
B0006,16,1.8891989948061458,Random Forest,1.8492607147377003,Charge only (2)
B0006,17,1.878278372248849,Random Forest,1.8435303392488172,Charge only (2)
B0006,18,1.8675697161520206,Random Forest,1.8476969678061623,Charge only (2)
B0006,19,1.8675892574453767,Random Forest,1.839474028380172,Charge only (2)
B0006,20,1.979626548250818,Random Forest,1.8416908736107418,Charge only (2)
B0006,21,1.9575499080884022,Random Forest,1.8833490203575576,Charge only (2)
B0006,22,1.9458150170787551,Random Forest,1.8833490203575576,Charge only (2)
B0006,23,1.9242461121680094,Random Forest,1.8833490203575576,Charge only (2)
B0006,24,1.9459811331421641,Random Forest,1.879663011004489,Charge only (2)
B0006,25,1.901407930553079,Random Forest,1.8503575683133284,Charge only (2)
B0006,26,1.878674213680085,Random Forest,1.8457740432659344,Charge only (2)
B0006,27,1.8683061328264219,Random Forest,1.8424153399185772,Charge only (2)
B0006,28,1.8560244070082998,Random Forest,1.8298051310036945,Charge only (2)
B0006,29,1.8451997961855777,Random Forest,1.8258610268354107,Charge only (2)
B0006,30,1.857228890885317,Random Forest,1.808946620055964,Charge only (2)
B0006,31,1.9247760889090635,Random Forest,1.8278980414399764,Charge only (2)
B0006,32,1.8822317526092551,Random Forest,1.841149926674872,Charge only (2)
B0006,33,1.855276687885587,Random Forest,1.8255862046568552,Charge only (2)
B0006,34,1.8392508917181876,Random Forest,1.799942764386831,Charge only (2)
B0006,35,1.8185396073994429,Random Forest,1.7767822755872669,Charge only (2)
B0006,36,1.8134770059567056,Random Forest,1.7568292162303403,Charge only (2)
B0006,37,1.7971018450305436,Random Forest,1.7463220792235894,Charge only (2)
B0006,38,1.7810046294120476,Random Forest,1.7316464020166347,Charge only (2)
B0006,39,1.7710130422682329,Random Forest,1.712690052702245,Charge only (2)
B0006,40,1.7604712448170943,Random Forest,1.7053036608542222,Charge only (2)
B0006,41,1.7502913788006587,Random Forest,1.7015123139718924,Charge only (2)
B0006,42,1.7394925037732578,Random Forest,1.698331916651727,Charge only (2)
B0006,43,1.7546766553637203,Random Forest,1.6799404266324403,Charge only (2)
B0006,44,1.7659390941842175,Random Forest,1.682092883691973,Charge only (2)
B0006,45,1.7337887419624838,Random Forest,1.697821347320176,Charge only (2)
B0006,46,1.713325912040734,Random Forest,1.6599360293695495,Charge only (2)
B0006,47,1.7024077813673466,Random Forest,1.6423751330754284,Charge only (2)
B0006,48,1.82371946178183,Random Forest,1.6423751330754284,Charge only (2)
B0006,49,1.8081284050314708,Random Forest,1.7983528203669343,Charge only (2)
B0006,50,1.7757610945034283,Random Forest,1.7416869837239906,Charge only (2)
B0006,51,1.7447409841836798,Random Forest,1.7072923852900783,Charge only (2)
B0006,52,1.729207034132373,Random Forest,1.6986936160578663,Charge only (2)
B0006,53,1.7081086552553244,Random Forest,1.6606370166687245,Charge only (2)
B0006,54,1.6975954237461768,Random Forest,1.6422609725923578,Charge only (2)
B0006,55,1.6820634524029463,Random Forest,1.6295570443918788,Charge only (2)
B0006,56,1.6714768322295086,Random Forest,1.6263638325835448,Charge only (2)
B0006,57,1.6607591387047655,Random Forest,1.6264688623987658,Charge only (2)
B0006,58,1.651121015038069,Random Forest,1.600924172002298,Charge only (2)
B0006,59,1.6401349256190927,Random Forest,1.5930128919780295,Charge only (2)
B0006,60,1.6291999416165441,Random Forest,1.5857039732904639,Charge only (2)
B0006,61,1.6088496302961666,Random Forest,1.579176498162461,Charge only (2)
B0006,62,1.6035244898969248,Random Forest,1.5552543328404018,Charge only (2)
B0006,63,1.5989712144027983,Random Forest,1.550040824620206,Charge only (2)
B0006,64,1.5876273123575604,Random Forest,1.5471516654954207,Charge only (2)
B0006,65,1.5829719744686166,Random Forest,1.5459646599313224,Charge only (2)
B0006,66,1.567137636713563,Random Forest,1.5269363685028672,Charge only (2)
B0006,67,1.5613446139713882,Random Forest,1.5110929491864098,Charge only (2)
B0006,68,1.5511711892790419,Random Forest,1.4921722493902003,Charge only (2)
B0006,69,1.5406741606295171,Random Forest,1.4805615359593727,Charge only (2)
B0006,70,1.5253138744624433,Random Forest,1.4771391839913754,Charge only (2)
B0006,71,1.5301570318067428,Random Forest,1.472569040629743,Charge only (2)
B0006,72,1.5246566834474087,Random Forest,1.4562711939090218,Charge only (2)
B0006,73,1.5145492986655427,Random Forest,1.4525908566656207,Charge only (2)
B0006,74,1.509391504602082,Random Forest,1.4401976542004002,Charge only (2)
B0006,75,1.5039974333050705,Random Forest,1.4335384688756292,Charge only (2)
B0006,76,1.4935201918040188,Random Forest,1.432591942904247,Charge only (2)
B0006,77,1.4876323024497422,Random Forest,1.4270917477118603,Charge only (2)
B0006,78,1.5302876214401704,Random Forest,1.38123034095272,Charge only (2)
B0006,79,1.5040760088360112,Random Forest,1.4408211449453423,Charge only (2)
B0006,80,1.4887593608730894,Random Forest,1.4263402022715084,Charge only (2)
B0006,81,1.4782779285546637,Random Forest,1.425554254289493,Charge only (2)
B0006,82,1.478459982215684,Random Forest,1.3943679874042356,Charge only (2)
B0006,83,1.473214844899973,Random Forest,1.393762401007348,Charge only (2)
B0006,84,1.4675164935067897,Random Forest,1.3851952527678641,Charge only (2)
B0006,85,1.4516292657521335,Random Forest,1.3807359930295027,Charge only (2)
B0006,86,1.4519237720967177,Random Forest,1.3839391169106594,Charge only (2)
B0006,87,1.4471484694777745,Random Forest,1.350650857230219,Charge only (2)
B0006,88,1.4468538105659885,Random Forest,1.350650857230219,Charge only (2)
B0006,89,1.4416741930284678,Random Forest,1.3487908021144923,Charge only (2)
B0006,91,1.5463902376915637,Random Forest,1.3874644701614127,Charge only (2)
B0006,92,1.51470559175661,Random Forest,1.4412426784425145,Charge only (2)
B0006,93,1.4989786083335404,Random Forest,1.4265881493952821,Charge only (2)
B0006,94,1.4831110745410492,Random Forest,1.4223510878776247,Charge only (2)
B0006,95,1.4729664825468278,Random Forest,1.3839247619990453,Charge only (2)
B0006,96,1.4627604396099307,Random Forest,1.376562889194369,Charge only (2)
B0006,97,1.4518364681062514,Random Forest,1.3700176580574455,Charge only (2)
B0006,98,1.4468670644030392,Random Forest,1.3487908021144923,Charge only (2)
B0006,99,1.441380399427779,Random Forest,1.3429013435866264,Charge only (2)
B0006,100,1.431210744960774,Random Forest,1.3372433714402465,Charge only (2)
B0006,101,1.4260247179525716,Random Forest,1.3359252267438457,Charge only (2)
B0006,102,1.420487649966195,Random Forest,1.3321963639757681,Charge only (2)
B0006,103,1.4207006230355006,Random Forest,1.3306558680488445,Charge only (2)
B0006,104,1.452255804330839,Random Forest,1.3273606880030275,Charge only (2)
B0006,105,1.431557632772571,Random Forest,1.3481162330478562,Charge only (2)
B0006,106,1.415015751158943,Random Forest,1.3353387574556197,Charge only (2)
B0006,107,1.4097311506517451,Random Forest,1.3310910432558536,Charge only (2)
B0006,108,1.404917318129309,Random Forest,1.3273827409097647,Charge only (2)
B0006,109,1.395164296571563,Random Forest,1.3228842466877526,Charge only (2)
B0006,110,1.3945343832614077,Random Forest,1.3228842466877526,Charge only (2)
B0006,111,1.3893171179312644,Random Forest,1.3069106799413857,Charge only (2)
B0006,112,1.3838379472327809,Random Forest,1.3070972405629815,Charge only (2)
B0006,113,1.3736814238195123,Random Forest,1.3070972405629815,Charge only (2)
B0006,114,1.3786059891863676,Random Forest,1.3070972405629815,Charge only (2)
B0006,115,1.3737600299108574,Random Forest,1.3070972405629815,Charge only (2)
B0006,116,1.3682580583942712,Random Forest,1.3070972405629815,Charge only (2)
B0006,117,1.3633024037317505,Random Forest,1.3070972405629815,Charge only (2)
B0006,118,1.3580966140172601,Random Forest,1.3070972405629815,Charge only (2)
B0006,119,1.353269090999531,Random Forest,1.3070972405629815,Charge only (2)
B0006,120,1.3841605738237488,Random Forest,1.3070972405629815,Charge only (2)
B0006,121,1.4051467790651473,Random Forest,1.3069106799413857,Charge only (2)
B0006,122,1.378719022627353,Random Forest,1.3093650419136968,Charge only (2)
B0006,123,1.3682657783199066,Random Forest,1.3070972405629815,Charge only (2)
B0006,124,1.3573151296618016,Random Forest,1.3070972405629815,Charge only (2)
B0006,125,1.3524934638801596,Random Forest,1.3070972405629815,Charge only (2)
B0006,126,1.3474099151661236,Random Forest,1.3070972405629815,Charge only (2)
B0006,127,1.3370075130842318,Random Forest,1.3070972405629815,Charge only (2)
B0006,128,1.3312352966718526,Random Forest,1.3070972405629815,Charge only (2)
B0006,129,1.3259303781727643,Random Forest,1.3070972405629815,Charge only (2)
B0006,130,1.321578743867529,Random Forest,1.3070972405629815,Charge only (2)
B0006,131,1.321225074066109,Random Forest,1.3070972405629815,Charge only (2)
B0006,132,1.3156485301862682,Random Forest,1.3070972405629815,Charge only (2)
B0006,133,1.3209025697502388,Random Forest,1.3070972405629815,Charge only (2)
B0006,134,1.3474328767273906,Random Forest,1.3070972405629815,Charge only (2)
B0006,135,1.3260128072353616,Random Forest,1.3070972405629815,Charge only (2)
B0006,136,1.3101186784831063,Random Forest,1.3070972405629815,Charge only (2)
B0006,137,1.30521620229393,Random Forest,1.3070972405629815,Charge only (2)
B0006,138,1.3004061951355774,Random Forest,1.3070972405629815,Charge only (2)
B0006,139,1.300235735841116,Random Forest,1.3070972405629815,Charge only (2)
B0006,140,1.2895066722480755,Random Forest,1.3070972405629815,Charge only (2)
B0006,141,1.279253057384795,Random Forest,1.3070972405629815,Charge only (2)
B0006,142,1.2792078171714618,Random Forest,1.3070972405629815,Charge only (2)
B0006,143,1.274036760902923,Random Forest,1.3070972405629815,Charge only (2)
B0006,144,1.2741273923001468,Random Forest,1.3070972405629815,Charge only (2)
B0006,145,1.2637639426440779,Random Forest,1.3070972405629815,Charge only (2)
B0006,146,1.2581373688955233,Random Forest,1.3070972405629815,Charge only (2)
B0006,147,1.253259864055301,Random Forest,1.3070972405629815,Charge only (2)
B0006,148,1.2532313315493426,Random Forest,1.3070972405629815,Charge only (2)
B0006,149,1.2480874960313577,Random Forest,1.3070972405629815,Charge only (2)
B0006,150,1.2534354284944844,Random Forest,1.3070972405629815,Charge only (2)
B0006,151,1.2898048773266901,Random Forest,1.3070972405629815,Charge only (2)
B0006,152,1.2635402021758835,Random Forest,1.3070972405629815,Charge only (2)
B0006,153,1.2479761706842853,Random Forest,1.3070972405629815,Charge only (2)
B0006,154,1.2321202877943334,Random Forest,1.3070972405629815,Charge only (2)
B0006,155,1.2271137666213534,Random Forest,1.3070972405629815,Charge only (2)
B0006,156,1.2217397581377356,Random Forest,1.3070972405629815,Charge only (2)
B0006,157,1.211102678915174,Random Forest,1.3070972405629815,Charge only (2)
B0006,158,1.2056159765131735,Random Forest,1.3070972405629815,Charge only (2)
B0006,159,1.2008936262717274,Random Forest,1.3070972405629815,Charge only (2)
B0006,160,1.1905903985558335,Random Forest,1.3070972405629815,Charge only (2)
B0006,161,1.185179251041941,Random Forest,1.3070972405629815,Charge only (2)
B0006,162,1.1796706818144624,Random Forest,1.3070972405629815,Charge only (2)
B0006,163,1.1745952836753915,Random Forest,1.3070972405629815,Charge only (2)
B0006,164,1.15381833159625,Random Forest,1.3070972405629815,Charge only (2)
B0006,165,1.1644009557372264,Random Forest,1.3070972405629815,Charge only (2)
B0006,166,1.1587974947916069,Random Forest,1.3070972405629815,Charge only (2)
B0006,167,1.1749748834769171,Random Forest,1.3070972405629815,Charge only (2)
B0006,168,1.1856752327929356,Random Forest,1.3070972405629815,Charge only (2)
B0006,1,2.035337591005598,XGBoost,1.7715469598770142,Charge only (2)
B0006,2,2.0251402460314116,XGBoost,1.7715469598770142,Charge only (2)
B0006,3,2.013326371345464,XGBoost,1.7657983303070068,Charge only (2)
B0006,4,2.0132846655407413,XGBoost,1.7722363471984863,Charge only (2)
B0006,5,2.000528337624771,XGBoost,1.7657983303070068,Charge only (2)
B0006,6,2.0138990759931645,XGBoost,1.7657983303070068,Charge only (2)
B0006,7,2.013101105626967,XGBoost,1.8071922063827515,Charge only (2)
B0006,8,1.9687898262728398,XGBoost,1.7722363471984863,Charge only (2)
B0006,9,1.9681661764334244,XGBoost,1.7657983303070068,Charge only (2)
B0006,10,1.9572307917560536,XGBoost,1.7657983303070068,Charge only (2)
B0006,11,1.9455991514129352,XGBoost,1.7657983303070068,Charge only (2)
B0006,12,1.9347505044841131,XGBoost,1.7657983303070068,Charge only (2)
B0006,13,1.9232799539368028,XGBoost,1.7796217203140259,Charge only (2)
B0006,14,1.911889930948487,XGBoost,1.7505998611450195,Charge only (2)
B0006,15,1.9010667141979305,XGBoost,1.7546396255493164,Charge only (2)
B0006,16,1.8891989948061458,XGBoost,1.7437547445297241,Charge only (2)
B0006,17,1.878278372248849,XGBoost,1.7287932634353638,Charge only (2)
B0006,18,1.8675697161520206,XGBoost,1.7306264638900757,Charge only (2)
B0006,19,1.8675892574453767,XGBoost,1.7126909494400024,Charge only (2)
B0006,20,1.979626548250818,XGBoost,1.7292072772979736,Charge only (2)
B0006,21,1.9575499080884022,XGBoost,1.8225363492965698,Charge only (2)
B0006,22,1.9458150170787551,XGBoost,1.8098995685577393,Charge only (2)
B0006,23,1.9242461121680094,XGBoost,1.8198881149291992,Charge only (2)
B0006,24,1.9459811331421641,XGBoost,1.7736146450042725,Charge only (2)
B0006,25,1.901407930553079,XGBoost,1.743261456489563,Charge only (2)
B0006,26,1.878674213680085,XGBoost,1.7394688129425049,Charge only (2)
B0006,27,1.8683061328264219,XGBoost,1.729600429534912,Charge only (2)
B0006,28,1.8560244070082998,XGBoost,1.7310235500335693,Charge only (2)
B0006,29,1.8451997961855777,XGBoost,1.7293248176574707,Charge only (2)
B0006,30,1.857228890885317,XGBoost,1.7170945405960083,Charge only (2)
B0006,31,1.9247760889090635,XGBoost,1.724142074584961,Charge only (2)
B0006,32,1.8822317526092551,XGBoost,1.7365835905075073,Charge only (2)
B0006,33,1.855276687885587,XGBoost,1.6975065469741821,Charge only (2)
B0006,34,1.8392508917181876,XGBoost,1.6613528728485107,Charge only (2)
B0006,35,1.8185396073994429,XGBoost,1.651289939880371,Charge only (2)
B0006,36,1.8134770059567056,XGBoost,1.6482428312301636,Charge only (2)
B0006,37,1.7971018450305436,XGBoost,1.6320335865020752,Charge only (2)
B0006,38,1.7810046294120476,XGBoost,1.6237523555755615,Charge only (2)
B0006,39,1.7710130422682329,XGBoost,1.625041127204895,Charge only (2)
B0006,40,1.7604712448170943,XGBoost,1.6126629114151,Charge only (2)
B0006,41,1.7502913788006587,XGBoost,1.596420168876648,Charge only (2)
B0006,42,1.7394925037732578,XGBoost,1.610158085823059,Charge only (2)
B0006,43,1.7546766553637203,XGBoost,1.5823603868484497,Charge only (2)
B0006,44,1.7659390941842175,XGBoost,1.5859628915786743,Charge only (2)
B0006,45,1.7337887419624838,XGBoost,1.616666316986084,Charge only (2)
B0006,46,1.713325912040734,XGBoost,1.6143338680267334,Charge only (2)
B0006,47,1.7024077813673466,XGBoost,1.589796781539917,Charge only (2)
B0006,48,1.82371946178183,XGBoost,1.5759599208831787,Charge only (2)
B0006,49,1.8081284050314708,XGBoost,1.6781198978424072,Charge only (2)
B0006,50,1.7757610945034283,XGBoost,1.6201996803283691,Charge only (2)
B0006,51,1.7447409841836798,XGBoost,1.6200156211853027,Charge only (2)
B0006,52,1.729207034132373,XGBoost,1.6070935726165771,Charge only (2)
B0006,53,1.7081086552553244,XGBoost,1.6209558248519897,Charge only (2)
B0006,54,1.6975954237461768,XGBoost,1.5920007228851318,Charge only (2)
B0006,55,1.6820634524029463,XGBoost,1.592781901359558,Charge only (2)
B0006,56,1.6714768322295086,XGBoost,1.5938245058059692,Charge only (2)
B0006,57,1.6607591387047655,XGBoost,1.5785788297653198,Charge only (2)
B0006,58,1.651121015038069,XGBoost,1.5336135625839233,Charge only (2)
B0006,59,1.6401349256190927,XGBoost,1.534339189529419,Charge only (2)
B0006,60,1.6291999416165441,XGBoost,1.4985731840133667,Charge only (2)
B0006,61,1.6088496302961666,XGBoost,1.4888321161270142,Charge only (2)
B0006,62,1.6035244898969248,XGBoost,1.4779280424118042,Charge only (2)
B0006,63,1.5989712144027983,XGBoost,1.4969172477722168,Charge only (2)
B0006,64,1.5876273123575604,XGBoost,1.5025900602340698,Charge only (2)
B0006,65,1.5829719744686166,XGBoost,1.4848889112472534,Charge only (2)
B0006,66,1.567137636713563,XGBoost,1.47268545627594,Charge only (2)
B0006,67,1.5613446139713882,XGBoost,1.4598220586776733,Charge only (2)
B0006,68,1.5511711892790419,XGBoost,1.4468638896942139,Charge only (2)
B0006,69,1.5406741606295171,XGBoost,1.4321110248565674,Charge only (2)
B0006,70,1.5253138744624433,XGBoost,1.4268741607666016,Charge only (2)
B0006,71,1.5301570318067428,XGBoost,1.4221123456954956,Charge only (2)
B0006,72,1.5246566834474087,XGBoost,1.4080878496170044,Charge only (2)
B0006,73,1.5145492986655427,XGBoost,1.4059568643569946,Charge only (2)
B0006,74,1.509391504602082,XGBoost,1.3838376998901367,Charge only (2)
B0006,75,1.5039974333050705,XGBoost,1.3795461654663086,Charge only (2)
B0006,76,1.4935201918040188,XGBoost,1.3827617168426514,Charge only (2)
B0006,77,1.4876323024497422,XGBoost,1.3594648838043213,Charge only (2)
B0006,78,1.5302876214401704,XGBoost,1.370461344718933,Charge only (2)
B0006,79,1.5040760088360112,XGBoost,1.3838376998901367,Charge only (2)
B0006,80,1.4887593608730894,XGBoost,1.3618258237838745,Charge only (2)
B0006,81,1.4782779285546637,XGBoost,1.3506101369857788,Charge only (2)
B0006,82,1.478459982215684,XGBoost,1.358821988105774,Charge only (2)
B0006,83,1.473214844899973,XGBoost,1.358821988105774,Charge only (2)
B0006,84,1.4675164935067897,XGBoost,1.370461344718933,Charge only (2)
B0006,85,1.4516292657521335,XGBoost,1.370461344718933,Charge only (2)
B0006,86,1.4519237720967177,XGBoost,1.3690390586853027,Charge only (2)
B0006,87,1.4471484694777745,XGBoost,1.339839220046997,Charge only (2)
B0006,88,1.4468538105659885,XGBoost,1.339839220046997,Charge only (2)
B0006,89,1.4416741930284678,XGBoost,1.3442031145095825,Charge only (2)
B0006,91,1.5463902376915637,XGBoost,1.3627322912216187,Charge only (2)
B0006,92,1.51470559175661,XGBoost,1.3938536643981934,Charge only (2)
B0006,93,1.4989786083335404,XGBoost,1.3632514476776123,Charge only (2)
B0006,94,1.4831110745410492,XGBoost,1.3527472019195557,Charge only (2)
B0006,95,1.4729664825468278,XGBoost,1.370461344718933,Charge only (2)
B0006,96,1.4627604396099307,XGBoost,1.3610841035842896,Charge only (2)
B0006,97,1.4518364681062514,XGBoost,1.3690390586853027,Charge only (2)
B0006,98,1.4468670644030392,XGBoost,1.3442031145095825,Charge only (2)
B0006,99,1.441380399427779,XGBoost,1.3442031145095825,Charge only (2)
B0006,100,1.431210744960774,XGBoost,1.3404737710952759,Charge only (2)
B0006,101,1.4260247179525716,XGBoost,1.3404737710952759,Charge only (2)
B0006,102,1.420487649966195,XGBoost,1.3346612453460693,Charge only (2)
B0006,103,1.4207006230355006,XGBoost,1.3340239524841309,Charge only (2)
B0006,104,1.452255804330839,XGBoost,1.3308357000350952,Charge only (2)
B0006,105,1.431557632772571,XGBoost,1.3442031145095825,Charge only (2)
B0006,106,1.415015751158943,XGBoost,1.3369009494781494,Charge only (2)
B0006,107,1.4097311506517451,XGBoost,1.3346612453460693,Charge only (2)
B0006,108,1.404917318129309,XGBoost,1.3308357000350952,Charge only (2)
B0006,109,1.395164296571563,XGBoost,1.3317853212356567,Charge only (2)
B0006,110,1.3945343832614077,XGBoost,1.3317853212356567,Charge only (2)
B0006,111,1.3893171179312644,XGBoost,1.3164335489273071,Charge only (2)
B0006,112,1.3838379472327809,XGBoost,1.3172718286514282,Charge only (2)
B0006,113,1.3736814238195123,XGBoost,1.3172718286514282,Charge only (2)
B0006,114,1.3786059891863676,XGBoost,1.3172718286514282,Charge only (2)
B0006,115,1.3737600299108574,XGBoost,1.3172718286514282,Charge only (2)
B0006,116,1.3682580583942712,XGBoost,1.3172718286514282,Charge only (2)
B0006,117,1.3633024037317505,XGBoost,1.3172718286514282,Charge only (2)
B0006,118,1.3580966140172601,XGBoost,1.3172718286514282,Charge only (2)
B0006,119,1.353269090999531,XGBoost,1.3172718286514282,Charge only (2)
B0006,120,1.3841605738237488,XGBoost,1.3172718286514282,Charge only (2)
B0006,121,1.4051467790651473,XGBoost,1.3164335489273071,Charge only (2)
B0006,122,1.378719022627353,XGBoost,1.3164335489273071,Charge only (2)
B0006,123,1.3682657783199066,XGBoost,1.3172718286514282,Charge only (2)
B0006,124,1.3573151296618016,XGBoost,1.3172718286514282,Charge only (2)
B0006,125,1.3524934638801596,XGBoost,1.3172718286514282,Charge only (2)
B0006,126,1.3474099151661236,XGBoost,1.3172718286514282,Charge only (2)
B0006,127,1.3370075130842318,XGBoost,1.3172718286514282,Charge only (2)
B0006,128,1.3312352966718526,XGBoost,1.3172718286514282,Charge only (2)
B0006,129,1.3259303781727643,XGBoost,1.3172718286514282,Charge only (2)
B0006,130,1.321578743867529,XGBoost,1.3172718286514282,Charge only (2)
B0006,131,1.321225074066109,XGBoost,1.3172718286514282,Charge only (2)
B0006,132,1.3156485301862682,XGBoost,1.3172718286514282,Charge only (2)
B0006,133,1.3209025697502388,XGBoost,1.3172718286514282,Charge only (2)
B0006,134,1.3474328767273906,XGBoost,1.3172718286514282,Charge only (2)
B0006,135,1.3260128072353616,XGBoost,1.3172718286514282,Charge only (2)
B0006,136,1.3101186784831063,XGBoost,1.3172718286514282,Charge only (2)
B0006,137,1.30521620229393,XGBoost,1.3172718286514282,Charge only (2)
B0006,138,1.3004061951355774,XGBoost,1.3172718286514282,Charge only (2)
B0006,139,1.300235735841116,XGBoost,1.3172718286514282,Charge only (2)
B0006,140,1.2895066722480755,XGBoost,1.3172718286514282,Charge only (2)
B0006,141,1.279253057384795,XGBoost,1.3172718286514282,Charge only (2)
B0006,142,1.2792078171714618,XGBoost,1.3172718286514282,Charge only (2)
B0006,143,1.274036760902923,XGBoost,1.3172718286514282,Charge only (2)
B0006,144,1.2741273923001468,XGBoost,1.3172718286514282,Charge only (2)
B0006,145,1.2637639426440779,XGBoost,1.3172718286514282,Charge only (2)
B0006,146,1.2581373688955233,XGBoost,1.3172718286514282,Charge only (2)
B0006,147,1.253259864055301,XGBoost,1.3172718286514282,Charge only (2)
B0006,148,1.2532313315493426,XGBoost,1.3172718286514282,Charge only (2)
B0006,149,1.2480874960313577,XGBoost,1.3172718286514282,Charge only (2)
B0006,150,1.2534354284944844,XGBoost,1.3172718286514282,Charge only (2)
B0006,151,1.2898048773266901,XGBoost,1.3172718286514282,Charge only (2)
B0006,152,1.2635402021758835,XGBoost,1.3172718286514282,Charge only (2)
B0006,153,1.2479761706842853,XGBoost,1.3172718286514282,Charge only (2)
B0006,154,1.2321202877943334,XGBoost,1.3172718286514282,Charge only (2)
B0006,155,1.2271137666213534,XGBoost,1.3172718286514282,Charge only (2)
B0006,156,1.2217397581377356,XGBoost,1.3172718286514282,Charge only (2)
B0006,157,1.211102678915174,XGBoost,1.3172718286514282,Charge only (2)
B0006,158,1.2056159765131735,XGBoost,1.3172718286514282,Charge only (2)
B0006,159,1.2008936262717274,XGBoost,1.3172718286514282,Charge only (2)
B0006,160,1.1905903985558335,XGBoost,1.3172718286514282,Charge only (2)
B0006,161,1.185179251041941,XGBoost,1.3172718286514282,Charge only (2)
B0006,162,1.1796706818144624,XGBoost,1.3172718286514282,Charge only (2)
B0006,163,1.1745952836753915,XGBoost,1.3172718286514282,Charge only (2)
B0006,164,1.15381833159625,XGBoost,1.3172718286514282,Charge only (2)
B0006,165,1.1644009557372264,XGBoost,1.3172718286514282,Charge only (2)
B0006,166,1.1587974947916069,XGBoost,1.3172718286514282,Charge only (2)
B0006,167,1.1749748834769171,XGBoost,1.3172718286514282,Charge only (2)
B0006,168,1.1856752327929356,XGBoost,1.3172718286514282,Charge only (2)
B0007,1,1.89105229539079,Linear Regression,1.8817518954481482,Charge only (2)
B0007,2,1.880637027686859,Linear Regression,1.8817518954481482,Charge only (2)
B0007,3,1.8806626717011388,Linear Regression,1.869500183602745,Charge only (2)
B0007,4,1.8807709009833444,Linear Regression,1.8672399956403818,Charge only (2)
B0007,5,1.8794508728285058,Linear Regression,1.8698117984388543,Charge only (2)
B0007,6,1.8807003517117404,Linear Regression,1.8720938684235626,Charge only (2)
B0007,7,1.8799352523566075,Linear Regression,1.856780448228896,Charge only (2)
B0007,8,1.8815088124038797,Linear Regression,1.861998568002402,Charge only (2)
B0007,9,1.8696907870385844,Linear Regression,1.8608204070906462,Charge only (2)
B0007,10,1.870052380139199,Linear Regression,1.8605868676369879,Charge only (2)
B0007,11,1.8700442394188577,Linear Regression,1.8585738535507956,Charge only (2)
B0007,12,1.8596518987766364,Linear Regression,1.852035341671513,Charge only (2)
B0007,13,1.8590746560862206,Linear Regression,1.8454968297922303,Charge only (2)
B0007,14,1.8590084577709232,Linear Regression,1.8411761300921863,Charge only (2)
B0007,15,1.8593622586957048,Linear Regression,1.8414943442401615,Charge only (2)
B0007,16,1.8587355450601035,Linear Regression,1.8304026700978642,Charge only (2)
B0007,17,1.847817291322145,Linear Regression,1.8370714769078913,Charge only (2)
B0007,18,1.8485252916137047,Linear Regression,1.8350093845298767,Charge only (2)
B0007,19,1.848378951850034,Linear Regression,1.8300946874964688,Charge only (2)
B0007,20,1.8807805437609766,Linear Regression,1.8092074823830946,Charge only (2)
B0007,21,1.8814721597443598,Linear Regression,1.86971371347867,Charge only (2)
B0007,22,1.8810954313244785,Linear Regression,1.86516256558862,Charge only (2)
B0007,23,1.8710089649779995,Linear Regression,1.8599060529348648,Charge only (2)
B0007,24,1.8701995151941375,Linear Regression,1.8538879123371812,Charge only (2)
B0007,25,1.8706715362800985,Linear Regression,1.8551570662834176,Charge only (2)
B0007,26,1.8596124644020169,Linear Regression,1.8448261664994765,Charge only (2)
B0007,27,1.860033909718346,Linear Regression,1.8489768967261118,Charge only (2)
B0007,28,1.8591653109160768,Linear Regression,1.838256386814483,Charge only (2)
B0007,29,1.8481398178778288,Linear Regression,1.8345055175911165,Charge only (2)
B0007,30,1.849201702126164,Linear Regression,1.8336671450413982,Charge only (2)
B0007,31,1.8834677437950846,Linear Regression,1.8361492764455691,Charge only (2)
B0007,32,1.8628211117905844,Linear Regression,1.83863140784974,Charge only (2)
B0007,33,1.852085039652352,Linear Regression,1.8275837957530308,Charge only (2)
B0007,34,1.8469504648208708,Linear Regression,1.8187890439988472,Charge only (2)
B0007,35,1.836828431169018,Linear Regression,1.8185685085328798,Charge only (2)
B0007,36,1.8371619619672275,Linear Regression,1.8091254704893986,Charge only (2)
B0007,37,1.8316722583718854,Linear Regression,1.8093756825043614,Charge only (2)
B0007,38,1.8211470951317783,Linear Regression,1.80420514040181,Charge only (2)
B0007,39,1.816506091511515,Linear Regression,1.7924589362910472,Charge only (2)
B0007,40,1.8113815601504555,Linear Regression,1.7919097824786365,Charge only (2)
B0007,41,1.8116056333939583,Linear Regression,1.7856684437861918,Charge only (2)
B0007,42,1.8060548955557403,Linear Regression,1.783446276826251,Charge only (2)
B0007,43,1.8132041826994056,Linear Regression,1.7777767397548445,Charge only (2)
B0007,44,1.8062641938283535,Linear Regression,1.789394200458104,Charge only (2)
B0007,45,1.7958310249900458,Linear Regression,1.7830534624036523,Charge only (2)
B0007,46,1.7858852600390451,Linear Regression,1.7766131186764855,Charge only (2)
B0007,47,1.7803268604502753,Linear Regression,1.7631148545316948,Charge only (2)
B0007,48,1.8150756899575577,Linear Regression,1.7415126982452047,Charge only (2)
B0007,49,1.8157025154845838,Linear Regression,1.8024672591326902,Charge only (2)
B0007,50,1.8002432178056673,Linear Regression,1.7903844386497523,Charge only (2)
B0007,51,1.7904476205609308,Linear Regression,1.776297873700685,Charge only (2)
B0007,52,1.780343032300132,Linear Regression,1.7661374198030917,Charge only (2)
B0007,53,1.775328769596812,Linear Regression,1.7586340848859587,Charge only (2)
B0007,54,1.7702629734732853,Linear Regression,1.7555358915054713,Charge only (2)
B0007,55,1.760081061854204,Linear Regression,1.7487704213738184,Charge only (2)
B0007,56,1.749647593537689,Linear Regression,1.7400014583023458,Charge only (2)
B0007,57,1.749650075059311,Linear Regression,1.739782042588779,Charge only (2)
B0007,58,1.745028739214683,Linear Regression,1.7304954376991961,Charge only (2)
B0007,59,1.7396457455286727,Linear Regression,1.7284561949258301,Charge only (2)
B0007,60,1.7285642277717963,Linear Regression,1.7251248328399587,Charge only (2)
B0007,61,1.723900324588418,Linear Regression,1.7178590031110141,Charge only (2)
B0007,62,1.7139788776485192,Linear Regression,1.7091569690665716,Charge only (2)
B0007,63,1.7139701997004613,Linear Regression,1.705575894052108,Charge only (2)
B0007,64,1.7036521173638766,Linear Regression,1.6886254827118392,Charge only (2)
B0007,65,1.7040137474382486,Linear Regression,1.6965166481202414,Charge only (2)
B0007,66,1.6935716157343033,Linear Regression,1.6882229676012734,Charge only (2)
B0007,67,1.6876577363877656,Linear Regression,1.6732768079641638,Charge only (2)
B0007,68,1.6830744356583152,Linear Regression,1.6774748860974888,Charge only (2)
B0007,69,1.6779270142025482,Linear Regression,1.6718494484919537,Charge only (2)
B0007,70,1.6732060275966172,Linear Regression,1.6653716112783779,Charge only (2)
B0007,71,1.6674367208253988,Linear Regression,1.660769935694626,Charge only (2)
B0007,72,1.6622662630667526,Linear Regression,1.6536901815096263,Charge only (2)
B0007,73,1.6574243065763063,Linear Regression,1.65109613200575,Charge only (2)
B0007,74,1.652538684928734,Linear Regression,1.646060371615758,Charge only (2)
B0007,75,1.6472174627573322,Linear Regression,1.6399526328375464,Charge only (2)
B0007,76,1.6364136810898071,Linear Regression,1.6350828158590582,Charge only (2)
B0007,77,1.6362554312048496,Linear Regression,1.63022222405741,Charge only (2)
B0007,78,1.641119179218384,Linear Regression,1.622124462980792,Charge only (2)
B0007,79,1.6315700789656966,Linear Regression,1.633937849317108,Charge only (2)
B0007,80,1.621213282987236,Linear Regression,1.6197556725544369,Charge only (2)
B0007,81,1.6164273214762122,Linear Regression,1.6145916497520312,Charge only (2)
B0007,82,1.615823510161921,Linear Regression,1.6105895214545962,Charge only (2)
B0007,83,1.61672418029789,Linear Regression,1.609633788097341,Charge only (2)
B0007,84,1.6108655863730026,Linear Regression,1.609283324090692,Charge only (2)
B0007,85,1.6006603374309376,Linear Regression,1.6009269036191278,Charge only (2)
B0007,86,1.5959174487005663,Linear Regression,1.5925896493062575,Charge only (2)
B0007,87,1.5962179519462243,Linear Regression,1.5908472763565578,Charge only (2)
B0007,88,1.5958065114633972,Linear Regression,1.5863932207860825,Charge only (2)
B0007,89,1.5906507821480704,Linear Regression,1.5823816296382833,Charge only (2)
B0007,91,1.6259938279733204,Linear Regression,1.6060736360963892,Charge only (2)
B0007,92,1.6157433862812898,Linear Regression,1.6143977068722308,Charge only (2)
B0007,93,1.6056626764846538,Linear Regression,1.60757728963467,Charge only (2)
B0007,94,1.5949746921524348,Linear Regression,1.5987479123255732,Charge only (2)
B0007,95,1.5904102438871945,Linear Regression,1.5890650677072593,Charge only (2)
B0007,96,1.5853517062988178,Linear Regression,1.5862208116723813,Charge only (2)
B0007,97,1.5799737147242376,Linear Regression,1.5767664430260753,Charge only (2)
B0007,98,1.5752185465278068,Linear Regression,1.574272210821558,Charge only (2)
B0007,99,1.569798484648868,Linear Regression,1.5695469372854618,Charge only (2)
B0007,100,1.5702565375950357,Linear Regression,1.5639361336924733,Charge only (2)
B0007,101,1.565249873909438,Linear Regression,1.563736778777459,Charge only (2)
B0007,102,1.559633933561147,Linear Regression,1.562263783333261,Charge only (2)
B0007,103,1.5649820533392105,Linear Regression,1.5527935090492313,Charge only (2)
B0007,104,1.57497949984227,Linear Regression,1.5562693260000513,Charge only (2)
B0007,105,1.5652811168780458,Linear Regression,1.5675142449954833,Charge only (2)
B0007,106,1.559755497470126,Linear Regression,1.5609333480606085,Charge only (2)
B0007,107,1.549897685670499,Linear Regression,1.5511281855245154,Charge only (2)
B0007,108,1.5438771531345021,Linear Regression,1.5480117870177859,Charge only (2)
B0007,109,1.5450187488690073,Linear Regression,1.540892147889647,Charge only (2)
B0007,110,1.5445940154102908,Linear Regression,1.5404489309561626,Charge only (2)
B0007,111,1.5343086721758876,Linear Regression,1.537417247294396,Charge only (2)
B0007,112,1.5287603942958483,Linear Regression,1.5293647152589265,Charge only (2)
B0007,113,1.5289260249179843,Linear Regression,1.5275228283537436,Charge only (2)
B0007,114,1.529091650133123,Linear Regression,1.5276118124644325,Charge only (2)
B0007,115,1.5239059324661248,Linear Regression,1.5267770585225517,Charge only (2)
B0007,116,1.5186675419100615,Linear Regression,1.5182758624653718,Charge only (2)
B0007,117,1.5136482266426952,Linear Regression,1.5152425435535148,Charge only (2)
B0007,118,1.5136050185229033,Linear Regression,1.5125749721273605,Charge only (2)
B0007,119,1.5139470614867965,Linear Regression,1.5128512206650906,Charge only (2)
B0007,120,1.5339599193158786,Linear Regression,1.5114026727885843,Charge only (2)
B0007,121,1.5391372798653098,Linear Regression,1.5382247804743931,Charge only (2)
B0007,122,1.5236247972838737,Linear Regression,1.5238835551103627,Charge only (2)
B0007,123,1.5135813035589147,Linear Regression,1.5184015046686,Charge only (2)
B0007,124,1.5077850749847914,Linear Regression,1.51316917263939,Charge only (2)
B0007,125,1.5031960676037333,Linear Regression,1.5027447445725466,Charge only (2)
B0007,126,1.4978220596995881,Linear Regression,1.4962973694846486,Charge only (2)
B0007,127,1.492848534633516,Linear Regression,1.494541321828553,Charge only (2)
B0007,128,1.492414389867026,Linear Regression,1.4885868759788738,Charge only (2)
B0007,129,1.487482776538081,Linear Regression,1.486805530683942,Charge only (2)
B0007,130,1.482535148640411,Linear Regression,1.4871868749409414,Charge only (2)
B0007,131,1.4827874322228984,Linear Regression,1.4801206178111248,Charge only (2)
B0007,132,1.476971179775059,Linear Regression,1.4762040016718319,Charge only (2)
B0007,133,1.4819015554137276,Linear Regression,1.472542010722663,Charge only (2)
B0007,134,1.4981366198874824,Linear Regression,1.4763215466726871,Charge only (2)
B0007,135,1.4820775214392872,Linear Regression,1.4898048554875172,Charge only (2)
B0007,136,1.4771155312812152,Linear Regression,1.4782533596179184,Charge only (2)
B0007,137,1.4720772783056488,Linear Regression,1.4728255101956187,Charge only (2)
B0007,138,1.472248013656454,Linear Regression,1.4710338521587518,Charge only (2)
B0007,139,1.4670106672274665,Linear Regression,1.4667749404872394,Charge only (2)
B0007,140,1.4617672495335379,Linear Regression,1.4616736823885625,Charge only (2)
B0007,141,1.4566952670489708,Linear Regression,1.4589229710479077,Charge only (2)
B0007,142,1.451354972758956,Linear Regression,1.4531584598620604,Charge only (2)
B0007,143,1.451615926257375,Linear Regression,1.4472366891190869,Charge only (2)
B0007,144,1.4468161332173683,Linear Regression,1.445158263831699,Charge only (2)
B0007,145,1.4467570607768785,Linear Regression,1.441942829759703,Charge only (2)
B0007,146,1.4413797481446793,Linear Regression,1.4408506801465417,Charge only (2)
B0007,147,1.4362456252208178,Linear Regression,1.4401084331895675,Charge only (2)
B0007,148,1.4368154153924828,Linear Regression,1.4327981152092775,Charge only (2)
B0007,149,1.4362945145860047,Linear Regression,1.4327421879137452,Charge only (2)
B0007,150,1.4418575315878015,Linear Regression,1.4348888648464166,Charge only (2)
B0007,151,1.4672063484781797,Linear Regression,1.4311031913510328,Charge only (2)
B0007,152,1.4518640367848885,Linear Regression,1.4601681530167334,Charge only (2)
B0007,153,1.4471379752748499,Linear Regression,1.4477968981354514,Charge only (2)
B0007,154,1.441790586562399,Linear Regression,1.4386637792251245,Charge only (2)
B0007,155,1.431630947911111,Linear Regression,1.432778561757754,Charge only (2)
B0007,156,1.4318084249673686,Linear Regression,1.4308461894065234,Charge only (2)
B0007,157,1.4262562585106868,Linear Regression,1.4279441083317914,Charge only (2)
B0007,158,1.4260877528924913,Linear Regression,1.419369664372503,Charge only (2)
B0007,159,1.4212633510031694,Linear Regression,1.4199603372563365,Charge only (2)
B0007,160,1.4163272748795108,Linear Regression,1.4152257612697883,Charge only (2)
B0007,161,1.4165781829175994,Linear Regression,1.4140294679946581,Charge only (2)
B0007,162,1.4108401729425177,Linear Regression,1.4115098026821005,Charge only (2)
B0007,163,1.4109949628347804,Linear Regression,1.4082352727059007,Charge only (2)
B0007,164,1.4061714290398801,Linear Regression,1.4099367775665637,Charge only (2)
B0007,165,1.4063358479692922,Linear Regression,1.4029399775096838,Charge only (2)
B0007,166,1.4004552399066514,Linear Regression,1.4021600823221778,Charge only (2)
B0007,167,1.4217865046055154,Linear Regression,1.3974481336199303,Charge only (2)
B0007,168,1.4324552720625434,Linear Regression,1.4263934554579865,Charge only (2)
B0007,1,1.89105229539079,Random Forest,1.9204793443024044,Charge only (2)
B0007,2,1.880637027686859,Random Forest,1.9204793443024044,Charge only (2)
B0007,3,1.8806626717011388,Random Forest,1.9183222792250942,Charge only (2)
B0007,4,1.8807709009833444,Random Forest,1.917963054747406,Charge only (2)
B0007,5,1.8794508728285058,Random Forest,1.9183222792250942,Charge only (2)
B0007,6,1.8807003517117404,Random Forest,1.918809288168068,Charge only (2)
B0007,7,1.8799352523566075,Random Forest,1.9120494698978592,Charge only (2)
B0007,8,1.8815088124038797,Random Forest,1.9119658086413447,Charge only (2)
B0007,9,1.8696907870385844,Random Forest,1.918098416512536,Charge only (2)
B0007,10,1.870052380139199,Random Forest,1.9178506065692005,Charge only (2)
B0007,11,1.8700442394188577,Random Forest,1.911919713386709,Charge only (2)
B0007,12,1.8596518987766364,Random Forest,1.9099361825675414,Charge only (2)
B0007,13,1.8590746560862206,Random Forest,1.9022530647674436,Charge only (2)
B0007,14,1.8590084577709232,Random Forest,1.8894603083163704,Charge only (2)
B0007,15,1.8593622586957048,Random Forest,1.8663808909499684,Charge only (2)
B0007,16,1.8587355450601035,Random Forest,1.8401069518771669,Charge only (2)
B0007,17,1.847817291322145,Random Forest,1.836618517881962,Charge only (2)
B0007,18,1.8485252916137047,Random Forest,1.837498840526141,Charge only (2)
B0007,19,1.848378951850034,Random Forest,1.834561259726608,Charge only (2)
B0007,20,1.8807805437609766,Random Forest,1.8276299275986028,Charge only (2)
B0007,21,1.8814721597443598,Random Forest,1.927093804595804,Charge only (2)
B0007,22,1.8810954313244785,Random Forest,1.925587268310284,Charge only (2)
B0007,23,1.8710089649779995,Random Forest,1.922941061742276,Charge only (2)
B0007,24,1.8701995151941375,Random Forest,1.922941061742276,Charge only (2)
B0007,25,1.8706715362800985,Random Forest,1.9212843084935118,Charge only (2)
B0007,26,1.8596124644020169,Random Forest,1.9117815700248715,Charge only (2)
B0007,27,1.860033909718346,Random Forest,1.9114790019163095,Charge only (2)
B0007,28,1.8591653109160768,Random Forest,1.8692069319863276,Charge only (2)
B0007,29,1.8481398178778288,Random Forest,1.8449745491764924,Charge only (2)
B0007,30,1.849201702126164,Random Forest,1.8449745491764924,Charge only (2)
B0007,31,1.8834677437950846,Random Forest,1.887884766583187,Charge only (2)
B0007,32,1.8628211117905844,Random Forest,1.9187277945468233,Charge only (2)
B0007,33,1.852085039652352,Random Forest,1.8694934795275944,Charge only (2)
B0007,34,1.8469504648208708,Random Forest,1.8424951169458925,Charge only (2)
B0007,35,1.836828431169018,Random Forest,1.8312638378640775,Charge only (2)
B0007,36,1.8371619619672275,Random Forest,1.83336159178873,Charge only (2)
B0007,37,1.8316722583718854,Random Forest,1.831972995350009,Charge only (2)
B0007,38,1.8211470951317783,Random Forest,1.82119940354594,Charge only (2)
B0007,39,1.816506091511515,Random Forest,1.8219158555355883,Charge only (2)
B0007,40,1.8113815601504555,Random Forest,1.8076276183755489,Charge only (2)
B0007,41,1.8116056333939583,Random Forest,1.8061807113411015,Charge only (2)
B0007,42,1.8060548955557403,Random Forest,1.8061732328714684,Charge only (2)
B0007,43,1.8132041826994056,Random Forest,1.8028150677105854,Charge only (2)
B0007,44,1.8062641938283535,Random Forest,1.8101660877532921,Charge only (2)
B0007,45,1.7958310249900458,Random Forest,1.8067651292809146,Charge only (2)
B0007,46,1.7858852600390451,Random Forest,1.805064363532033,Charge only (2)
B0007,47,1.7803268604502753,Random Forest,1.7892015204568326,Charge only (2)
B0007,48,1.8150756899575577,Random Forest,1.7896361330528066,Charge only (2)
B0007,49,1.8157025154845838,Random Forest,1.836435765859605,Charge only (2)
B0007,50,1.8002432178056673,Random Forest,1.826515114322443,Charge only (2)
B0007,51,1.7904476205609308,Random Forest,1.810892468658858,Charge only (2)
B0007,52,1.780343032300132,Random Forest,1.8187584400266739,Charge only (2)
B0007,53,1.775328769596812,Random Forest,1.8004985679077927,Charge only (2)
B0007,54,1.7702629734732853,Random Forest,1.7885991900061282,Charge only (2)
B0007,55,1.760081061854204,Random Forest,1.78000540685125,Charge only (2)
B0007,56,1.749647593537689,Random Forest,1.7721054189391656,Charge only (2)
B0007,57,1.749650075059311,Random Forest,1.769906352880338,Charge only (2)
B0007,58,1.745028739214683,Random Forest,1.7566345505557808,Charge only (2)
B0007,59,1.7396457455286727,Random Forest,1.756592572916046,Charge only (2)
B0007,60,1.7285642277717963,Random Forest,1.752195749610972,Charge only (2)
B0007,61,1.723900324588418,Random Forest,1.7515640367154175,Charge only (2)
B0007,62,1.7139788776485192,Random Forest,1.7530429379881807,Charge only (2)
B0007,63,1.7139701997004613,Random Forest,1.7204346549073049,Charge only (2)
B0007,64,1.7036521173638766,Random Forest,1.7172254414496892,Charge only (2)
B0007,65,1.7040137474382486,Random Forest,1.7140684478281982,Charge only (2)
B0007,66,1.6935716157343033,Random Forest,1.704886918277781,Charge only (2)
B0007,67,1.6876577363877656,Random Forest,1.6877120079664711,Charge only (2)
B0007,68,1.6830744356583152,Random Forest,1.6861585128742416,Charge only (2)
B0007,69,1.6779270142025482,Random Forest,1.6781393260096578,Charge only (2)
B0007,70,1.6732060275966172,Random Forest,1.6719121719542014,Charge only (2)
B0007,71,1.6674367208253988,Random Forest,1.658422843871399,Charge only (2)
B0007,72,1.6622662630667526,Random Forest,1.6472619397241297,Charge only (2)
B0007,73,1.6574243065763063,Random Forest,1.6472587566112324,Charge only (2)
B0007,74,1.652538684928734,Random Forest,1.6405961132339368,Charge only (2)
B0007,75,1.6472174627573322,Random Forest,1.6412595109886663,Charge only (2)
B0007,76,1.6364136810898071,Random Forest,1.6358804592795582,Charge only (2)
B0007,77,1.6362554312048496,Random Forest,1.625913457763838,Charge only (2)
B0007,78,1.641119179218384,Random Forest,1.6159404849583536,Charge only (2)
B0007,79,1.6315700789656966,Random Forest,1.6477616614525454,Charge only (2)
B0007,80,1.621213282987236,Random Forest,1.6028637348130876,Charge only (2)
B0007,81,1.6164273214762122,Random Forest,1.6024404258331384,Charge only (2)
B0007,82,1.615823510161921,Random Forest,1.6021136831268428,Charge only (2)
B0007,83,1.61672418029789,Random Forest,1.602446244482128,Charge only (2)
B0007,84,1.6108655863730026,Random Forest,1.60165676184611,Charge only (2)
B0007,85,1.6006603374309376,Random Forest,1.6008918078774559,Charge only (2)
B0007,86,1.5959174487005663,Random Forest,1.6026776147293427,Charge only (2)
B0007,87,1.5962179519462243,Random Forest,1.615401031801932,Charge only (2)
B0007,88,1.5958065114633972,Random Forest,1.6036361207235827,Charge only (2)
B0007,89,1.5906507821480704,Random Forest,1.6014059428617267,Charge only (2)
B0007,91,1.6259938279733204,Random Forest,1.602776627745545,Charge only (2)
B0007,92,1.6157433862812898,Random Forest,1.6156372427167844,Charge only (2)
B0007,93,1.6056626764846538,Random Forest,1.6027360535279749,Charge only (2)
B0007,94,1.5949746921524348,Random Forest,1.600383138957141,Charge only (2)
B0007,95,1.5904102438871945,Random Forest,1.6002599748942843,Charge only (2)
B0007,96,1.5853517062988178,Random Forest,1.6016849997688272,Charge only (2)
B0007,97,1.5799737147242376,Random Forest,1.6004332442542788,Charge only (2)
B0007,98,1.5752185465278068,Random Forest,1.582019687666551,Charge only (2)
B0007,99,1.569798484648868,Random Forest,1.575957761457418,Charge only (2)
B0007,100,1.5702565375950357,Random Forest,1.5650141536125006,Charge only (2)
B0007,101,1.565249873909438,Random Forest,1.5646939808648035,Charge only (2)
B0007,102,1.559633933561147,Random Forest,1.5630921269905564,Charge only (2)
B0007,103,1.5649820533392105,Random Forest,1.5518239797369404,Charge only (2)
B0007,104,1.57497949984227,Random Forest,1.5616943297909507,Charge only (2)
B0007,105,1.5652811168780458,Random Forest,1.5786035894894024,Charge only (2)
B0007,106,1.559755497470126,Random Forest,1.5648795157818387,Charge only (2)
B0007,107,1.549897685670499,Random Forest,1.5505006997782413,Charge only (2)
B0007,108,1.5438771531345021,Random Forest,1.543447080150051,Charge only (2)
B0007,109,1.5450187488690073,Random Forest,1.5402035238021086,Charge only (2)
B0007,110,1.5445940154102908,Random Forest,1.5426521151765433,Charge only (2)
B0007,111,1.5343086721758876,Random Forest,1.5355113933019333,Charge only (2)
B0007,112,1.5287603942958483,Random Forest,1.5308876996266259,Charge only (2)
B0007,113,1.5289260249179843,Random Forest,1.526981639796177,Charge only (2)
B0007,114,1.529091650133123,Random Forest,1.526981639796177,Charge only (2)
B0007,115,1.5239059324661248,Random Forest,1.529130643961543,Charge only (2)
B0007,116,1.5186675419100615,Random Forest,1.5236259338469538,Charge only (2)
B0007,117,1.5136482266426952,Random Forest,1.503672602931491,Charge only (2)
B0007,118,1.5136050185229033,Random Forest,1.4989008359835083,Charge only (2)
B0007,119,1.5139470614867965,Random Forest,1.4990768585612826,Charge only (2)
B0007,120,1.5339599193158786,Random Forest,1.499041519056464,Charge only (2)
B0007,121,1.5391372798653098,Random Forest,1.5336544830419114,Charge only (2)
B0007,122,1.5236247972838737,Random Forest,1.5316058635310523,Charge only (2)
B0007,123,1.5135813035589147,Random Forest,1.524250961006841,Charge only (2)
B0007,124,1.5077850749847914,Random Forest,1.4989355462141278,Charge only (2)
B0007,125,1.5031960676037333,Random Forest,1.4978033715017076,Charge only (2)
B0007,126,1.4978220596995881,Random Forest,1.4958758695397356,Charge only (2)
B0007,127,1.492848534633516,Random Forest,1.4942769853173112,Charge only (2)
B0007,128,1.492414389867026,Random Forest,1.4908248604888414,Charge only (2)
B0007,129,1.487482776538081,Random Forest,1.4835759815099732,Charge only (2)
B0007,130,1.482535148640411,Random Forest,1.4811393475463532,Charge only (2)
B0007,131,1.4827874322228984,Random Forest,1.4754930071033738,Charge only (2)
B0007,132,1.476971179775059,Random Forest,1.4652323557982434,Charge only (2)
B0007,133,1.4819015554137276,Random Forest,1.460680612528953,Charge only (2)
B0007,134,1.4981366198874824,Random Forest,1.4737031026564802,Charge only (2)
B0007,135,1.4820775214392872,Random Forest,1.4946985931791852,Charge only (2)
B0007,136,1.4771155312812152,Random Forest,1.47824419409493,Charge only (2)
B0007,137,1.4720772783056488,Random Forest,1.4617195807011099,Charge only (2)
B0007,138,1.472248013656454,Random Forest,1.4530930661318389,Charge only (2)
B0007,139,1.4670106672274665,Random Forest,1.4519073582505948,Charge only (2)
B0007,140,1.4617672495335379,Random Forest,1.451613038804462,Charge only (2)
B0007,141,1.4566952670489708,Random Forest,1.4429037364662711,Charge only (2)
B0007,142,1.451354972758956,Random Forest,1.4402772548986469,Charge only (2)
B0007,143,1.451615926257375,Random Forest,1.4323925293613633,Charge only (2)
B0007,144,1.4468161332173683,Random Forest,1.432757166213712,Charge only (2)
B0007,145,1.4467570607768785,Random Forest,1.4307073609354088,Charge only (2)
B0007,146,1.4413797481446793,Random Forest,1.4266621804308288,Charge only (2)
B0007,147,1.4362456252208178,Random Forest,1.4121215257483346,Charge only (2)
B0007,148,1.4368154153924828,Random Forest,1.4091291352545405,Charge only (2)
B0007,149,1.4362945145860047,Random Forest,1.4091905249447054,Charge only (2)
B0007,150,1.4418575315878015,Random Forest,1.4101132462858226,Charge only (2)
B0007,151,1.4672063484781797,Random Forest,1.4064133311718046,Charge only (2)
B0007,152,1.4518640367848885,Random Forest,1.4451103272908121,Charge only (2)
B0007,153,1.4471379752748499,Random Forest,1.4397851484993405,Charge only (2)
B0007,154,1.441790586562399,Random Forest,1.4266577398409546,Charge only (2)
B0007,155,1.431630947911111,Random Forest,1.413618870044509,Charge only (2)
B0007,156,1.4318084249673686,Random Forest,1.408582095487038,Charge only (2)
B0007,157,1.4262562585106868,Random Forest,1.4075463215961117,Charge only (2)
B0007,158,1.4260877528924913,Random Forest,1.3986045643973262,Charge only (2)
B0007,159,1.4212633510031694,Random Forest,1.3995672736747642,Charge only (2)
B0007,160,1.4163272748795108,Random Forest,1.3956474335050706,Charge only (2)
B0007,161,1.4165781829175994,Random Forest,1.3943512558240032,Charge only (2)
B0007,162,1.4108401729425177,Random Forest,1.3919226317965212,Charge only (2)
B0007,163,1.4109949628347804,Random Forest,1.3935759796075091,Charge only (2)
B0007,164,1.4061714290398801,Random Forest,1.4004793392553787,Charge only (2)
B0007,165,1.4063358479692922,Random Forest,1.3961655020843735,Charge only (2)
B0007,166,1.4004552399066514,Random Forest,1.3943238944026461,Charge only (2)
B0007,167,1.4217865046055154,Random Forest,1.384707674600302,Charge only (2)
B0007,168,1.4324552720625434,Random Forest,1.4055157626859978,Charge only (2)
B0007,1,1.89105229539079,XGBoost,1.8991038799285889,Charge only (2)
B0007,2,1.880637027686859,XGBoost,1.8991038799285889,Charge only (2)
B0007,3,1.8806626717011388,XGBoost,1.9023240804672241,Charge only (2)
B0007,4,1.8807709009833444,XGBoost,1.9039796590805054,Charge only (2)
B0007,5,1.8794508728285058,XGBoost,1.9039796590805054,Charge only (2)
B0007,6,1.8807003517117404,XGBoost,1.9023240804672241,Charge only (2)
B0007,7,1.8799352523566075,XGBoost,1.8815455436706543,Charge only (2)
B0007,8,1.8815088124038797,XGBoost,1.8808250427246094,Charge only (2)
B0007,9,1.8696907870385844,XGBoost,1.9007854461669922,Charge only (2)
B0007,10,1.870052380139199,XGBoost,1.8804707527160645,Charge only (2)
B0007,11,1.8700442394188577,XGBoost,1.8804707527160645,Charge only (2)
B0007,12,1.8596518987766364,XGBoost,1.8808960914611816,Charge only (2)
B0007,13,1.8590746560862206,XGBoost,1.884726881980896,Charge only (2)
B0007,14,1.8590084577709232,XGBoost,1.8835735321044922,Charge only (2)
B0007,15,1.8593622586957048,XGBoost,1.884726881980896,Charge only (2)
B0007,16,1.8587355450601035,XGBoost,1.8543765544891357,Charge only (2)
B0007,17,1.847817291322145,XGBoost,1.8505457639694214,Charge only (2)
B0007,18,1.8485252916137047,XGBoost,1.8514349460601807,Charge only (2)
B0007,19,1.848378951850034,XGBoost,1.8514349460601807,Charge only (2)
B0007,20,1.8807805437609766,XGBoost,1.830781102180481,Charge only (2)
B0007,21,1.8814721597443598,XGBoost,1.9053906202316284,Charge only (2)
B0007,22,1.8810954313244785,XGBoost,1.90388822555542,Charge only (2)
B0007,23,1.8710089649779995,XGBoost,1.90388822555542,Charge only (2)
B0007,24,1.8701995151941375,XGBoost,1.90388822555542,Charge only (2)
B0007,25,1.8706715362800985,XGBoost,1.90388822555542,Charge only (2)
B0007,26,1.8596124644020169,XGBoost,1.8835735321044922,Charge only (2)
B0007,27,1.860033909718346,XGBoost,1.8835735321044922,Charge only (2)
B0007,28,1.8591653109160768,XGBoost,1.8625154495239258,Charge only (2)
B0007,29,1.8481398178778288,XGBoost,1.8625154495239258,Charge only (2)
B0007,30,1.849201702126164,XGBoost,1.8625154495239258,Charge only (2)
B0007,31,1.8834677437950846,XGBoost,1.8835735321044922,Charge only (2)
B0007,32,1.8628211117905844,XGBoost,1.8835735321044922,Charge only (2)
B0007,33,1.852085039652352,XGBoost,1.8835735321044922,Charge only (2)
B0007,34,1.8469504648208708,XGBoost,1.853223204612732,Charge only (2)
B0007,35,1.836828431169018,XGBoost,1.8318461179733276,Charge only (2)
B0007,36,1.8371619619672275,XGBoost,1.8306927680969238,Charge only (2)
B0007,37,1.8316722583718854,XGBoost,1.830318808555603,Charge only (2)
B0007,38,1.8211470951317783,XGBoost,1.8233107328414917,Charge only (2)
B0007,39,1.816506091511515,XGBoost,1.8284953832626343,Charge only (2)
B0007,40,1.8113815601504555,XGBoost,1.8140556812286377,Charge only (2)
B0007,41,1.8116056333939583,XGBoost,1.8151304721832275,Charge only (2)
B0007,42,1.8060548955557403,XGBoost,1.8153702020645142,Charge only (2)
B0007,43,1.8132041826994056,XGBoost,1.8114604949951172,Charge only (2)
B0007,44,1.8062641938283535,XGBoost,1.8156859874725342,Charge only (2)
B0007,45,1.7958310249900458,XGBoost,1.8101459741592407,Charge only (2)
B0007,46,1.7858852600390451,XGBoost,1.8115228414535522,Charge only (2)
B0007,47,1.7803268604502753,XGBoost,1.8068358898162842,Charge only (2)
B0007,48,1.8150756899575577,XGBoost,1.812549114227295,Charge only (2)
B0007,49,1.8157025154845838,XGBoost,1.853223204612732,Charge only (2)
B0007,50,1.8002432178056673,XGBoost,1.8296277523040771,Charge only (2)
B0007,51,1.7904476205609308,XGBoost,1.8171584606170654,Charge only (2)
B0007,52,1.780343032300132,XGBoost,1.8132487535476685,Charge only (2)
B0007,53,1.775328769596812,XGBoost,1.809078574180603,Charge only (2)
B0007,54,1.7702629734732853,XGBoost,1.810521125793457,Charge only (2)
B0007,55,1.760081061854204,XGBoost,1.7945759296417236,Charge only (2)
B0007,56,1.749647593537689,XGBoost,1.7916914224624634,Charge only (2)
B0007,57,1.749650075059311,XGBoost,1.7753443717956543,Charge only (2)
B0007,58,1.745028739214683,XGBoost,1.7681105136871338,Charge only (2)
B0007,59,1.7396457455286727,XGBoost,1.7767574787139893,Charge only (2)
B0007,60,1.7285642277717963,XGBoost,1.7646355628967285,Charge only (2)
B0007,61,1.723900324588418,XGBoost,1.755165457725525,Charge only (2)
B0007,62,1.7139788776485192,XGBoost,1.7542835474014282,Charge only (2)
B0007,63,1.7139701997004613,XGBoost,1.7362481355667114,Charge only (2)
B0007,64,1.7036521173638766,XGBoost,1.737213134765625,Charge only (2)
B0007,65,1.7040137474382486,XGBoost,1.73550546169281,Charge only (2)
B0007,66,1.6935716157343033,XGBoost,1.724374771118164,Charge only (2)
B0007,67,1.6876577363877656,XGBoost,1.7161941528320312,Charge only (2)
B0007,68,1.6830744356583152,XGBoost,1.7095905542373657,Charge only (2)
B0007,69,1.6779270142025482,XGBoost,1.6970618963241577,Charge only (2)
B0007,70,1.6732060275966172,XGBoost,1.714290976524353,Charge only (2)
B0007,71,1.6674367208253988,XGBoost,1.7087630033493042,Charge only (2)
B0007,72,1.6622662630667526,XGBoost,1.651903748512268,Charge only (2)
B0007,73,1.6574243065763063,XGBoost,1.6633332967758179,Charge only (2)
B0007,74,1.652538684928734,XGBoost,1.6546010971069336,Charge only (2)
B0007,75,1.6472174627573322,XGBoost,1.6623868942260742,Charge only (2)
B0007,76,1.6364136810898071,XGBoost,1.6727416515350342,Charge only (2)
B0007,77,1.6362554312048496,XGBoost,1.6398017406463623,Charge only (2)
B0007,78,1.641119179218384,XGBoost,1.6432344913482666,Charge only (2)
B0007,79,1.6315700789656966,XGBoost,1.7240138053894043,Charge only (2)
B0007,80,1.621213282987236,XGBoost,1.6224757432937622,Charge only (2)
B0007,81,1.6164273214762122,XGBoost,1.6148881912231445,Charge only (2)
B0007,82,1.615823510161921,XGBoost,1.6417527198791504,Charge only (2)
B0007,83,1.61672418029789,XGBoost,1.623295783996582,Charge only (2)
B0007,84,1.6108655863730026,XGBoost,1.6194939613342285,Charge only (2)
B0007,85,1.6006603374309376,XGBoost,1.60404372215271,Charge only (2)
B0007,86,1.5959174487005663,XGBoost,1.6627835035324097,Charge only (2)
B0007,87,1.5962179519462243,XGBoost,1.7248318195343018,Charge only (2)
B0007,88,1.5958065114633972,XGBoost,1.7046961784362793,Charge only (2)
B0007,89,1.5906507821480704,XGBoost,1.6807684898376465,Charge only (2)
B0007,91,1.6259938279733204,XGBoost,1.6159189939498901,Charge only (2)
B0007,92,1.6157433862812898,XGBoost,1.6580204963684082,Charge only (2)
B0007,93,1.6056626764846538,XGBoost,1.6159189939498901,Charge only (2)
B0007,94,1.5949746921524348,XGBoost,1.6075690984725952,Charge only (2)
B0007,95,1.5904102438871945,XGBoost,1.6455975770950317,Charge only (2)
B0007,96,1.5853517062988178,XGBoost,1.6643542051315308,Charge only (2)
B0007,97,1.5799737147242376,XGBoost,1.6875102519989014,Charge only (2)
B0007,98,1.5752185465278068,XGBoost,1.6605967283248901,Charge only (2)
B0007,99,1.569798484648868,XGBoost,1.6712043285369873,Charge only (2)
B0007,100,1.5702565375950357,XGBoost,1.6786010265350342,Charge only (2)
B0007,101,1.565249873909438,XGBoost,1.7083306312561035,Charge only (2)
B0007,102,1.559633933561147,XGBoost,1.6574485301971436,Charge only (2)
B0007,103,1.5649820533392105,XGBoost,1.633628487586975,Charge only (2)
B0007,104,1.57497949984227,XGBoost,1.6264803409576416,Charge only (2)
B0007,105,1.5652811168780458,XGBoost,1.6517157554626465,Charge only (2)
B0007,106,1.559755497470126,XGBoost,1.6773624420166016,Charge only (2)
B0007,107,1.549897685670499,XGBoost,1.657885193824768,Charge only (2)
B0007,108,1.5438771531345021,XGBoost,1.6585522890090942,Charge only (2)
B0007,109,1.5450187488690073,XGBoost,1.6561853885650635,Charge only (2)
B0007,110,1.5445940154102908,XGBoost,1.6660147905349731,Charge only (2)
B0007,111,1.5343086721758876,XGBoost,1.6566020250320435,Charge only (2)
B0007,112,1.5287603942958483,XGBoost,1.5841363668441772,Charge only (2)
B0007,113,1.5289260249179843,XGBoost,1.583519697189331,Charge only (2)
B0007,114,1.529091650133123,XGBoost,1.5794950723648071,Charge only (2)
B0007,115,1.5239059324661248,XGBoost,1.5794950723648071,Charge only (2)
B0007,116,1.5186675419100615,XGBoost,1.573070764541626,Charge only (2)
B0007,117,1.5136482266426952,XGBoost,1.557341456413269,Charge only (2)
B0007,118,1.5136050185229033,XGBoost,1.6039174795150757,Charge only (2)
B0007,119,1.5139470614867965,XGBoost,1.5986950397491455,Charge only (2)
B0007,120,1.5339599193158786,XGBoost,1.557341456413269,Charge only (2)
B0007,121,1.5391372798653098,XGBoost,1.6062228679656982,Charge only (2)
B0007,122,1.5236247972838737,XGBoost,1.5896410942077637,Charge only (2)
B0007,123,1.5135813035589147,XGBoost,1.5944157838821411,Charge only (2)
B0007,124,1.5077850749847914,XGBoost,1.5860728025436401,Charge only (2)
B0007,125,1.5031960676037333,XGBoost,1.5545144081115723,Charge only (2)
B0007,126,1.4978220596995881,XGBoost,1.5545144081115723,Charge only (2)
B0007,127,1.492848534633516,XGBoost,1.5822880268096924,Charge only (2)
B0007,128,1.492414389867026,XGBoost,1.5660440921783447,Charge only (2)
B0007,129,1.487482776538081,XGBoost,1.55128812789917,Charge only (2)
B0007,130,1.482535148640411,XGBoost,1.4742039442062378,Charge only (2)
B0007,131,1.4827874322228984,XGBoost,1.5280046463012695,Charge only (2)
B0007,132,1.476971179775059,XGBoost,1.5256407260894775,Charge only (2)
B0007,133,1.4819015554137276,XGBoost,1.4510999917984009,Charge only (2)
B0007,134,1.4981366198874824,XGBoost,1.5320465564727783,Charge only (2)
B0007,135,1.4820775214392872,XGBoost,1.5211368799209595,Charge only (2)
B0007,136,1.4771155312812152,XGBoost,1.5440040826797485,Charge only (2)
B0007,137,1.4720772783056488,XGBoost,1.5256407260894775,Charge only (2)
B0007,138,1.472248013656454,XGBoost,1.450867772102356,Charge only (2)
B0007,139,1.4670106672274665,XGBoost,1.5207133293151855,Charge only (2)
B0007,140,1.4617672495335379,XGBoost,1.5247554779052734,Charge only (2)
B0007,141,1.4566952670489708,XGBoost,1.4412732124328613,Charge only (2)
B0007,142,1.451354972758956,XGBoost,1.4491925239562988,Charge only (2)
B0007,143,1.451615926257375,XGBoost,1.4233331680297852,Charge only (2)
B0007,144,1.4468161332173683,XGBoost,1.4214868545532227,Charge only (2)
B0007,145,1.4467570607768785,XGBoost,1.4212546348571777,Charge only (2)
B0007,146,1.4413797481446793,XGBoost,1.4064487218856812,Charge only (2)
B0007,147,1.4362456252208178,XGBoost,1.451427936553955,Charge only (2)
B0007,148,1.4368154153924828,XGBoost,1.436871886253357,Charge only (2)
B0007,149,1.4362945145860047,XGBoost,1.3958778381347656,Charge only (2)
B0007,150,1.4418575315878015,XGBoost,1.4302639961242676,Charge only (2)
B0007,151,1.4672063484781797,XGBoost,1.4270672798156738,Charge only (2)
B0007,152,1.4518640367848885,XGBoost,1.4412732124328613,Charge only (2)
B0007,153,1.4471379752748499,XGBoost,1.5108866691589355,Charge only (2)
B0007,154,1.441790586562399,XGBoost,1.4294061660766602,Charge only (2)
B0007,155,1.431630947911111,XGBoost,1.425750494003296,Charge only (2)
B0007,156,1.4318084249673686,XGBoost,1.4042524099349976,Charge only (2)
B0007,157,1.4262562585106868,XGBoost,1.3958778381347656,Charge only (2)
B0007,158,1.4260877528924913,XGBoost,1.3997719287872314,Charge only (2)
B0007,159,1.4212633510031694,XGBoost,1.4222197532653809,Charge only (2)
B0007,160,1.4163272748795108,XGBoost,1.387833595275879,Charge only (2)
B0007,161,1.4165781829175994,XGBoost,1.4053376913070679,Charge only (2)
B0007,162,1.4108401729425177,XGBoost,1.3793261051177979,Charge only (2)
B0007,163,1.4109949628347804,XGBoost,1.4053376913070679,Charge only (2)
B0007,164,1.4061714290398801,XGBoost,1.4847716093063354,Charge only (2)
B0007,165,1.4063358479692922,XGBoost,1.4285259246826172,Charge only (2)
B0007,166,1.4004552399066514,XGBoost,1.4056081771850586,Charge only (2)
B0007,167,1.4217865046055154,XGBoost,1.4066592454910278,Charge only (2)
B0007,168,1.4324552720625434,XGBoost,1.4225417375564575,Charge only (2)
B0018,1,1.8550045207910817,Linear Regression,1.8357586209329353,Charge only (2)
B0018,2,1.8431955317089987,Linear Regression,1.8357586209329353,Charge only (2)
B0018,3,1.8396018424355423,Linear Regression,1.8343826615827994,Charge only (2)
B0018,4,1.8306736044962053,Linear Regression,1.8267599853388976,Charge only (2)
B0018,5,1.8327002069419656,Linear Regression,1.8149927018062209,Charge only (2)
B0018,6,1.8285288846046388,Linear Regression,1.824253247550011,Charge only (2)
B0018,7,1.8212011895697924,Linear Regression,1.8152855176739737,Charge only (2)
B0018,8,1.8151700106433282,Linear Regression,1.8045265379413633,Charge only (2)
B0018,9,1.8042980520967649,Linear Regression,1.800097353078152,Charge only (2)
B0018,10,1.8231002302844226,Linear Regression,1.7872202370081547,Charge only (2)
B0018,11,1.8121253520255494,Linear Regression,1.8113576824475208,Charge only (2)
B0018,12,1.8046916382117766,Linear Regression,1.8002542305412668,Charge only (2)
B0018,13,1.790844349786295,Linear Regression,1.7925214201217439,Charge only (2)
B0018,14,1.783470722841926,Linear Regression,1.7824481008568909,Charge only (2)
B0018,15,1.7809386125310702,Linear Regression,1.7653184289361867,Charge only (2)
B0018,16,1.771209039672698,Linear Regression,1.7705702282855857,Charge only (2)
B0018,17,1.7686303996707076,Linear Regression,1.766717685908002,Charge only (2)
B0018,18,1.7536304801917124,Linear Regression,1.7582520352141497,Charge only (2)
B0018,19,1.7462197416415093,Linear Regression,1.7455327697534693,Charge only (2)
B0018,20,1.7376647337053737,Linear Regression,1.7346021451025204,Charge only (2)
B0018,21,1.7315166735475835,Linear Regression,1.7353424605476977,Charge only (2)
B0018,22,1.7085949894470602,Linear Regression,1.7238606690165346,Charge only (2)
B0018,23,1.711469957068211,Linear Regression,1.7180328294338958,Charge only (2)
B0018,24,1.7075021373272627,Linear Regression,1.7083916491833364,Charge only (2)
B0018,25,1.7492382064360228,Linear Regression,1.6942542459468857,Charge only (2)
B0018,26,1.7327697147429955,Linear Regression,1.7410077576750123,Charge only (2)
B0018,27,1.7222313328292376,Linear Regression,1.7324671648718648,Charge only (2)
B0018,28,1.711846298984729,Linear Regression,1.7195858132594495,Charge only (2)
B0018,29,1.699267835126687,Linear Regression,1.7102908592984414,Charge only (2)
B0018,30,1.6940366439243106,Linear Regression,1.6980168295785876,Charge only (2)
B0018,31,1.6819027078768087,Linear Regression,1.6930389534842905,Charge only (2)
B0018,32,1.6769770618433686,Linear Regression,1.6839723447623323,Charge only (2)
B0018,33,1.6655229306478936,Linear Regression,1.6807776261431155,Charge only (2)
B0018,34,1.6571924575832084,Linear Regression,1.6713644132917456,Charge only (2)
B0018,35,1.6482241555294048,Linear Regression,1.657319793776095,Charge only (2)
B0018,36,1.6387701497987262,Linear Regression,1.6550851412788878,Charge only (2)
B0018,37,1.6276486907262062,Linear Regression,1.6459675821540345,Charge only (2)
B0018,38,1.62215370227252,Linear Regression,1.6368838231653717,Charge only (2)
B0018,39,1.6140066510467586,Linear Regression,1.6337937828720115,Charge only (2)
B0018,40,1.6760516154424623,Linear Regression,1.6156440580096358,Charge only (2)
B0018,41,1.649300642552199,Linear Regression,1.6768185570842742,Charge only (2)
B0018,42,1.63238299185809,Linear Regression,1.6516331759050424,Charge only (2)
B0018,43,1.6164159719025777,Linear Regression,1.6385214320598025,Charge only (2)
B0018,44,1.6109028378249377,Linear Regression,1.6218815549943162,Charge only (2)
B0018,45,1.5954638693695657,Linear Regression,1.617502514556406,Charge only (2)
B0018,46,1.726707440085764,Linear Regression,1.6756890386153,Charge only (2)
B0018,47,1.7165673917429753,Linear Regression,1.733875562674194,Charge only (2)
B0018,48,1.6958235570934848,Linear Regression,1.715684529027316,Charge only (2)
B0018,49,1.6777783190792557,Linear Regression,1.6948286124300116,Charge only (2)
B0018,50,1.6606586897774192,Linear Regression,1.6775692991172946,Charge only (2)
B0018,51,1.6664109274827466,Linear Regression,1.6649876215392203,Charge only (2)
B0018,52,1.6468336174407805,Linear Regression,1.6707810759018995,Charge only (2)
B0018,53,1.6257639928779952,Linear Regression,1.6586208692781013,Charge only (2)
B0018,54,1.6121577411874595,Linear Regression,1.64369041310942,Charge only (2)
B0018,55,1.6057366823755344,Linear Regression,1.6341174702868078,Charge only (2)
B0018,56,1.673645314879889,Linear Regression,1.6522382230347765,Charge only (2)
B0018,57,1.6404348572349936,Linear Regression,1.6703589757827455,Charge only (2)
B0018,58,1.6132653317422077,Linear Regression,1.6439372688912628,Charge only (2)
B0018,59,1.5920964324686278,Linear Regression,1.629614070379793,Charge only (2)
B0018,60,1.5866011820698824,Linear Regression,1.6155289619344628,Charge only (2)
B0018,61,1.5800766490336253,Linear Regression,1.6058461806512456,Charge only (2)
B0018,62,1.5641732953289167,Linear Regression,1.5952151641427401,Charge only (2)
B0018,63,1.555618272193922,Linear Regression,1.584209759021769,Charge only (2)
B0018,64,1.5402045278637397,Linear Regression,1.5712461471538888,Charge only (2)
B0018,65,1.5321613015959863,Linear Regression,1.5657548390316869,Charge only (2)
B0018,66,1.5316232403693415,Linear Regression,1.5584203502578753,Charge only (2)
B0018,67,1.5222595950771978,Linear Regression,1.5552048108228376,Charge only (2)
B0018,68,1.5065267126851283,Linear Regression,1.5366055795253997,Charge only (2)
B0018,69,1.5014219556532926,Linear Regression,1.5417138549716354,Charge only (2)
B0018,70,1.4963534117486457,Linear Regression,1.5298369673039707,Charge only (2)
B0018,71,1.5334262000312422,Linear Regression,1.5458440698732387,Charge only (2)
B0018,72,1.523845267514426,Linear Regression,1.5618511724425068,Charge only (2)
B0018,73,1.5011920994261239,Linear Regression,1.5396323914625443,Charge only (2)
B0018,74,1.492417671450291,Linear Regression,1.5329609620057623,Charge only (2)
B0018,75,1.483323851940123,Linear Regression,1.5208496319024594,Charge only (2)
B0018,76,1.4807376792294196,Linear Regression,1.5149446656105632,Charge only (2)
B0018,77,1.4735077809902477,Linear Regression,1.5101963655702557,Charge only (2)
B0018,78,1.46801928526661,Linear Regression,1.4996710949188468,Charge only (2)
B0018,79,1.4580923557119019,Linear Regression,1.4921526752914962,Charge only (2)
B0018,80,1.4478660988891399,Linear Regression,1.4873342138895773,Charge only (2)
B0018,81,1.4527808777541982,Linear Regression,1.4838023415339692,Charge only (2)
B0018,82,1.4425356364492432,Linear Regression,1.4794333725079545,Charge only (2)
B0018,83,1.4392712877203313,Linear Regression,1.467286226693199,Charge only (2)
B0018,84,1.4286475681888218,Linear Regression,1.4635314135662858,Charge only (2)
B0018,85,1.4249026750004896,Linear Regression,1.4585717287175888,Charge only (2)
B0018,86,1.4698115324524124,Linear Regression,1.4241018738751436,Charge only (2)
B0018,87,1.4525819651050202,Linear Regression,1.5038614073807535,Charge only (2)
B0018,88,1.442834198908794,Linear Regression,1.4790914938141067,Charge only (2)
B0018,89,1.428376058807949,Linear Regression,1.464016414768645,Charge only (2)
B0018,90,1.4154547844370715,Linear Regression,1.4618220648168743,Charge only (2)
B0018,91,1.454576670077708,Linear Regression,1.4201496740259134,Charge only (2)
B0018,92,1.4283179548274056,Linear Regression,1.4731399884959366,Charge only (2)
B0018,93,1.4197026883204058,Linear Regression,1.4617126818941863,Charge only (2)
B0018,94,1.4155606630306516,Linear Regression,1.449209967211343,Charge only (2)
B0018,95,1.405680035419228,Linear Regression,1.4412736203979402,Charge only (2)
B0018,96,1.4084461071166137,Linear Regression,1.4378575275252221,Charge only (2)
B0018,97,1.3968547782872414,Linear Regression,1.4409664610548856,Charge only (2)
B0018,98,1.3935670371440676,Linear Regression,1.4290926648815283,Charge only (2)
B0018,99,1.3893644292809475,Linear Regression,1.4169168341363818,Charge only (2)
B0018,100,1.3785651415666713,Linear Regression,1.4145173579305816,Charge only (2)
B0018,101,1.384901110085747,Linear Regression,1.4105832118203387,Charge only (2)
B0018,102,1.3703251814242443,Linear Regression,1.4105799959761678,Charge only (2)
B0018,103,1.3733464385229082,Linear Regression,1.405237545743024,Charge only (2)
B0018,104,1.3679487285504814,Linear Regression,1.3986591467323348,Charge only (2)
B0018,105,1.3567141087089647,Linear Regression,1.3953613233236961,Charge only (2)
B0018,106,1.4604310209194575,Linear Regression,1.3747335126555034,Charge only (2)
B0018,107,1.4500998937104097,Linear Regression,1.4819553074794458,Charge only (2)
B0018,108,1.4381406901824496,Linear Regression,1.4732232209316072,Charge only (2)
B0018,109,1.4283681980964316,Linear Regression,1.4557259368609758,Charge only (2)
B0018,110,1.4147874517552432,Linear Regression,1.4460400905301618,Charge only (2)
B0018,111,1.413889163393182,Linear Regression,1.4327961912762817,Charge only (2)
B0018,112,1.3989331662177225,Linear Regression,1.4338831282949303,Charge only (2)
B0018,113,1.3953322584033976,Linear Regression,1.4242122786945122,Charge only (2)
B0018,114,1.390046129540245,Linear Regression,1.4199829977407328,Charge only (2)
B0018,115,1.3860271454209647,Linear Regression,1.4127408954532317,Charge only (2)
B0018,116,1.388215260193751,Linear Regression,1.407391749983302,Charge only (2)
B0018,117,1.3761826562394497,Linear Regression,1.4087152722456395,Charge only (2)
B0018,118,1.3647168898640165,Linear Regression,1.3934728498370537,Charge only (2)
B0018,119,1.3589854739373584,Linear Regression,1.3917326144219324,Charge only (2)
B0018,120,1.3462308764008801,Linear Regression,1.3828258120759938,Charge only (2)
B0018,121,1.4268427818454643,Linear Regression,1.4143103071417347,Charge only (2)
B0018,122,1.4064481483279663,Linear Regression,1.4457948022074754,Charge only (2)
B0018,123,1.3934907492075153,Linear Regression,1.4316557066504436,Charge only (2)
B0018,124,1.3882493512249316,Linear Regression,1.4198744036389521,Charge only (2)
B0018,125,1.3701878338420928,Linear Regression,1.4049443506513681,Charge only (2)
B0018,126,1.3796951665608619,Linear Regression,1.4001041427966605,Charge only (2)
B0018,127,1.3686586323935683,Linear Regression,1.404507922236414,Charge only (2)
B0018,128,1.3627371779096438,Linear Regression,1.3957000053103652,Charge only (2)
B0018,129,1.3634051133928073,Linear Regression,1.389477331274769,Charge only (2)
B0018,130,1.3518646035305233,Linear Regression,1.3826247754065881,Charge only (2)
B0018,131,1.3547969729652622,Linear Regression,1.3722110046331235,Charge only (2)
B0018,132,1.341051440640485,Linear Regression,1.379146504861498,Charge only (2)
B0018,1,1.8550045207910817,Random Forest,1.8741812641817541,Charge only (2)
B0018,2,1.8431955317089987,Random Forest,1.8741812641817541,Charge only (2)
B0018,3,1.8396018424355423,Random Forest,1.8626465656361675,Charge only (2)
B0018,4,1.8306736044962053,Random Forest,1.8608851081136013,Charge only (2)
B0018,5,1.8327002069419656,Random Forest,1.839038737329563,Charge only (2)
B0018,6,1.8285288846046388,Random Forest,1.8465764195751138,Charge only (2)
B0018,7,1.8212011895697924,Random Forest,1.8273193283955709,Charge only (2)
B0018,8,1.8151700106433282,Random Forest,1.824703092172003,Charge only (2)
B0018,9,1.8042980520967649,Random Forest,1.8215853681891923,Charge only (2)
B0018,10,1.8231002302844226,Random Forest,1.7850406507482828,Charge only (2)
B0018,11,1.8121253520255494,Random Forest,1.8275725005613221,Charge only (2)
B0018,12,1.8046916382117766,Random Forest,1.8164696570465306,Charge only (2)
B0018,13,1.790844349786295,Random Forest,1.8052986108418094,Charge only (2)
B0018,14,1.783470722841926,Random Forest,1.785632964880474,Charge only (2)
B0018,15,1.7809386125310702,Random Forest,1.7683816320233259,Charge only (2)
B0018,16,1.771209039672698,Random Forest,1.7787717302061075,Charge only (2)
B0018,17,1.7686303996707076,Random Forest,1.771830474377073,Charge only (2)
B0018,18,1.7536304801917124,Random Forest,1.763026399132624,Charge only (2)
B0018,19,1.7462197416415093,Random Forest,1.7460293043710262,Charge only (2)
B0018,20,1.7376647337053737,Random Forest,1.7388880415811458,Charge only (2)
B0018,21,1.7315166735475835,Random Forest,1.7294747303939388,Charge only (2)
B0018,22,1.7085949894470602,Random Forest,1.710985020660257,Charge only (2)
B0018,23,1.711469957068211,Random Forest,1.706755569286841,Charge only (2)
B0018,24,1.7075021373272627,Random Forest,1.7011288756661325,Charge only (2)
B0018,25,1.7492382064360228,Random Forest,1.6825017376530746,Charge only (2)
B0018,26,1.7327697147429955,Random Forest,1.742703573116249,Charge only (2)
B0018,27,1.7222313328292376,Random Forest,1.7167765544573703,Charge only (2)
B0018,28,1.711846298984729,Random Forest,1.7073434068549636,Charge only (2)
B0018,29,1.699267835126687,Random Forest,1.7013527733744456,Charge only (2)
B0018,30,1.6940366439243106,Random Forest,1.6887526690924757,Charge only (2)
B0018,31,1.6819027078768087,Random Forest,1.683707895098336,Charge only (2)
B0018,32,1.6769770618433686,Random Forest,1.6688854235069834,Charge only (2)
B0018,33,1.6655229306478936,Random Forest,1.6669652041402179,Charge only (2)
B0018,34,1.6571924575832084,Random Forest,1.6658129301292237,Charge only (2)
B0018,35,1.6482241555294048,Random Forest,1.643345749454873,Charge only (2)
B0018,36,1.6387701497987262,Random Forest,1.643277012804392,Charge only (2)
B0018,37,1.6276486907262062,Random Forest,1.6378448571703244,Charge only (2)
B0018,38,1.62215370227252,Random Forest,1.63051975668606,Charge only (2)
B0018,39,1.6140066510467586,Random Forest,1.6250667281382563,Charge only (2)
B0018,40,1.6760516154424623,Random Forest,1.6082225517334638,Charge only (2)
B0018,41,1.649300642552199,Random Forest,1.6656608678019265,Charge only (2)
B0018,42,1.63238299185809,Random Forest,1.6425547809852312,Charge only (2)
B0018,43,1.6164159719025777,Random Forest,1.630565950350286,Charge only (2)
B0018,44,1.6109028378249377,Random Forest,1.618782089207547,Charge only (2)
B0018,45,1.5954638693695657,Random Forest,1.591619638397528,Charge only (2)
B0018,46,1.726707440085764,Random Forest,1.6668302483470367,Charge only (2)
B0018,47,1.7165673917429753,Random Forest,1.7506141382594365,Charge only (2)
B0018,48,1.6958235570934848,Random Forest,1.7321875883233184,Charge only (2)
B0018,49,1.6777783190792557,Random Forest,1.7019502569912772,Charge only (2)
B0018,50,1.6606586897774192,Random Forest,1.6829959482009285,Charge only (2)
B0018,51,1.6664109274827466,Random Forest,1.6643844361572602,Charge only (2)
B0018,52,1.6468336174407805,Random Forest,1.6738241484787144,Charge only (2)
B0018,53,1.6257639928779952,Random Forest,1.6569500870991163,Charge only (2)
B0018,54,1.6121577411874595,Random Forest,1.6357991520771622,Charge only (2)
B0018,55,1.6057366823755344,Random Forest,1.6282490971884982,Charge only (2)
B0018,56,1.673645314879889,Random Forest,1.6527894714140232,Charge only (2)
B0018,57,1.6404348572349936,Random Forest,1.6648591861694553,Charge only (2)
B0018,58,1.6132653317422077,Random Forest,1.6444086146564632,Charge only (2)
B0018,59,1.5920964324686278,Random Forest,1.6211418904044206,Charge only (2)
B0018,60,1.5866011820698824,Random Forest,1.6071507730476895,Charge only (2)
B0018,61,1.5800766490336253,Random Forest,1.5932212270348212,Charge only (2)
B0018,62,1.5641732953289167,Random Forest,1.585351967158658,Charge only (2)
B0018,63,1.555618272193922,Random Forest,1.5667924184932562,Charge only (2)
B0018,64,1.5402045278637397,Random Forest,1.5608682285990099,Charge only (2)
B0018,65,1.5321613015959863,Random Forest,1.553120618477094,Charge only (2)
B0018,66,1.5316232403693415,Random Forest,1.54615620256252,Charge only (2)
B0018,67,1.5222595950771978,Random Forest,1.543166034885661,Charge only (2)
B0018,68,1.5065267126851283,Random Forest,1.5196434334205944,Charge only (2)
B0018,69,1.5014219556532926,Random Forest,1.5439580903593302,Charge only (2)
B0018,70,1.4963534117486457,Random Forest,1.531092133916584,Charge only (2)
B0018,71,1.5334262000312422,Random Forest,1.540331578189933,Charge only (2)
B0018,72,1.523845267514426,Random Forest,1.5601982358859963,Charge only (2)
B0018,73,1.5011920994261239,Random Forest,1.5208602110449048,Charge only (2)
B0018,74,1.492417671450291,Random Forest,1.5344769227373758,Charge only (2)
B0018,75,1.483323851940123,Random Forest,1.5322926595190354,Charge only (2)
B0018,76,1.4807376792294196,Random Forest,1.4872973878542783,Charge only (2)
B0018,77,1.4735077809902477,Random Forest,1.5124494021953603,Charge only (2)
B0018,78,1.46801928526661,Random Forest,1.4899546098199543,Charge only (2)
B0018,79,1.4580923557119019,Random Forest,1.481440057260734,Charge only (2)
B0018,80,1.4478660988891399,Random Forest,1.4770257307207246,Charge only (2)
B0018,81,1.4527808777541982,Random Forest,1.4514837205470943,Charge only (2)
B0018,82,1.4425356364492432,Random Forest,1.4811905329154351,Charge only (2)
B0018,83,1.4392712877203313,Random Forest,1.4646212514780244,Charge only (2)
B0018,84,1.4286475681888218,Random Forest,1.4663257646263739,Charge only (2)
B0018,85,1.4249026750004896,Random Forest,1.4584123165299763,Charge only (2)
B0018,86,1.4698115324524124,Random Forest,1.4104043970433526,Charge only (2)
B0018,87,1.4525819651050202,Random Forest,1.5009235377102212,Charge only (2)
B0018,88,1.442834198908794,Random Forest,1.4648044968758958,Charge only (2)
B0018,89,1.428376058807949,Random Forest,1.4714742349599677,Charge only (2)
B0018,90,1.4154547844370715,Random Forest,1.4570380950686797,Charge only (2)
B0018,91,1.454576670077708,Random Forest,1.392248902678885,Charge only (2)
B0018,92,1.4283179548274056,Random Forest,1.4766839914427647,Charge only (2)
B0018,93,1.4197026883204058,Random Forest,1.4675127797898408,Charge only (2)
B0018,94,1.4155606630306516,Random Forest,1.452456325927788,Charge only (2)
B0018,95,1.405680035419228,Random Forest,1.4477953321896553,Charge only (2)
B0018,96,1.4084461071166137,Random Forest,1.4097660944947221,Charge only (2)
B0018,97,1.3968547782872414,Random Forest,1.422329715150738,Charge only (2)
B0018,98,1.3935670371440676,Random Forest,1.4196519806384647,Charge only (2)
B0018,99,1.3893644292809475,Random Forest,1.4172953956086345,Charge only (2)
B0018,100,1.3785651415666713,Random Forest,1.4166093369940764,Charge only (2)
B0018,101,1.384901110085747,Random Forest,1.3810278980270636,Charge only (2)
B0018,102,1.3703251814242443,Random Forest,1.4161680835759938,Charge only (2)
B0018,103,1.3733464385229082,Random Forest,1.416678448328358,Charge only (2)
B0018,104,1.3679487285504814,Random Forest,1.416460003155997,Charge only (2)
B0018,105,1.3567141087089647,Random Forest,1.4043211477278468,Charge only (2)
B0018,106,1.4604310209194575,Random Forest,1.3706491606625493,Charge only (2)
B0018,107,1.4500998937104097,Random Forest,1.46966223640804,Charge only (2)
B0018,108,1.4381406901824496,Random Forest,1.4558608529498147,Charge only (2)
B0018,109,1.4283681980964316,Random Forest,1.4486736320737856,Charge only (2)
B0018,110,1.4147874517552432,Random Forest,1.443173466182219,Charge only (2)
B0018,111,1.413889163393182,Random Forest,1.422700421337395,Charge only (2)
B0018,112,1.3989331662177225,Random Forest,1.4291867364541364,Charge only (2)
B0018,113,1.3953322584033976,Random Forest,1.4133859685721206,Charge only (2)
B0018,114,1.390046129540245,Random Forest,1.411639373777611,Charge only (2)
B0018,115,1.3860271454209647,Random Forest,1.411120309429964,Charge only (2)
B0018,116,1.388215260193751,Random Forest,1.3925601282792468,Charge only (2)
B0018,117,1.3761826562394497,Random Forest,1.4136233349010048,Charge only (2)
B0018,118,1.3647168898640165,Random Forest,1.414453532824782,Charge only (2)
B0018,119,1.3589854739373584,Random Forest,1.4134090586999222,Charge only (2)
B0018,120,1.3462308764008801,Random Forest,1.3997167285335304,Charge only (2)
B0018,121,1.4268427818454643,Random Forest,1.4132129945664085,Charge only (2)
B0018,122,1.4064481483279663,Random Forest,1.4364582609269956,Charge only (2)
B0018,123,1.3934907492075153,Random Forest,1.4293054048163187,Charge only (2)
B0018,124,1.3882493512249316,Random Forest,1.4133782383568505,Charge only (2)
B0018,125,1.3701878338420928,Random Forest,1.4123394074411055,Charge only (2)
B0018,126,1.3796951665608619,Random Forest,1.382808047222107,Charge only (2)
B0018,127,1.3686586323935683,Random Forest,1.4145901683582627,Charge only (2)
B0018,128,1.3627371779096438,Random Forest,1.4116421897955047,Charge only (2)
B0018,129,1.3634051133928073,Random Forest,1.4116421897955047,Charge only (2)
B0018,130,1.3518646035305233,Random Forest,1.411246333448514,Charge only (2)
B0018,131,1.3547969729652622,Random Forest,1.374607110616095,Charge only (2)
B0018,132,1.341051440640485,Random Forest,1.4021719862061353,Charge only (2)
B0018,1,1.8550045207910817,XGBoost,1.7929269075393677,Charge only (2)
B0018,2,1.8431955317089987,XGBoost,1.7929269075393677,Charge only (2)
B0018,3,1.8396018424355423,XGBoost,1.7929269075393677,Charge only (2)
B0018,4,1.8306736044962053,XGBoost,1.754473090171814,Charge only (2)
B0018,5,1.8327002069419656,XGBoost,1.7526847124099731,Charge only (2)
B0018,6,1.8285288846046388,XGBoost,1.8288633823394775,Charge only (2)
B0018,7,1.8212011895697924,XGBoost,1.7877063751220703,Charge only (2)
B0018,8,1.8151700106433282,XGBoost,1.779143214225769,Charge only (2)
B0018,9,1.8042980520967649,XGBoost,1.7932028770446777,Charge only (2)
B0018,10,1.8231002302844226,XGBoost,1.7316938638687134,Charge only (2)
B0018,11,1.8121253520255494,XGBoost,1.7969716787338257,Charge only (2)
B0018,12,1.8046916382117766,XGBoost,1.7915250062942505,Charge only (2)
B0018,13,1.790844349786295,XGBoost,1.7912458181381226,Charge only (2)
B0018,14,1.783470722841926,XGBoost,1.7372297048568726,Charge only (2)
B0018,15,1.7809386125310702,XGBoost,1.733040690422058,Charge only (2)
B0018,16,1.771209039672698,XGBoost,1.744641661643982,Charge only (2)
B0018,17,1.7686303996707076,XGBoost,1.7404526472091675,Charge only (2)
B0018,18,1.7536304801917124,XGBoost,1.7406948804855347,Charge only (2)
B0018,19,1.7462197416415093,XGBoost,1.730373740196228,Charge only (2)
B0018,20,1.7376647337053737,XGBoost,1.7124168872833252,Charge only (2)
B0018,21,1.7315166735475835,XGBoost,1.6985960006713867,Charge only (2)
B0018,22,1.7085949894470602,XGBoost,1.6864798069000244,Charge only (2)
B0018,23,1.711469957068211,XGBoost,1.7000541687011719,Charge only (2)
B0018,24,1.7075021373272627,XGBoost,1.6943628787994385,Charge only (2)
B0018,25,1.7492382064360228,XGBoost,1.709014654159546,Charge only (2)
B0018,26,1.7327697147429955,XGBoost,1.7066813707351685,Charge only (2)
B0018,27,1.7222313328292376,XGBoost,1.681290626525879,Charge only (2)
B0018,28,1.711846298984729,XGBoost,1.6858159303665161,Charge only (2)
B0018,29,1.699267835126687,XGBoost,1.6862355470657349,Charge only (2)
B0018,30,1.6940366439243106,XGBoost,1.7016246318817139,Charge only (2)
B0018,31,1.6819027078768087,XGBoost,1.6964781284332275,Charge only (2)
B0018,32,1.6769770618433686,XGBoost,1.6841561794281006,Charge only (2)
B0018,33,1.6655229306478936,XGBoost,1.6841561794281006,Charge only (2)
B0018,34,1.6571924575832084,XGBoost,1.701723575592041,Charge only (2)
B0018,35,1.6482241555294048,XGBoost,1.6504765748977661,Charge only (2)
B0018,36,1.6387701497987262,XGBoost,1.6504765748977661,Charge only (2)
B0018,37,1.6276486907262062,XGBoost,1.6294307708740234,Charge only (2)
B0018,38,1.62215370227252,XGBoost,1.6443521976470947,Charge only (2)
B0018,39,1.6140066510467586,XGBoost,1.6443521976470947,Charge only (2)
B0018,40,1.6760516154424623,XGBoost,1.6586354970932007,Charge only (2)
B0018,41,1.649300642552199,XGBoost,1.7016944885253906,Charge only (2)
B0018,42,1.63238299185809,XGBoost,1.6487572193145752,Charge only (2)
B0018,43,1.6164159719025777,XGBoost,1.6715569496154785,Charge only (2)
B0018,44,1.6109028378249377,XGBoost,1.6602956056594849,Charge only (2)
B0018,45,1.5954638693695657,XGBoost,1.6002010107040405,Charge only (2)
B0018,46,1.726707440085764,XGBoost,1.6704212427139282,Charge only (2)
B0018,47,1.7165673917429753,XGBoost,1.7660143375396729,Charge only (2)
B0018,48,1.6958235570934848,XGBoost,1.748913049697876,Charge only (2)
B0018,49,1.6777783190792557,XGBoost,1.733991265296936,Charge only (2)
B0018,50,1.6606586897774192,XGBoost,1.7117410898208618,Charge only (2)
B0018,51,1.6664109274827466,XGBoost,1.6731524467468262,Charge only (2)
B0018,52,1.6468336174407805,XGBoost,1.7007614374160767,Charge only (2)
B0018,53,1.6257639928779952,XGBoost,1.6687883138656616,Charge only (2)
B0018,54,1.6121577411874595,XGBoost,1.6432287693023682,Charge only (2)
B0018,55,1.6057366823755344,XGBoost,1.683243989944458,Charge only (2)
B0018,56,1.673645314879889,XGBoost,1.664726972579956,Charge only (2)
B0018,57,1.6404348572349936,XGBoost,1.6651560068130493,Charge only (2)
B0018,58,1.6132653317422077,XGBoost,1.664726972579956,Charge only (2)
B0018,59,1.5920964324686278,XGBoost,1.683243989944458,Charge only (2)
B0018,60,1.5866011820698824,XGBoost,1.6249887943267822,Charge only (2)
B0018,61,1.5800766490336253,XGBoost,1.5577961206436157,Charge only (2)
B0018,62,1.5641732953289167,XGBoost,1.609138011932373,Charge only (2)
B0018,63,1.555618272193922,XGBoost,1.5678125619888306,Charge only (2)
B0018,64,1.5402045278637397,XGBoost,1.5709999799728394,Charge only (2)
B0018,65,1.5321613015959863,XGBoost,1.5478503704071045,Charge only (2)
B0018,66,1.5316232403693415,XGBoost,1.5516488552093506,Charge only (2)
B0018,67,1.5222595950771978,XGBoost,1.5168644189834595,Charge only (2)
B0018,68,1.5065267126851283,XGBoost,1.5305118560791016,Charge only (2)
B0018,69,1.5014219556532926,XGBoost,1.5092439651489258,Charge only (2)
B0018,70,1.4963534117486457,XGBoost,1.492344617843628,Charge only (2)
B0018,71,1.5334262000312422,XGBoost,1.5268193483352661,Charge only (2)
B0018,72,1.523845267514426,XGBoost,1.537670373916626,Charge only (2)
B0018,73,1.5011920994261239,XGBoost,1.5114281177520752,Charge only (2)
B0018,74,1.492417671450291,XGBoost,1.4973719120025635,Charge only (2)
B0018,75,1.483323851940123,XGBoost,1.492698311805725,Charge only (2)
B0018,76,1.4807376792294196,XGBoost,1.457824945449829,Charge only (2)
B0018,77,1.4735077809902477,XGBoost,1.4814139604568481,Charge only (2)
B0018,78,1.46801928526661,XGBoost,1.5225698947906494,Charge only (2)
B0018,79,1.4580923557119019,XGBoost,1.4679317474365234,Charge only (2)
B0018,80,1.4478660988891399,XGBoost,1.517479658126831,Charge only (2)
B0018,81,1.4527808777541982,XGBoost,1.36391019821167,Charge only (2)
B0018,82,1.4425356364492432,XGBoost,1.50826895236969,Charge only (2)
B0018,83,1.4392712877203313,XGBoost,1.5086590051651,Charge only (2)
B0018,84,1.4286475681888218,XGBoost,1.4955710172653198,Charge only (2)
B0018,85,1.4249026750004896,XGBoost,1.5115094184875488,Charge only (2)
B0018,86,1.4698115324524124,XGBoost,1.3972030878067017,Charge only (2)
B0018,87,1.4525819651050202,XGBoost,1.5132091045379639,Charge only (2)
B0018,88,1.442834198908794,XGBoost,1.5149633884429932,Charge only (2)
B0018,89,1.428376058807949,XGBoost,1.4972556829452515,Charge only (2)
B0018,90,1.4154547844370715,XGBoost,1.4902265071868896,Charge only (2)
B0018,91,1.454576670077708,XGBoost,1.3752135038375854,Charge only (2)
B0018,92,1.4283179548274056,XGBoost,1.4969360828399658,Charge only (2)
B0018,93,1.4197026883204058,XGBoost,1.5082532167434692,Charge only (2)
B0018,94,1.4155606630306516,XGBoost,1.4812299013137817,Charge only (2)
B0018,95,1.405680035419228,XGBoost,1.4906634092330933,Charge only (2)
B0018,96,1.4084461071166137,XGBoost,1.3924682140350342,Charge only (2)
B0018,97,1.3968547782872414,XGBoost,1.483739972114563,Charge only (2)
B0018,98,1.3935670371440676,XGBoost,1.478440761566162,Charge only (2)
B0018,99,1.3893644292809475,XGBoost,1.4895652532577515,Charge only (2)
B0018,100,1.3785651415666713,XGBoost,1.4895652532577515,Charge only (2)
B0018,101,1.384901110085747,XGBoost,1.4044543504714966,Charge only (2)
B0018,102,1.3703251814242443,XGBoost,1.500445008277893,Charge only (2)
B0018,103,1.3733464385229082,XGBoost,1.500445008277893,Charge only (2)
B0018,104,1.3679487285504814,XGBoost,1.5094417333602905,Charge only (2)
B0018,105,1.3567141087089647,XGBoost,1.5190753936767578,Charge only (2)
B0018,106,1.4604310209194575,XGBoost,1.3844528198242188,Charge only (2)
B0018,107,1.4500998937104097,XGBoost,1.4663859605789185,Charge only (2)
B0018,108,1.4381406901824496,XGBoost,1.4651130437850952,Charge only (2)
B0018,109,1.4283681980964316,XGBoost,1.4567153453826904,Charge only (2)
B0018,110,1.4147874517552432,XGBoost,1.4586265087127686,Charge only (2)
B0018,111,1.413889163393182,XGBoost,1.4344751834869385,Charge only (2)
B0018,112,1.3989331662177225,XGBoost,1.4897302389144897,Charge only (2)
B0018,113,1.3953322584033976,XGBoost,1.4759185314178467,Charge only (2)
B0018,114,1.390046129540245,XGBoost,1.4269282817840576,Charge only (2)
B0018,115,1.3860271454209647,XGBoost,1.430080771446228,Charge only (2)
B0018,116,1.388215260193751,XGBoost,1.4463375806808472,Charge only (2)
B0018,117,1.3761826562394497,XGBoost,1.4928218126296997,Charge only (2)
B0018,118,1.3647168898640165,XGBoost,1.5028748512268066,Charge only (2)
B0018,119,1.3589854739373584,XGBoost,1.5219391584396362,Charge only (2)
B0018,120,1.3462308764008801,XGBoost,1.5214604139328003,Charge only (2)
B0018,121,1.4268427818454643,XGBoost,1.4869304895401,Charge only (2)
B0018,122,1.4064481483279663,XGBoost,1.4407655000686646,Charge only (2)
B0018,123,1.3934907492075153,XGBoost,1.4351705312728882,Charge only (2)
B0018,124,1.3882493512249316,XGBoost,1.4241529703140259,Charge only (2)
B0018,125,1.3701878338420928,XGBoost,1.4314374923706055,Charge only (2)
B0018,126,1.3796951665608619,XGBoost,1.3974230289459229,Charge only (2)
B0018,127,1.3686586323935683,XGBoost,1.499618649482727,Charge only (2)
B0018,128,1.3627371779096438,XGBoost,1.441393256187439,Charge only (2)
B0018,129,1.3634051133928073,XGBoost,1.4530245065689087,Charge only (2)
B0018,130,1.3518646035305233,XGBoost,1.4473819732666016,Charge only (2)
B0018,131,1.3547969729652622,XGBoost,1.4552252292633057,Charge only (2)
B0018,132,1.341051440640485,XGBoost,1.5209894180297852,Charge only (2)
B0005,1,1.8564874208181574,Linear Regression,1.8564918151370249,Discharge only (5)
B0005,2,1.846327249719927,Linear Regression,1.8800363854142579,Discharge only (5)
B0005,3,1.8353491942234077,Linear Regression,1.8820098579305342,Discharge only (5)
B0005,4,1.8352625275821128,Linear Regression,1.882247181604218,Discharge only (5)
B0005,5,1.8346455082120419,Linear Regression,1.8798942334971152,Discharge only (5)
B0005,6,1.8356616600675495,Linear Regression,1.8755207394348803,Discharge only (5)
B0005,7,1.8351461429226603,Linear Regression,1.8746169241500046,Discharge only (5)
B0005,8,1.8257567905665537,Linear Regression,1.876838463298512,Discharge only (5)
B0005,9,1.8247738529891333,Linear Regression,1.8739447840023185,Discharge only (5)
B0005,10,1.824613268496936,Linear Regression,1.8736083616848564,Discharge only (5)
B0005,11,1.8246195526864504,Linear Regression,1.8740777806906872,Discharge only (5)
B0005,12,1.8142019357673917,Linear Regression,1.8586571255005264,Discharge only (5)
B0005,13,1.8137521577549054,Linear Regression,1.8617006243825007,Discharge only (5)
B0005,14,1.8134404914735822,Linear Regression,1.8468268262805563,Discharge only (5)
B0005,15,1.8025980036306504,Linear Regression,1.8491065757561094,Discharge only (5)
B0005,16,1.80210690024615,Linear Regression,1.8472709362231667,Discharge only (5)
B0005,17,1.802579500826209,Linear Regression,1.8366003324982427,Discharge only (5)
B0005,18,1.8030683142834096,Linear Regression,1.8360369806386565,Discharge only (5)
B0005,19,1.8027776247196041,Linear Regression,1.834415102010693,Discharge only (5)
B0005,20,1.8470259949329193,Linear Regression,1.881520330413171,Discharge only (5)
B0005,21,1.847417311283644,Linear Regression,1.8895626903779306,Discharge only (5)
B0005,22,1.8361774213478947,Linear Regression,1.880001755131575,Discharge only (5)
B0005,23,1.8257807475776242,Linear Regression,1.8681442825669121,Discharge only (5)
B0005,24,1.8251136435078368,Linear Regression,1.85543402098416,Discharge only (5)
B0005,25,1.8255815042203762,Linear Regression,1.856046783579965,Discharge only (5)
B0005,26,1.8140311275083907,Linear Regression,1.841994947170521,Discharge only (5)
B0005,27,1.8147691941158939,Linear Regression,1.8538525701986632,Discharge only (5)
B0005,28,1.813969388710352,Linear Regression,1.8400995353167207,Discharge only (5)
B0005,29,1.802765665167823,Linear Regression,1.8380905947084385,Discharge only (5)
B0005,30,1.804077040117352,Linear Regression,1.828636784123401,Discharge only (5)
B0005,31,1.8518025516704486,Linear Regression,1.8367604754897764,Discharge only (5)
B0005,32,1.8307038456739428,Linear Regression,1.8439555898837725,Discharge only (5)
B0005,33,1.8199041089501267,Linear Regression,1.8341443157861808,Discharge only (5)
B0005,34,1.8093079637028517,Linear Regression,1.8224288734259062,Discharge only (5)
B0005,35,1.80460990458052,Linear Regression,1.8140776712287914,Discharge only (5)
B0005,36,1.7993770651972192,Linear Regression,1.8139463399707025,Discharge only (5)
B0005,37,1.7884432335370462,Linear Regression,1.8007312706305747,Discharge only (5)
B0005,38,1.7829230484252723,Linear Regression,1.7924296419213346,Discharge only (5)
B0005,39,1.7730337158018288,Linear Regression,1.786524610327739,Discharge only (5)
B0005,40,1.773037755078937,Linear Regression,1.7785516032463462,Discharge only (5)
B0005,41,1.7678721106662054,Linear Regression,1.77599752343649,Discharge only (5)
B0005,42,1.7623150704093087,Linear Regression,1.7696164613055614,Discharge only (5)
B0005,43,1.7676172924938447,Linear Regression,1.7369556002839093,Discharge only (5)
B0005,44,1.762668359743147,Linear Regression,1.7681508799063361,Discharge only (5)
B0005,45,1.7517304870664143,Linear Regression,1.7505414081346606,Discharge only (5)
B0005,46,1.7418496047960008,Linear Regression,1.7433826091683182,Discharge only (5)
B0005,47,1.7360913511847138,Linear Regression,1.7375704589144991,Discharge only (5)
B0005,48,1.7936240148573608,Linear Regression,1.8033981741900706,Discharge only (5)
B0005,49,1.7831890223273275,Linear Regression,1.7854856976911166,Discharge only (5)
B0005,50,1.7673642076278957,Linear Regression,1.7642802726056925,Discharge only (5)
B0005,51,1.7570177850353066,Linear Regression,1.7517019828379876,Discharge only (5)
B0005,52,1.7468706179837907,Linear Regression,1.740341074283245,Discharge only (5)
B0005,53,1.7417172507457144,Linear Regression,1.7388492597374492,Discharge only (5)
B0005,54,1.7364225056478186,Linear Regression,1.7257916009530059,Discharge only (5)
B0005,55,1.7263217239235826,Linear Regression,1.717922237511024,Discharge only (5)
B0005,56,1.7158065389330133,Linear Regression,1.712810261057959,Discharge only (5)
B0005,57,1.710533351135192,Linear Regression,1.7050716657301488,Discharge only (5)
B0005,58,1.706014499648521,Linear Regression,1.7026777640295827,Discharge only (5)
B0005,59,1.7003110272642588,Linear Regression,1.6915688908072672,Discharge only (5)
B0005,60,1.6945798601797895,Linear Regression,1.6879775222121918,Discharge only (5)
B0005,61,1.6849029086609286,Linear Regression,1.6835195073581724,Discharge only (5)
B0005,62,1.6744741591159717,Linear Regression,1.6731208275154996,Discharge only (5)
B0005,63,1.6745692479879102,Linear Regression,1.669948937504068,Discharge only (5)
B0005,64,1.663716375981405,Linear Regression,1.6706406086717267,Discharge only (5)
B0005,65,1.659013868748246,Linear Regression,1.658482906472844,Discharge only (5)
B0005,66,1.6538540573335014,Linear Regression,1.6481202809042148,Discharge only (5)
B0005,67,1.642653782130131,Linear Regression,1.6437552519166363,Discharge only (5)
B0005,68,1.6378578430223698,Linear Regression,1.6382330219344732,Discharge only (5)
B0005,69,1.6327350407099108,Linear Regression,1.63045210289734,Discharge only (5)
B0005,70,1.6277528915533617,Linear Regression,1.626005903915213,Discharge only (5)
B0005,71,1.622125485521159,Linear Regression,1.6203512002213218,Discharge only (5)
B0005,72,1.6113256603765849,Linear Regression,1.6140437374307317,Discharge only (5)
B0005,73,1.6065631397488385,Linear Regression,1.6087145467044122,Discharge only (5)
B0005,74,1.6015142233917594,Linear Regression,1.5988774984263507,Discharge only (5)
B0005,75,1.590369231400328,Linear Regression,1.5919921639536616,Discharge only (5)
B0005,76,1.5857889968242211,Linear Regression,1.5875986351881541,Discharge only (5)
B0005,77,1.5849430707374117,Linear Regression,1.5784972404778763,Discharge only (5)
B0005,78,1.5955263892495937,Linear Regression,1.5922756297420466,Discharge only (5)
B0005,79,1.5747301747801037,Linear Regression,1.5753483872288434,Discharge only (5)
B0005,80,1.5649019950937946,Linear Regression,1.5675667115627587,Discharge only (5)
B0005,81,1.5597659473370362,Linear Regression,1.5660171671478091,Discharge only (5)
B0005,82,1.5594815668184234,Linear Regression,1.5583864045977216,Discharge only (5)
B0005,83,1.55468935359061,Linear Regression,1.554323661031917,Discharge only (5)
B0005,84,1.5488741079890418,Linear Regression,1.5499216470361226,Discharge only (5)
B0005,85,1.538236598942558,Linear Regression,1.5456344368292088,Discharge only (5)
B0005,86,1.527914258251028,Linear Regression,1.5398472070806022,Discharge only (5)
B0005,87,1.5285252629756445,Linear Regression,1.5314011829822625,Discharge only (5)
B0005,88,1.522647325284378,Linear Regression,1.5301254728082796,Discharge only (5)
B0005,89,1.5174859938489869,Linear Regression,1.5249243977693112,Discharge only (5)
B0005,90,1.605818899130659,Linear Regression,1.49357691659045,Discharge only (5)
B0005,91,1.5638491446744425,Linear Regression,1.5540663570249342,Discharge only (5)
B0005,92,1.5480915247767786,Linear Regression,1.542827088353906,Discharge only (5)
B0005,93,1.5323755631868592,Linear Regression,1.5383188037969724,Discharge only (5)
B0005,94,1.5269528268489705,Linear Regression,1.5280012843029978,Discharge only (5)
B0005,95,1.5169573017136326,Linear Regression,1.5159572505084702,Discharge only (5)
B0005,96,1.5118975960142693,Linear Regression,1.517158233265255,Discharge only (5)
B0005,97,1.5065638960681105,Linear Regression,1.5112160797006546,Discharge only (5)
B0005,98,1.5015453526671363,Linear Regression,1.510638197074054,Discharge only (5)
B0005,99,1.4908444050400238,Linear Regression,1.499285154194957,Discharge only (5)
B0005,100,1.485868384561201,Linear Regression,1.4938122512672132,Discharge only (5)
B0005,101,1.480413677976106,Linear Regression,1.494023270586684,Discharge only (5)
B0005,102,1.4752095869031632,Linear Regression,1.4825132987852248,Discharge only (5)
B0005,103,1.4859035988304024,Linear Regression,1.4984905837487212,Discharge only (5)
B0005,104,1.4960918298136696,Linear Regression,1.4929920476919754,Discharge only (5)
B0005,105,1.4808005946928984,Linear Regression,1.4854674444475149,Discharge only (5)
B0005,106,1.4697543268466824,Linear Regression,1.4798232327297174,Discharge only (5)
B0005,107,1.4539012274845928,Linear Regression,1.4787578380630118,Discharge only (5)
B0005,108,1.4541462067235693,Linear Regression,1.4695637382369597,Discharge only (5)
B0005,109,1.455023751906683,Linear Regression,1.4641035393921547,Discharge only (5)
B0005,110,1.449042163761236,Linear Regression,1.463435597408379,Discharge only (5)
B0005,111,1.4386709371480566,Linear Regression,1.4520802168302902,Discharge only (5)
B0005,112,1.433445432156979,Linear Regression,1.4454406158742878,Discharge only (5)
B0005,113,1.4333958900838095,Linear Regression,1.444631513839344,Discharge only (5)
B0005,114,1.42806487344776,Linear Regression,1.4445975650683285,Discharge only (5)
B0005,115,1.4229203181741186,Linear Regression,1.4401984006309096,Discharge only (5)
B0005,116,1.417429032731308,Linear Regression,1.4344448166764683,Discharge only (5)
B0005,117,1.412409228794446,Linear Regression,1.428838541509029,Discharge only (5)
B0005,118,1.412578792940193,Linear Regression,1.433840531468844,Discharge only (5)
B0005,119,1.4075983731469897,Linear Regression,1.4283825655021913,Discharge only (5)
B0005,120,1.4333920485221476,Linear Regression,1.4615415425614402,Discharge only (5)
B0005,121,1.4382550176792908,Linear Regression,1.4472769286865215,Discharge only (5)
B0005,122,1.4173547174485526,Linear Regression,1.4347590042216232,Discharge only (5)
B0005,123,1.406981663677643,Linear Regression,1.4298037298858874,Discharge only (5)
B0005,124,1.4012037783587625,Linear Regression,1.4175286446997832,Discharge only (5)
B0005,125,1.3967008232726328,Linear Regression,1.4175144765257077,Discharge only (5)
B0005,126,1.391284788852726,Linear Regression,1.4122299357796138,Discharge only (5)
B0005,127,1.3862287677978349,Linear Regression,1.411739572891447,Discharge only (5)
B0005,128,1.3804366761974138,Linear Regression,1.4017239867023863,Discharge only (5)
B0005,129,1.3752364150256224,Linear Regression,1.4006728479577497,Discharge only (5)
B0005,130,1.3705128024895008,Linear Regression,1.3970101827261752,Discharge only (5)
B0005,131,1.3705085566270399,Linear Regression,1.3934992335283825,Discharge only (5)
B0005,132,1.3647355108681518,Linear Regression,1.3890809856601316,Discharge only (5)
B0005,133,1.375392016895762,Linear Regression,1.4134385442647062,Discharge only (5)
B0005,134,1.3861115151535393,Linear Regression,1.3990997536536143,Discharge only (5)
B0005,135,1.3698500035838939,Linear Regression,1.395093369810097,Discharge only (5)
B0005,136,1.3647827949260758,Linear Regression,1.3847877827236696,Discharge only (5)
B0005,137,1.3543220466259964,Linear Regression,1.3855073777401543,Discharge only (5)
B0005,138,1.3546417018378962,Linear Regression,1.3783420782503475,Discharge only (5)
B0005,139,1.3547039213192407,Linear Regression,1.379469281761094,Discharge only (5)
B0005,140,1.349314997503458,Linear Regression,1.373380148273621,Discharge only (5)
B0005,141,1.3441891937970554,Linear Regression,1.3680021752112397,Discharge only (5)
B0005,142,1.3389913790695755,Linear Regression,1.3607579766399007,Discharge only (5)
B0005,143,1.3389145230206971,Linear Regression,1.3648224779217728,Discharge only (5)
B0005,144,1.3340066759761655,Linear Regression,1.3608049577949253,Discharge only (5)
B0005,145,1.3286444309174914,Linear Regression,1.3575326806022536,Discharge only (5)
B0005,146,1.3231708992276219,Linear Regression,1.3502273761891332,Discharge only (5)
B0005,147,1.3181691588445197,Linear Regression,1.3479680826430191,Discharge only (5)
B0005,148,1.3184664436640334,Linear Regression,1.347559917824466,Discharge only (5)
B0005,149,1.318293040102702,Linear Regression,1.3429151695921684,Discharge only (5)
B0005,150,1.323872422244268,Linear Regression,1.3659072654899058,Discharge only (5)
B0005,151,1.3601216766554785,Linear Regression,1.3672332487661156,Discharge only (5)
B0005,152,1.3395306867947354,Linear Regression,1.3599934719141697,Discharge only (5)
B0005,153,1.3290286565120697,Linear Regression,1.3564140621900371,Discharge only (5)
B0005,154,1.3236741274998955,Linear Regression,1.3538492289832724,Discharge only (5)
B0005,155,1.318633896753293,Linear Regression,1.3453173305390045,Discharge only (5)
B0005,156,1.3134751321324272,Linear Regression,1.3431197015770309,Discharge only (5)
B0005,157,1.3132020634442203,Linear Regression,1.3429181612769203,Discharge only (5)
B0005,158,1.3077959946944353,Linear Regression,1.3370529717220292,Discharge only (5)
B0005,159,1.3030329186405918,Linear Regression,1.3316357322748025,Discharge only (5)
B0005,160,1.3033573559038205,Linear Regression,1.3328005880553904,Discharge only (5)
B0005,161,1.3034100438655642,Linear Regression,1.3308141227538044,Discharge only (5)
B0005,162,1.2978870806495706,Linear Regression,1.3249935383912117,Discharge only (5)
B0005,163,1.2980735056918902,Linear Regression,1.325134728599768,Discharge only (5)
B0005,164,1.293463613844243,Linear Regression,1.3238189262870437,Discharge only (5)
B0005,165,1.288003392619118,Linear Regression,1.3188433607647312,Discharge only (5)
B0005,166,1.2874525221379407,Linear Regression,1.3184809089671519,Discharge only (5)
B0005,167,1.3090153642307354,Linear Regression,1.367552462157247,Discharge only (5)
B0005,168,1.3250793286429356,Linear Regression,1.3495236613438255,Discharge only (5)
B0005,1,1.8564874208181574,Random Forest,1.845339057703949,Discharge only (5)
B0005,2,1.846327249719927,Random Forest,1.8599746489389264,Discharge only (5)
B0005,3,1.8353491942234077,Random Forest,1.8572212359472529,Discharge only (5)
B0005,4,1.8352625275821128,Random Forest,1.858962114690112,Discharge only (5)
B0005,5,1.8346455082120419,Random Forest,1.859743662126065,Discharge only (5)
B0005,6,1.8356616600675495,Random Forest,1.8644925459955572,Discharge only (5)
B0005,7,1.8351461429226603,Random Forest,1.8658296912451402,Discharge only (5)
B0005,8,1.8257567905665537,Random Forest,1.8678176343967445,Discharge only (5)
B0005,9,1.8247738529891333,Random Forest,1.8678629015024588,Discharge only (5)
B0005,10,1.824613268496936,Random Forest,1.867717155136327,Discharge only (5)
B0005,11,1.8246195526864504,Random Forest,1.8681555789866502,Discharge only (5)
B0005,12,1.8142019357673917,Random Forest,1.8622772409331596,Discharge only (5)
B0005,13,1.8137521577549054,Random Forest,1.863278904550912,Discharge only (5)
B0005,14,1.8134404914735822,Random Forest,1.851990880038994,Discharge only (5)
B0005,15,1.8025980036306504,Random Forest,1.8525899487377222,Discharge only (5)
B0005,16,1.80210690024615,Random Forest,1.8528752606887395,Discharge only (5)
B0005,17,1.802579500826209,Random Forest,1.8489824460316098,Discharge only (5)
B0005,18,1.8030683142834096,Random Forest,1.8489483529854567,Discharge only (5)
B0005,19,1.8027776247196041,Random Forest,1.8486203493736217,Discharge only (5)
B0005,20,1.8470259949329193,Random Forest,1.865448878188972,Discharge only (5)
B0005,21,1.847417311283644,Random Forest,1.8683436539871259,Discharge only (5)
B0005,22,1.8361774213478947,Random Forest,1.866624730601854,Discharge only (5)
B0005,23,1.8257807475776242,Random Forest,1.8659407660820284,Discharge only (5)
B0005,24,1.8251136435078368,Random Forest,1.8629275230807056,Discharge only (5)
B0005,25,1.8255815042203762,Random Forest,1.8629915948235038,Discharge only (5)
B0005,26,1.8140311275083907,Random Forest,1.8515845236275537,Discharge only (5)
B0005,27,1.8147691941158939,Random Forest,1.8626506123002826,Discharge only (5)
B0005,28,1.813969388710352,Random Forest,1.846356835248641,Discharge only (5)
B0005,29,1.802765665167823,Random Forest,1.845847191843684,Discharge only (5)
B0005,30,1.804077040117352,Random Forest,1.8564433204108959,Discharge only (5)
B0005,31,1.8518025516704486,Random Forest,1.8338773512409137,Discharge only (5)
B0005,32,1.8307038456739428,Random Forest,1.8292899956569977,Discharge only (5)
B0005,33,1.8199041089501267,Random Forest,1.8285309374517142,Discharge only (5)
B0005,34,1.8093079637028517,Random Forest,1.813565630014874,Discharge only (5)
B0005,35,1.80460990458052,Random Forest,1.8132831873251805,Discharge only (5)
B0005,36,1.7993770651972192,Random Forest,1.8110570108680109,Discharge only (5)
B0005,37,1.7884432335370462,Random Forest,1.7896748134988434,Discharge only (5)
B0005,38,1.7829230484252723,Random Forest,1.7829344957879434,Discharge only (5)
B0005,39,1.7730337158018288,Random Forest,1.7900958293228024,Discharge only (5)
B0005,40,1.773037755078937,Random Forest,1.7878708677987285,Discharge only (5)
B0005,41,1.7678721106662054,Random Forest,1.773533597709764,Discharge only (5)
B0005,42,1.7623150704093087,Random Forest,1.770245939515175,Discharge only (5)
B0005,43,1.7676172924938447,Random Forest,1.7880733025376228,Discharge only (5)
B0005,44,1.762668359743147,Random Forest,1.765835958867736,Discharge only (5)
B0005,45,1.7517304870664143,Random Forest,1.759030454258951,Discharge only (5)
B0005,46,1.7418496047960008,Random Forest,1.7591317360919505,Discharge only (5)
B0005,47,1.7360913511847138,Random Forest,1.7503166297744166,Discharge only (5)
B0005,48,1.7936240148573608,Random Forest,1.8031885094901554,Discharge only (5)
B0005,49,1.7831890223273275,Random Forest,1.787477989824199,Discharge only (5)
B0005,50,1.7673642076278957,Random Forest,1.7723420496979378,Discharge only (5)
B0005,51,1.7570177850353066,Random Forest,1.7601044957857936,Discharge only (5)
B0005,52,1.7468706179837907,Random Forest,1.7542471592808513,Discharge only (5)
B0005,53,1.7417172507457144,Random Forest,1.7516070743423031,Discharge only (5)
B0005,54,1.7364225056478186,Random Forest,1.7368423891270393,Discharge only (5)
B0005,55,1.7263217239235826,Random Forest,1.724971312256358,Discharge only (5)
B0005,56,1.7158065389330133,Random Forest,1.7141355281276855,Discharge only (5)
B0005,57,1.710533351135192,Random Forest,1.709122178580396,Discharge only (5)
B0005,58,1.706014499648521,Random Forest,1.7081364133227035,Discharge only (5)
B0005,59,1.7003110272642588,Random Forest,1.7065523257939592,Discharge only (5)
B0005,60,1.6945798601797895,Random Forest,1.7048201344718033,Discharge only (5)
B0005,61,1.6849029086609286,Random Forest,1.7041379475954508,Discharge only (5)
B0005,62,1.6744741591159717,Random Forest,1.7156391028867122,Discharge only (5)
B0005,63,1.6745692479879102,Random Forest,1.7085164505048613,Discharge only (5)
B0005,64,1.663716375981405,Random Forest,1.6689797866031972,Discharge only (5)
B0005,65,1.659013868748246,Random Forest,1.6886654773828615,Discharge only (5)
B0005,66,1.6538540573335014,Random Forest,1.6598646471388727,Discharge only (5)
B0005,67,1.642653782130131,Random Forest,1.6504286141192948,Discharge only (5)
B0005,68,1.6378578430223698,Random Forest,1.6478344657982888,Discharge only (5)
B0005,69,1.6327350407099108,Random Forest,1.643737507662811,Discharge only (5)
B0005,70,1.6277528915533617,Random Forest,1.6300293431664334,Discharge only (5)
B0005,71,1.622125485521159,Random Forest,1.6245006187715618,Discharge only (5)
B0005,72,1.6113256603765849,Random Forest,1.6196391972633686,Discharge only (5)
B0005,73,1.6065631397488385,Random Forest,1.6170805312374739,Discharge only (5)
B0005,74,1.6015142233917594,Random Forest,1.6220070650124188,Discharge only (5)
B0005,75,1.590369231400328,Random Forest,1.6122413434592893,Discharge only (5)
B0005,76,1.5857889968242211,Random Forest,1.6070381871509825,Discharge only (5)
B0005,77,1.5849430707374117,Random Forest,1.5987003497639187,Discharge only (5)
B0005,78,1.5955263892495937,Random Forest,1.6007408832339352,Discharge only (5)
B0005,79,1.5747301747801037,Random Forest,1.5834388806708586,Discharge only (5)
B0005,80,1.5649019950937946,Random Forest,1.5787406029818296,Discharge only (5)
B0005,81,1.5597659473370362,Random Forest,1.5815759796669855,Discharge only (5)
B0005,82,1.5594815668184234,Random Forest,1.5649187391099728,Discharge only (5)
B0005,83,1.55468935359061,Random Forest,1.5557142488033802,Discharge only (5)
B0005,84,1.5488741079890418,Random Forest,1.5594086198276402,Discharge only (5)
B0005,85,1.538236598942558,Random Forest,1.5701216056618756,Discharge only (5)
B0005,86,1.527914258251028,Random Forest,1.5548328050295706,Discharge only (5)
B0005,87,1.5285252629756445,Random Forest,1.545443235412176,Discharge only (5)
B0005,88,1.522647325284378,Random Forest,1.5411417653728807,Discharge only (5)
B0005,89,1.5174859938489869,Random Forest,1.519574356037008,Discharge only (5)
B0005,90,1.605818899130659,Random Forest,1.5860511066899228,Discharge only (5)
B0005,91,1.5638491446744425,Random Forest,1.5674562536791654,Discharge only (5)
B0005,92,1.5480915247767786,Random Forest,1.5488917442936065,Discharge only (5)
B0005,93,1.5323755631868592,Random Forest,1.5394708605285248,Discharge only (5)
B0005,94,1.5269528268489705,Random Forest,1.5309661766382998,Discharge only (5)
B0005,95,1.5169573017136326,Random Forest,1.5163814160961153,Discharge only (5)
B0005,96,1.5118975960142693,Random Forest,1.5160415609868707,Discharge only (5)
B0005,97,1.5065638960681105,Random Forest,1.5020599967146848,Discharge only (5)
B0005,98,1.5015453526671363,Random Forest,1.5020642873441787,Discharge only (5)
B0005,99,1.4908444050400238,Random Forest,1.495211808650536,Discharge only (5)
B0005,100,1.485868384561201,Random Forest,1.4936404578500697,Discharge only (5)
B0005,101,1.480413677976106,Random Forest,1.4945919974854343,Discharge only (5)
B0005,102,1.4752095869031632,Random Forest,1.4907769748885533,Discharge only (5)
B0005,103,1.4859035988304024,Random Forest,1.4951801348038563,Discharge only (5)
B0005,104,1.4960918298136696,Random Forest,1.49754283612504,Discharge only (5)
B0005,105,1.4808005946928984,Random Forest,1.4860449374190614,Discharge only (5)
B0005,106,1.4697543268466824,Random Forest,1.4810724958070316,Discharge only (5)
B0005,107,1.4539012274845928,Random Forest,1.4664158672523886,Discharge only (5)
B0005,108,1.4541462067235693,Random Forest,1.4750711388517024,Discharge only (5)
B0005,109,1.455023751906683,Random Forest,1.4657194360307384,Discharge only (5)
B0005,110,1.449042163761236,Random Forest,1.4643202347875817,Discharge only (5)
B0005,111,1.4386709371480566,Random Forest,1.451796638209313,Discharge only (5)
B0005,112,1.433445432156979,Random Forest,1.4416949128585108,Discharge only (5)
B0005,113,1.4333958900838095,Random Forest,1.4436038976744683,Discharge only (5)
B0005,114,1.42806487344776,Random Forest,1.4450719967656147,Discharge only (5)
B0005,115,1.4229203181741186,Random Forest,1.4367954652671202,Discharge only (5)
B0005,116,1.417429032731308,Random Forest,1.4329974547753777,Discharge only (5)
B0005,117,1.412409228794446,Random Forest,1.421470146205614,Discharge only (5)
B0005,118,1.412578792940193,Random Forest,1.4273552464499526,Discharge only (5)
B0005,119,1.4075983731469897,Random Forest,1.423484894955572,Discharge only (5)
B0005,120,1.4333920485221476,Random Forest,1.4477115217992844,Discharge only (5)
B0005,121,1.4382550176792908,Random Forest,1.4583342848132526,Discharge only (5)
B0005,122,1.4173547174485526,Random Forest,1.4349424105993642,Discharge only (5)
B0005,123,1.406981663677643,Random Forest,1.4218009590142,Discharge only (5)
B0005,124,1.4012037783587625,Random Forest,1.4136961169302893,Discharge only (5)
B0005,125,1.3967008232726328,Random Forest,1.409736385222802,Discharge only (5)
B0005,126,1.391284788852726,Random Forest,1.4101380372696275,Discharge only (5)
B0005,127,1.3862287677978349,Random Forest,1.4132869917278887,Discharge only (5)
B0005,128,1.3804366761974138,Random Forest,1.4086336812229772,Discharge only (5)
B0005,129,1.3752364150256224,Random Forest,1.4108338635446227,Discharge only (5)
B0005,130,1.3705128024895008,Random Forest,1.4201370924464587,Discharge only (5)
B0005,131,1.3705085566270399,Random Forest,1.4228719313219622,Discharge only (5)
B0005,132,1.3647355108681518,Random Forest,1.4227122735016768,Discharge only (5)
B0005,133,1.375392016895762,Random Forest,1.407526541721835,Discharge only (5)
B0005,134,1.3861115151535393,Random Forest,1.4070697245745682,Discharge only (5)
B0005,135,1.3698500035838939,Random Forest,1.4083543726145868,Discharge only (5)
B0005,136,1.3647827949260758,Random Forest,1.4196127143641142,Discharge only (5)
B0005,137,1.3543220466259964,Random Forest,1.4245742199904112,Discharge only (5)
B0005,138,1.3546417018378962,Random Forest,1.4195067258514538,Discharge only (5)
B0005,139,1.3547039213192407,Random Forest,1.4185477938487248,Discharge only (5)
B0005,140,1.349314997503458,Random Forest,1.4338773958480595,Discharge only (5)
B0005,141,1.3441891937970554,Random Forest,1.4472412688784366,Discharge only (5)
B0005,142,1.3389913790695755,Random Forest,1.4467748338457747,Discharge only (5)
B0005,143,1.3389145230206971,Random Forest,1.4418905380377744,Discharge only (5)
B0005,144,1.3340066759761655,Random Forest,1.4469577471874109,Discharge only (5)
B0005,145,1.3286444309174914,Random Forest,1.4534673525958284,Discharge only (5)
B0005,146,1.3231708992276219,Random Forest,1.4564937472502928,Discharge only (5)
B0005,147,1.3181691588445197,Random Forest,1.4599486419380616,Discharge only (5)
B0005,148,1.3184664436640334,Random Forest,1.4562806337691918,Discharge only (5)
B0005,149,1.318293040102702,Random Forest,1.4558023166880634,Discharge only (5)
B0005,150,1.323872422244268,Random Forest,1.4631788446767162,Discharge only (5)
B0005,151,1.3601216766554785,Random Forest,1.4365494623314488,Discharge only (5)
B0005,152,1.3395306867947354,Random Forest,1.4409976341092599,Discharge only (5)
B0005,153,1.3290286565120697,Random Forest,1.453045164889825,Discharge only (5)
B0005,154,1.3236741274998955,Random Forest,1.4583201283086478,Discharge only (5)
B0005,155,1.318633896753293,Random Forest,1.455858185901231,Discharge only (5)
B0005,156,1.3134751321324272,Random Forest,1.4583837309070893,Discharge only (5)
B0005,157,1.3132020634442203,Random Forest,1.4593517955723165,Discharge only (5)
B0005,158,1.3077959946944353,Random Forest,1.4605060818324669,Discharge only (5)
B0005,159,1.3030329186405918,Random Forest,1.4558335383581495,Discharge only (5)
B0005,160,1.3033573559038205,Random Forest,1.4552565121911558,Discharge only (5)
B0005,161,1.3034100438655642,Random Forest,1.4555411689786921,Discharge only (5)
B0005,162,1.2978870806495706,Random Forest,1.4512527546539227,Discharge only (5)
B0005,163,1.2980735056918902,Random Forest,1.4517556887552017,Discharge only (5)
B0005,164,1.293463613844243,Random Forest,1.4513755873141991,Discharge only (5)
B0005,165,1.288003392619118,Random Forest,1.4483945451876068,Discharge only (5)
B0005,166,1.2874525221379407,Random Forest,1.4472843194181138,Discharge only (5)
B0005,167,1.3090153642307354,Random Forest,1.446092614067727,Discharge only (5)
B0005,168,1.3250793286429356,Random Forest,1.4378537889229321,Discharge only (5)
B0005,1,1.8564874208181574,XGBoost,1.8178834915161133,Discharge only (5)
B0005,2,1.846327249719927,XGBoost,1.8461394309997559,Discharge only (5)
B0005,3,1.8353491942234077,XGBoost,1.8438760042190552,Discharge only (5)
B0005,4,1.8352625275821128,XGBoost,1.8468910455703735,Discharge only (5)
B0005,5,1.8346455082120419,XGBoost,1.8475886583328247,Discharge only (5)
B0005,6,1.8356616600675495,XGBoost,1.8548630475997925,Discharge only (5)
B0005,7,1.8351461429226603,XGBoost,1.8527313470840454,Discharge only (5)
B0005,8,1.8257567905665537,XGBoost,1.8701444864273071,Discharge only (5)
B0005,9,1.8247738529891333,XGBoost,1.8681256771087646,Discharge only (5)
B0005,10,1.824613268496936,XGBoost,1.8681256771087646,Discharge only (5)
B0005,11,1.8246195526864504,XGBoost,1.866819143295288,Discharge only (5)
B0005,12,1.8142019357673917,XGBoost,1.8652080297470093,Discharge only (5)
B0005,13,1.8137521577549054,XGBoost,1.8687968254089355,Discharge only (5)
B0005,14,1.8134404914735822,XGBoost,1.8429937362670898,Discharge only (5)
B0005,15,1.8025980036306504,XGBoost,1.8442379236221313,Discharge only (5)
B0005,16,1.80210690024615,XGBoost,1.8382792472839355,Discharge only (5)
B0005,17,1.802579500826209,XGBoost,1.8377540111541748,Discharge only (5)
B0005,18,1.8030683142834096,XGBoost,1.8383325338363647,Discharge only (5)
B0005,19,1.8027776247196041,XGBoost,1.8383325338363647,Discharge only (5)
B0005,20,1.8470259949329193,XGBoost,1.8486969470977783,Discharge only (5)
B0005,21,1.847417311283644,XGBoost,1.8770067691802979,Discharge only (5)
B0005,22,1.8361774213478947,XGBoost,1.8692294359207153,Discharge only (5)
B0005,23,1.8257807475776242,XGBoost,1.8499956130981445,Discharge only (5)
B0005,24,1.8251136435078368,XGBoost,1.8498804569244385,Discharge only (5)
B0005,25,1.8255815042203762,XGBoost,1.8587547540664673,Discharge only (5)
B0005,26,1.8140311275083907,XGBoost,1.832793951034546,Discharge only (5)
B0005,27,1.8147691941158939,XGBoost,1.8552285432815552,Discharge only (5)
B0005,28,1.813969388710352,XGBoost,1.8222712278366089,Discharge only (5)
B0005,29,1.802765665167823,XGBoost,1.824067234992981,Discharge only (5)
B0005,30,1.804077040117352,XGBoost,1.8423086404800415,Discharge only (5)
B0005,31,1.8518025516704486,XGBoost,1.8321489095687866,Discharge only (5)
B0005,32,1.8307038456739428,XGBoost,1.828949213027954,Discharge only (5)
B0005,33,1.8199041089501267,XGBoost,1.841687560081482,Discharge only (5)
B0005,34,1.8093079637028517,XGBoost,1.8094050884246826,Discharge only (5)
B0005,35,1.80460990458052,XGBoost,1.8125134706497192,Discharge only (5)
B0005,36,1.7993770651972192,XGBoost,1.8080451488494873,Discharge only (5)
B0005,37,1.7884432335370462,XGBoost,1.7963119745254517,Discharge only (5)
B0005,38,1.7829230484252723,XGBoost,1.7646281719207764,Discharge only (5)
B0005,39,1.7730337158018288,XGBoost,1.7688720226287842,Discharge only (5)
B0005,40,1.773037755078937,XGBoost,1.7683067321777344,Discharge only (5)
B0005,41,1.7678721106662054,XGBoost,1.7671958208084106,Discharge only (5)
B0005,42,1.7623150704093087,XGBoost,1.7565981149673462,Discharge only (5)
B0005,43,1.7676172924938447,XGBoost,1.7560874223709106,Discharge only (5)
B0005,44,1.762668359743147,XGBoost,1.7538005113601685,Discharge only (5)
B0005,45,1.7517304870664143,XGBoost,1.7446417808532715,Discharge only (5)
B0005,46,1.7418496047960008,XGBoost,1.7492083311080933,Discharge only (5)
B0005,47,1.7360913511847138,XGBoost,1.744639277458191,Discharge only (5)
B0005,48,1.7936240148573608,XGBoost,1.800302505493164,Discharge only (5)
B0005,49,1.7831890223273275,XGBoost,1.7936961650848389,Discharge only (5)
B0005,50,1.7673642076278957,XGBoost,1.761337161064148,Discharge only (5)
B0005,51,1.7570177850353066,XGBoost,1.7488257884979248,Discharge only (5)
B0005,52,1.7468706179837907,XGBoost,1.7459386587142944,Discharge only (5)
B0005,53,1.7417172507457144,XGBoost,1.7415831089019775,Discharge only (5)
B0005,54,1.7364225056478186,XGBoost,1.7406469583511353,Discharge only (5)
B0005,55,1.7263217239235826,XGBoost,1.7194842100143433,Discharge only (5)
B0005,56,1.7158065389330133,XGBoost,1.7102676630020142,Discharge only (5)
B0005,57,1.710533351135192,XGBoost,1.704436182975769,Discharge only (5)
B0005,58,1.706014499648521,XGBoost,1.7017661333084106,Discharge only (5)
B0005,59,1.7003110272642588,XGBoost,1.6912225484848022,Discharge only (5)
B0005,60,1.6945798601797895,XGBoost,1.689761757850647,Discharge only (5)
B0005,61,1.6849029086609286,XGBoost,1.6910591125488281,Discharge only (5)
B0005,62,1.6744741591159717,XGBoost,1.6935374736785889,Discharge only (5)
B0005,63,1.6745692479879102,XGBoost,1.689550757408142,Discharge only (5)
B0005,64,1.663716375981405,XGBoost,1.6828714609146118,Discharge only (5)
B0005,65,1.659013868748246,XGBoost,1.6779249906539917,Discharge only (5)
B0005,66,1.6538540573335014,XGBoost,1.6646771430969238,Discharge only (5)
B0005,67,1.642653782130131,XGBoost,1.647973656654358,Discharge only (5)
B0005,68,1.6378578430223698,XGBoost,1.6500743627548218,Discharge only (5)
B0005,69,1.6327350407099108,XGBoost,1.643331527709961,Discharge only (5)
B0005,70,1.6277528915533617,XGBoost,1.6310545206069946,Discharge only (5)
B0005,71,1.622125485521159,XGBoost,1.617761492729187,Discharge only (5)
B0005,72,1.6113256603765849,XGBoost,1.6131505966186523,Discharge only (5)
B0005,73,1.6065631397488385,XGBoost,1.6120938062667847,Discharge only (5)
B0005,74,1.6015142233917594,XGBoost,1.6107546091079712,Discharge only (5)
B0005,75,1.590369231400328,XGBoost,1.5954805612564087,Discharge only (5)
B0005,76,1.5857889968242211,XGBoost,1.59459388256073,Discharge only (5)
B0005,77,1.5849430707374117,XGBoost,1.5932166576385498,Discharge only (5)
B0005,78,1.5955263892495937,XGBoost,1.6003010272979736,Discharge only (5)
B0005,79,1.5747301747801037,XGBoost,1.5725563764572144,Discharge only (5)
B0005,80,1.5649019950937946,XGBoost,1.582478404045105,Discharge only (5)
B0005,81,1.5597659473370362,XGBoost,1.582515001296997,Discharge only (5)
B0005,82,1.5594815668184234,XGBoost,1.5798914432525635,Discharge only (5)
B0005,83,1.55468935359061,XGBoost,1.5746443271636963,Discharge only (5)
B0005,84,1.5488741079890418,XGBoost,1.573839545249939,Discharge only (5)
B0005,85,1.538236598942558,XGBoost,1.5792583227157593,Discharge only (5)
B0005,86,1.527914258251028,XGBoost,1.5618982315063477,Discharge only (5)
B0005,87,1.5285252629756445,XGBoost,1.5602177381515503,Discharge only (5)
B0005,88,1.522647325284378,XGBoost,1.5575159788131714,Discharge only (5)
B0005,89,1.5174859938489869,XGBoost,1.5402615070343018,Discharge only (5)
B0005,90,1.605818899130659,XGBoost,1.5974167585372925,Discharge only (5)
B0005,91,1.5638491446744425,XGBoost,1.5646092891693115,Discharge only (5)
B0005,92,1.5480915247767786,XGBoost,1.559995412826538,Discharge only (5)
B0005,93,1.5323755631868592,XGBoost,1.5638090372085571,Discharge only (5)
B0005,94,1.5269528268489705,XGBoost,1.5537890195846558,Discharge only (5)
B0005,95,1.5169573017136326,XGBoost,1.515995740890503,Discharge only (5)
B0005,96,1.5118975960142693,XGBoost,1.5136886835098267,Discharge only (5)
B0005,97,1.5065638960681105,XGBoost,1.5091818571090698,Discharge only (5)
B0005,98,1.5015453526671363,XGBoost,1.5120058059692383,Discharge only (5)
B0005,99,1.4908444050400238,XGBoost,1.5026224851608276,Discharge only (5)
B0005,100,1.485868384561201,XGBoost,1.489087700843811,Discharge only (5)
B0005,101,1.480413677976106,XGBoost,1.4892810583114624,Discharge only (5)
B0005,102,1.4752095869031632,XGBoost,1.4870398044586182,Discharge only (5)
B0005,103,1.4859035988304024,XGBoost,1.4875526428222656,Discharge only (5)
B0005,104,1.4960918298136696,XGBoost,1.4988887310028076,Discharge only (5)
B0005,105,1.4808005946928984,XGBoost,1.4884446859359741,Discharge only (5)
B0005,106,1.4697543268466824,XGBoost,1.4794257879257202,Discharge only (5)
B0005,107,1.4539012274845928,XGBoost,1.4638229608535767,Discharge only (5)
B0005,108,1.4541462067235693,XGBoost,1.461378574371338,Discharge only (5)
B0005,109,1.455023751906683,XGBoost,1.4629926681518555,Discharge only (5)
B0005,110,1.449042163761236,XGBoost,1.4629926681518555,Discharge only (5)
B0005,111,1.4386709371480566,XGBoost,1.445488691329956,Discharge only (5)
B0005,112,1.433445432156979,XGBoost,1.436997652053833,Discharge only (5)
B0005,113,1.4333958900838095,XGBoost,1.436997652053833,Discharge only (5)
B0005,114,1.42806487344776,XGBoost,1.4418623447418213,Discharge only (5)
B0005,115,1.4229203181741186,XGBoost,1.4369252920150757,Discharge only (5)
B0005,116,1.417429032731308,XGBoost,1.4283751249313354,Discharge only (5)
B0005,117,1.412409228794446,XGBoost,1.4228475093841553,Discharge only (5)
B0005,118,1.412578792940193,XGBoost,1.4271498918533325,Discharge only (5)
B0005,119,1.4075983731469897,XGBoost,1.4232933521270752,Discharge only (5)
B0005,120,1.4333920485221476,XGBoost,1.4477252960205078,Discharge only (5)
B0005,121,1.4382550176792908,XGBoost,1.4463802576065063,Discharge only (5)
B0005,122,1.4173547174485526,XGBoost,1.429893136024475,Discharge only (5)
B0005,123,1.406981663677643,XGBoost,1.4228475093841553,Discharge only (5)
B0005,124,1.4012037783587625,XGBoost,1.4062020778656006,Discharge only (5)
B0005,125,1.3967008232726328,XGBoost,1.413283109664917,Discharge only (5)
B0005,126,1.391284788852726,XGBoost,1.4027036428451538,Discharge only (5)
B0005,127,1.3862287677978349,XGBoost,1.4823447465896606,Discharge only (5)
B0005,128,1.3804366761974138,XGBoost,1.4797577857971191,Discharge only (5)
B0005,129,1.3752364150256224,XGBoost,1.4797577857971191,Discharge only (5)
B0005,130,1.3705128024895008,XGBoost,1.4689127206802368,Discharge only (5)
B0005,131,1.3705085566270399,XGBoost,1.4689127206802368,Discharge only (5)
B0005,132,1.3647355108681518,XGBoost,1.4634119272232056,Discharge only (5)
B0005,133,1.375392016895762,XGBoost,1.4032005071640015,Discharge only (5)
B0005,134,1.3861115151535393,XGBoost,1.4013183116912842,Discharge only (5)
B0005,135,1.3698500035838939,XGBoost,1.4797577857971191,Discharge only (5)
B0005,136,1.3647827949260758,XGBoost,1.4634119272232056,Discharge only (5)
B0005,137,1.3543220466259964,XGBoost,1.4634119272232056,Discharge only (5)
B0005,138,1.3546417018378962,XGBoost,1.4634119272232056,Discharge only (5)
B0005,139,1.3547039213192407,XGBoost,1.4634119272232056,Discharge only (5)
B0005,140,1.349314997503458,XGBoost,1.4456902742385864,Discharge only (5)
B0005,141,1.3441891937970554,XGBoost,1.4276951551437378,Discharge only (5)
B0005,142,1.3389913790695755,XGBoost,1.4262328147888184,Discharge only (5)
B0005,143,1.3389145230206971,XGBoost,1.4291670322418213,Discharge only (5)
B0005,144,1.3340066759761655,XGBoost,1.427442193031311,Discharge only (5)
B0005,145,1.3286444309174914,XGBoost,1.4248770475387573,Discharge only (5)
B0005,146,1.3231708992276219,XGBoost,1.43094801902771,Discharge only (5)
B0005,147,1.3181691588445197,XGBoost,1.4361673593521118,Discharge only (5)
B0005,148,1.3184664436640334,XGBoost,1.43094801902771,Discharge only (5)
B0005,149,1.318293040102702,XGBoost,1.4256411790847778,Discharge only (5)
B0005,150,1.323872422244268,XGBoost,1.4460099935531616,Discharge only (5)
B0005,151,1.3601216766554785,XGBoost,1.4400125741958618,Discharge only (5)
B0005,152,1.3395306867947354,XGBoost,1.4270704984664917,Discharge only (5)
B0005,153,1.3290286565120697,XGBoost,1.425102949142456,Discharge only (5)
B0005,154,1.3236741274998955,XGBoost,1.4266120195388794,Discharge only (5)
B0005,155,1.318633896753293,XGBoost,1.4321072101593018,Discharge only (5)
B0005,156,1.3134751321324272,XGBoost,1.4321072101593018,Discharge only (5)
B0005,157,1.3132020634442203,XGBoost,1.4303793907165527,Discharge only (5)
B0005,158,1.3077959946944353,XGBoost,1.4349278211593628,Discharge only (5)
B0005,159,1.3030329186405918,XGBoost,1.4376776218414307,Discharge only (5)
B0005,160,1.3033573559038205,XGBoost,1.4376776218414307,Discharge only (5)
B0005,161,1.3034100438655642,XGBoost,1.4376776218414307,Discharge only (5)
B0005,162,1.2978870806495706,XGBoost,1.434752106666565,Discharge only (5)
B0005,163,1.2980735056918902,XGBoost,1.434752106666565,Discharge only (5)
B0005,164,1.293463613844243,XGBoost,1.434752106666565,Discharge only (5)
B0005,165,1.288003392619118,XGBoost,1.436011791229248,Discharge only (5)
B0005,166,1.2874525221379407,XGBoost,1.4351615905761719,Discharge only (5)
B0005,167,1.3090153642307354,XGBoost,1.4262373447418213,Discharge only (5)
B0005,168,1.3250793286429356,XGBoost,1.4251103401184082,Discharge only (5)
B0006,1,2.035337591005598,Linear Regression,1.9043648192644422,Discharge only (5)
B0006,2,2.0251402460314116,Linear Regression,1.9165823761110452,Discharge only (5)
B0006,3,2.013326371345464,Linear Regression,1.918809042258456,Discharge only (5)
B0006,4,2.0132846655407413,Linear Regression,1.9180294592465763,Discharge only (5)
B0006,5,2.000528337624771,Linear Regression,1.9176780993879907,Discharge only (5)
B0006,6,2.0138990759931645,Linear Regression,1.9112828013488299,Discharge only (5)
B0006,7,2.013101105626967,Linear Regression,1.9111460938380913,Discharge only (5)
B0006,8,1.9687898262728398,Linear Regression,1.9086102855269684,Discharge only (5)
B0006,9,1.9681661764334244,Linear Regression,1.8989600722768751,Discharge only (5)
B0006,10,1.9572307917560536,Linear Regression,1.8901980624307462,Discharge only (5)
B0006,11,1.9455991514129352,Linear Regression,1.8891624754273002,Discharge only (5)
B0006,12,1.9347505044841131,Linear Regression,1.8721685821409122,Discharge only (5)
B0006,13,1.9232799539368028,Linear Regression,1.8649973031924831,Discharge only (5)
B0006,14,1.911889930948487,Linear Regression,1.8620500146546577,Discharge only (5)
B0006,15,1.9010667141979305,Linear Regression,1.8445347704308503,Discharge only (5)
B0006,16,1.8891989948061458,Linear Regression,1.8399877442188997,Discharge only (5)
B0006,17,1.878278372248849,Linear Regression,1.8312096875088306,Discharge only (5)
B0006,18,1.8675697161520206,Linear Regression,1.821364363640873,Discharge only (5)
B0006,19,1.8675892574453767,Linear Regression,1.811845240866555,Discharge only (5)
B0006,20,1.979626548250818,Linear Regression,1.9076442104295757,Discharge only (5)
B0006,21,1.9575499080884022,Linear Regression,1.8992281789387082,Discharge only (5)
B0006,22,1.9458150170787551,Linear Regression,1.8802661888489343,Discharge only (5)
B0006,23,1.9242461121680094,Linear Regression,1.8675868982465966,Discharge only (5)
B0006,24,1.9459811331421641,Linear Regression,1.8596179340790457,Discharge only (5)
B0006,25,1.901407930553079,Linear Regression,1.8380415406131132,Discharge only (5)
B0006,26,1.878674213680085,Linear Regression,1.825707089517608,Discharge only (5)
B0006,27,1.8683061328264219,Linear Regression,1.8152300301712312,Discharge only (5)
B0006,28,1.8560244070082998,Linear Regression,1.803483990013091,Discharge only (5)
B0006,29,1.8451997961855777,Linear Regression,1.792177692686383,Discharge only (5)
B0006,30,1.857228890885317,Linear Regression,1.7787311430894313,Discharge only (5)
B0006,31,1.9247760889090635,Linear Regression,1.8277271779409694,Discharge only (5)
B0006,32,1.8822317526092551,Linear Regression,1.8093665091829398,Discharge only (5)
B0006,33,1.855276687885587,Linear Regression,1.7882712654112238,Discharge only (5)
B0006,34,1.8392508917181876,Linear Regression,1.7669304621201016,Discharge only (5)
B0006,35,1.8185396073994429,Linear Regression,1.7504726778051958,Discharge only (5)
B0006,36,1.8134770059567056,Linear Regression,1.7451161990508122,Discharge only (5)
B0006,37,1.7971018450305436,Linear Regression,1.7325751504040683,Discharge only (5)
B0006,38,1.7810046294120476,Linear Regression,1.7180658260712716,Discharge only (5)
B0006,39,1.7710130422682329,Linear Regression,1.6985282558926558,Discharge only (5)
B0006,40,1.7604712448170943,Linear Regression,1.690326493956639,Discharge only (5)
B0006,41,1.7502913788006587,Linear Regression,1.6848145637204703,Discharge only (5)
B0006,42,1.7394925037732578,Linear Regression,1.6739062225418755,Discharge only (5)
B0006,43,1.7546766553637203,Linear Regression,1.665719121236354,Discharge only (5)
B0006,44,1.7659390941842175,Linear Regression,1.681054655627739,Discharge only (5)
B0006,45,1.7337887419624838,Linear Regression,1.6488138881537326,Discharge only (5)
B0006,46,1.713325912040734,Linear Regression,1.6356192314442166,Discharge only (5)
B0006,47,1.7024077813673466,Linear Regression,1.622599868905327,Discharge only (5)
B0006,48,1.82371946178183,Linear Regression,1.7527901316521626,Discharge only (5)
B0006,49,1.8081284050314708,Linear Regression,1.7193256728102335,Discharge only (5)
B0006,50,1.7757610945034283,Linear Regression,1.6862315949175917,Discharge only (5)
B0006,51,1.7447409841836798,Linear Regression,1.6599111680449925,Discharge only (5)
B0006,52,1.729207034132373,Linear Regression,1.637437073587867,Discharge only (5)
B0006,53,1.7081086552553244,Linear Regression,1.6234099585428365,Discharge only (5)
B0006,54,1.6975954237461768,Linear Regression,1.6111574918896567,Discharge only (5)
B0006,55,1.6820634524029463,Linear Regression,1.5942569717532016,Discharge only (5)
B0006,56,1.6714768322295086,Linear Regression,1.5809632972871364,Discharge only (5)
B0006,57,1.6607591387047655,Linear Regression,1.5681187494644269,Discharge only (5)
B0006,58,1.651121015038069,Linear Regression,1.5566434950784527,Discharge only (5)
B0006,59,1.6401349256190927,Linear Regression,1.5483111934814076,Discharge only (5)
B0006,60,1.6291999416165441,Linear Regression,1.5374378501100825,Discharge only (5)
B0006,61,1.6088496302961666,Linear Regression,1.5257204778571838,Discharge only (5)
B0006,62,1.6035244898969248,Linear Regression,1.512335898929799,Discharge only (5)
B0006,63,1.5989712144027983,Linear Regression,1.5046770871961974,Discharge only (5)
B0006,64,1.5876273123575604,Linear Regression,1.4968123252865086,Discharge only (5)
B0006,65,1.5829719744686166,Linear Regression,1.4910955460318935,Discharge only (5)
B0006,66,1.567137636713563,Linear Regression,1.477053508501056,Discharge only (5)
B0006,67,1.5613446139713882,Linear Regression,1.4641036643978802,Discharge only (5)
B0006,68,1.5511711892790419,Linear Regression,1.4567766070626234,Discharge only (5)
B0006,69,1.5406741606295171,Linear Regression,1.4492098840813274,Discharge only (5)
B0006,70,1.5253138744624433,Linear Regression,1.4425269630805975,Discharge only (5)
B0006,71,1.5301570318067428,Linear Regression,1.4299786731655861,Discharge only (5)
B0006,72,1.5246566834474087,Linear Regression,1.425936819697077,Discharge only (5)
B0006,73,1.5145492986655427,Linear Regression,1.4149873733971252,Discharge only (5)
B0006,74,1.509391504602082,Linear Regression,1.4078339798083346,Discharge only (5)
B0006,75,1.5039974333050705,Linear Regression,1.399510177565381,Discharge only (5)
B0006,76,1.4935201918040188,Linear Regression,1.3878353590974313,Discharge only (5)
B0006,77,1.4876323024497422,Linear Regression,1.3837558734618016,Discharge only (5)
B0006,78,1.5302876214401704,Linear Regression,1.4160074344706295,Discharge only (5)
B0006,79,1.5040760088360112,Linear Regression,1.391480025930769,Discharge only (5)
B0006,80,1.4887593608730894,Linear Regression,1.3707922084004849,Discharge only (5)
B0006,81,1.4782779285546637,Linear Regression,1.3629219461251187,Discharge only (5)
B0006,82,1.478459982215684,Linear Regression,1.3603042910390286,Discharge only (5)
B0006,83,1.473214844899973,Linear Regression,1.3599490941731318,Discharge only (5)
B0006,84,1.4675164935067897,Linear Regression,1.3473080045287,Discharge only (5)
B0006,85,1.4516292657521335,Linear Regression,1.3351636385009338,Discharge only (5)
B0006,86,1.4519237720967177,Linear Regression,1.3282158040972145,Discharge only (5)
B0006,87,1.4471484694777745,Linear Regression,1.322346298589766,Discharge only (5)
B0006,88,1.4468538105659885,Linear Regression,1.3232575244683764,Discharge only (5)
B0006,89,1.4416741930284678,Linear Regression,1.3211518488265792,Discharge only (5)
B0006,91,1.5463902376915637,Linear Regression,1.4149383425794335,Discharge only (5)
B0006,92,1.51470559175661,Linear Regression,1.3947375357334442,Discharge only (5)
B0006,93,1.4989786083335404,Linear Regression,1.3744554403097604,Discharge only (5)
B0006,94,1.4831110745410492,Linear Regression,1.3581627372823846,Discharge only (5)
B0006,95,1.4729664825468278,Linear Regression,1.3445590838622117,Discharge only (5)
B0006,96,1.4627604396099307,Linear Regression,1.3358642740145577,Discharge only (5)
B0006,97,1.4518364681062514,Linear Regression,1.3284968925399463,Discharge only (5)
B0006,98,1.4468670644030392,Linear Regression,1.3215944082569024,Discharge only (5)
B0006,99,1.441380399427779,Linear Regression,1.3126325570741597,Discharge only (5)
B0006,100,1.431210744960774,Linear Regression,1.3057961617396563,Discharge only (5)
B0006,101,1.4260247179525716,Linear Regression,1.2986628253885226,Discharge only (5)
B0006,102,1.420487649966195,Linear Regression,1.2920541269927595,Discharge only (5)
B0006,103,1.4207006230355006,Linear Regression,1.2968984702133501,Discharge only (5)
B0006,104,1.452255804330839,Linear Regression,1.3295097137352778,Discharge only (5)
B0006,105,1.431557632772571,Linear Regression,1.3070116270027248,Discharge only (5)
B0006,106,1.415015751158943,Linear Regression,1.2930330190224424,Discharge only (5)
B0006,107,1.4097311506517451,Linear Regression,1.2768110753236823,Discharge only (5)
B0006,108,1.404917318129309,Linear Regression,1.2725211046623885,Discharge only (5)
B0006,109,1.395164296571563,Linear Regression,1.2701803767045057,Discharge only (5)
B0006,110,1.3945343832614077,Linear Regression,1.266843101649902,Discharge only (5)
B0006,111,1.3893171179312644,Linear Regression,1.2533468024633265,Discharge only (5)
B0006,112,1.3838379472327809,Linear Regression,1.2487823642213456,Discharge only (5)
B0006,113,1.3736814238195123,Linear Regression,1.2445043145769097,Discharge only (5)
B0006,114,1.3786059891863676,Linear Regression,1.24842312036884,Discharge only (5)
B0006,115,1.3737600299108574,Linear Regression,1.24129749986478,Discharge only (5)
B0006,116,1.3682580583942712,Linear Regression,1.2292028074687458,Discharge only (5)
B0006,117,1.3633024037317505,Linear Regression,1.22466085272604,Discharge only (5)
B0006,118,1.3580966140172601,Linear Regression,1.2246713639522295,Discharge only (5)
B0006,119,1.353269090999531,Linear Regression,1.2233357179269337,Discharge only (5)
B0006,120,1.3841605738237488,Linear Regression,1.2625799993535705,Discharge only (5)
B0006,121,1.4051467790651473,Linear Regression,1.2721044874747054,Discharge only (5)
B0006,122,1.378719022627353,Linear Regression,1.2479026232645176,Discharge only (5)
B0006,123,1.3682657783199066,Linear Regression,1.231547701212822,Discharge only (5)
B0006,124,1.3573151296618016,Linear Regression,1.2170861249828244,Discharge only (5)
B0006,125,1.3524934638801596,Linear Regression,1.2136985158051208,Discharge only (5)
B0006,126,1.3474099151661236,Linear Regression,1.206257845806633,Discharge only (5)
B0006,127,1.3370075130842318,Linear Regression,1.198987122086917,Discharge only (5)
B0006,128,1.3312352966718526,Linear Regression,1.1903835166295875,Discharge only (5)
B0006,129,1.3259303781727643,Linear Regression,1.1874717147783052,Discharge only (5)
B0006,130,1.321578743867529,Linear Regression,1.1818537314595146,Discharge only (5)
B0006,131,1.321225074066109,Linear Regression,1.1793223559705075,Discharge only (5)
B0006,132,1.3156485301862682,Linear Regression,1.1727607455171483,Discharge only (5)
B0006,133,1.3209025697502388,Linear Regression,1.189116330915094,Discharge only (5)
B0006,134,1.3474328767273906,Linear Regression,1.2151419680599707,Discharge only (5)
B0006,135,1.3260128072353616,Linear Regression,1.1934361850021364,Discharge only (5)
B0006,136,1.3101186784831063,Linear Regression,1.179933627321745,Discharge only (5)
B0006,137,1.30521620229393,Linear Regression,1.1703363304515717,Discharge only (5)
B0006,138,1.3004061951355774,Linear Regression,1.17135027449615,Discharge only (5)
B0006,139,1.300235735841116,Linear Regression,1.1712971264732357,Discharge only (5)
B0006,140,1.2895066722480755,Linear Regression,1.1581527432063958,Discharge only (5)
B0006,141,1.279253057384795,Linear Regression,1.1485691480120543,Discharge only (5)
B0006,142,1.2792078171714618,Linear Regression,1.1402170584129079,Discharge only (5)
B0006,143,1.274036760902923,Linear Regression,1.141218793894854,Discharge only (5)
B0006,144,1.2741273923001468,Linear Regression,1.1404506526160132,Discharge only (5)
B0006,145,1.2637639426440779,Linear Regression,1.1313576586251541,Discharge only (5)
B0006,146,1.2581373688955233,Linear Regression,1.1218219858660137,Discharge only (5)
B0006,147,1.253259864055301,Linear Regression,1.1146223943956264,Discharge only (5)
B0006,148,1.2532313315493426,Linear Regression,1.1209619011938416,Discharge only (5)
B0006,149,1.2480874960313577,Linear Regression,1.1158321711288468,Discharge only (5)
B0006,150,1.2534354284944844,Linear Regression,1.1184671214775759,Discharge only (5)
B0006,151,1.2898048773266901,Linear Regression,1.155677337903998,Discharge only (5)
B0006,152,1.2635402021758835,Linear Regression,1.1303662077201457,Discharge only (5)
B0006,153,1.2479761706842853,Linear Regression,1.1155345311093066,Discharge only (5)
B0006,154,1.2321202877943334,Linear Regression,1.1052109979503069,Discharge only (5)
B0006,155,1.2271137666213534,Linear Regression,1.095594945838272,Discharge only (5)
B0006,156,1.2217397581377356,Linear Regression,1.087978799518984,Discharge only (5)
B0006,157,1.211102678915174,Linear Regression,1.0806919495700118,Discharge only (5)
B0006,158,1.2056159765131735,Linear Regression,1.076431172949643,Discharge only (5)
B0006,159,1.2008936262717274,Linear Regression,1.0696616043221452,Discharge only (5)
B0006,160,1.1905903985558335,Linear Regression,1.0635722830916485,Discharge only (5)
B0006,161,1.185179251041941,Linear Regression,1.060983657251914,Discharge only (5)
B0006,162,1.1796706818144624,Linear Regression,1.0542252855632408,Discharge only (5)
B0006,163,1.1745952836753915,Linear Regression,1.0468956201085282,Discharge only (5)
B0006,164,1.15381833159625,Linear Regression,1.0394069174760903,Discharge only (5)
B0006,165,1.1644009557372264,Linear Regression,1.0378072196139259,Discharge only (5)
B0006,166,1.1587974947916069,Linear Regression,1.0347595720561227,Discharge only (5)
B0006,167,1.1749748834769171,Linear Regression,1.0824992061402128,Discharge only (5)
B0006,168,1.1856752327929356,Linear Regression,1.085429961923292,Discharge only (5)
B0006,1,2.035337591005598,Random Forest,1.8523511087813562,Discharge only (5)
B0006,2,2.0251402460314116,Random Forest,1.8602375866361365,Discharge only (5)
B0006,3,2.013326371345464,Random Forest,1.8669965058416724,Discharge only (5)
B0006,4,2.0132846655407413,Random Forest,1.8669965058416724,Discharge only (5)
B0006,5,2.000528337624771,Random Forest,1.867020679445238,Discharge only (5)
B0006,6,2.0138990759931645,Random Forest,1.8736239592992667,Discharge only (5)
B0006,7,2.013101105626967,Random Forest,1.8748070176630622,Discharge only (5)
B0006,8,1.9687898262728398,Random Forest,1.8616738822928256,Discharge only (5)
B0006,9,1.9681661764334244,Random Forest,1.8588390742468304,Discharge only (5)
B0006,10,1.9572307917560536,Random Forest,1.8552474976574873,Discharge only (5)
B0006,11,1.9455991514129352,Random Forest,1.8534825743348555,Discharge only (5)
B0006,12,1.9347505044841131,Random Forest,1.851732828727938,Discharge only (5)
B0006,13,1.9232799539368028,Random Forest,1.8436969137088364,Discharge only (5)
B0006,14,1.911889930948487,Random Forest,1.8384336715241667,Discharge only (5)
B0006,15,1.9010667141979305,Random Forest,1.822813921000726,Discharge only (5)
B0006,16,1.8891989948061458,Random Forest,1.8227835933230692,Discharge only (5)
B0006,17,1.878278372248849,Random Forest,1.8149883430910514,Discharge only (5)
B0006,18,1.8675697161520206,Random Forest,1.8157547498772613,Discharge only (5)
B0006,19,1.8675892574453767,Random Forest,1.8161692012193384,Discharge only (5)
B0006,20,1.979626548250818,Random Forest,1.8678687753650955,Discharge only (5)
B0006,21,1.9575499080884022,Random Forest,1.8680323024433114,Discharge only (5)
B0006,22,1.9458150170787551,Random Forest,1.8603916893675956,Discharge only (5)
B0006,23,1.9242461121680094,Random Forest,1.8438588626050865,Discharge only (5)
B0006,24,1.9459811331421641,Random Forest,1.857690068045425,Discharge only (5)
B0006,25,1.901407930553079,Random Forest,1.8140351700580937,Discharge only (5)
B0006,26,1.878674213680085,Random Forest,1.816052297464837,Discharge only (5)
B0006,27,1.8683061328264219,Random Forest,1.8163727923807225,Discharge only (5)
B0006,28,1.8560244070082998,Random Forest,1.8154413164169017,Discharge only (5)
B0006,29,1.8451997961855777,Random Forest,1.8146474489573194,Discharge only (5)
B0006,30,1.857228890885317,Random Forest,1.7755513035303105,Discharge only (5)
B0006,31,1.9247760889090635,Random Forest,1.8123286675819044,Discharge only (5)
B0006,32,1.8822317526092551,Random Forest,1.7860854439052887,Discharge only (5)
B0006,33,1.855276687885587,Random Forest,1.7680399710364219,Discharge only (5)
B0006,34,1.8392508917181876,Random Forest,1.7512912649980585,Discharge only (5)
B0006,35,1.8185396073994429,Random Forest,1.736816888308685,Discharge only (5)
B0006,36,1.8134770059567056,Random Forest,1.7368351255933785,Discharge only (5)
B0006,37,1.7971018450305436,Random Forest,1.7165741514529964,Discharge only (5)
B0006,38,1.7810046294120476,Random Forest,1.7074003940448046,Discharge only (5)
B0006,39,1.7710130422682329,Random Forest,1.6804014104276574,Discharge only (5)
B0006,40,1.7604712448170943,Random Forest,1.6666276435980092,Discharge only (5)
B0006,41,1.7502913788006587,Random Forest,1.6650407400972784,Discharge only (5)
B0006,42,1.7394925037732578,Random Forest,1.6634331116997174,Discharge only (5)
B0006,43,1.7546766553637203,Random Forest,1.6543910130217037,Discharge only (5)
B0006,44,1.7659390941842175,Random Forest,1.666097540192368,Discharge only (5)
B0006,45,1.7337887419624838,Random Forest,1.6400351772347344,Discharge only (5)
B0006,46,1.713325912040734,Random Forest,1.618369792894602,Discharge only (5)
B0006,47,1.7024077813673466,Random Forest,1.6036140093730493,Discharge only (5)
B0006,48,1.82371946178183,Random Forest,1.7320119182824316,Discharge only (5)
B0006,49,1.8081284050314708,Random Forest,1.7170778422404398,Discharge only (5)
B0006,50,1.7757610945034283,Random Forest,1.6805473182582549,Discharge only (5)
B0006,51,1.7447409841836798,Random Forest,1.6494512030446338,Discharge only (5)
B0006,52,1.729207034132373,Random Forest,1.6241295015491486,Discharge only (5)
B0006,53,1.7081086552553244,Random Forest,1.6050402963445272,Discharge only (5)
B0006,54,1.6975954237461768,Random Forest,1.5947789322447903,Discharge only (5)
B0006,55,1.6820634524029463,Random Forest,1.5822367915690618,Discharge only (5)
B0006,56,1.6714768322295086,Random Forest,1.5703447870733611,Discharge only (5)
B0006,57,1.6607591387047655,Random Forest,1.553916573196628,Discharge only (5)
B0006,58,1.651121015038069,Random Forest,1.536607377965141,Discharge only (5)
B0006,59,1.6401349256190927,Random Forest,1.5297643490894024,Discharge only (5)
B0006,60,1.6291999416165441,Random Forest,1.5252160922834674,Discharge only (5)
B0006,61,1.6088496302961666,Random Forest,1.4957109914603448,Discharge only (5)
B0006,62,1.6035244898969248,Random Forest,1.4821701071668887,Discharge only (5)
B0006,63,1.5989712144027983,Random Forest,1.471899456816339,Discharge only (5)
B0006,64,1.5876273123575604,Random Forest,1.4622077079846696,Discharge only (5)
B0006,65,1.5829719744686166,Random Forest,1.4632998516572824,Discharge only (5)
B0006,66,1.567137636713563,Random Forest,1.4502310246620873,Discharge only (5)
B0006,67,1.5613446139713882,Random Forest,1.4472703720018794,Discharge only (5)
B0006,68,1.5511711892790419,Random Forest,1.4338154812536543,Discharge only (5)
B0006,69,1.5406741606295171,Random Forest,1.4228367513866953,Discharge only (5)
B0006,70,1.5253138744624433,Random Forest,1.4099772805707962,Discharge only (5)
B0006,71,1.5301570318067428,Random Forest,1.4093320045752007,Discharge only (5)
B0006,72,1.5246566834474087,Random Forest,1.397900431317613,Discharge only (5)
B0006,73,1.5145492986655427,Random Forest,1.3557179261579,Discharge only (5)
B0006,74,1.509391504602082,Random Forest,1.3457568984473172,Discharge only (5)
B0006,75,1.5039974333050705,Random Forest,1.3414758580860857,Discharge only (5)
B0006,76,1.4935201918040188,Random Forest,1.3390553228255886,Discharge only (5)
B0006,77,1.4876323024497422,Random Forest,1.3357136860780492,Discharge only (5)
B0006,78,1.5302876214401704,Random Forest,1.4061101021271087,Discharge only (5)
B0006,79,1.5040760088360112,Random Forest,1.3400365976863184,Discharge only (5)
B0006,80,1.4887593608730894,Random Forest,1.333517218463206,Discharge only (5)
B0006,81,1.4782779285546637,Random Forest,1.3292764212419619,Discharge only (5)
B0006,82,1.478459982215684,Random Forest,1.3296999080951173,Discharge only (5)
B0006,83,1.473214844899973,Random Forest,1.3296527263278157,Discharge only (5)
B0006,84,1.4675164935067897,Random Forest,1.323756774144973,Discharge only (5)
B0006,85,1.4516292657521335,Random Forest,1.316349542691195,Discharge only (5)
B0006,86,1.4519237720967177,Random Forest,1.3161905234644748,Discharge only (5)
B0006,87,1.4471484694777745,Random Forest,1.3136311364857358,Discharge only (5)
B0006,88,1.4468538105659885,Random Forest,1.3136311364857358,Discharge only (5)
B0006,89,1.4416741930284678,Random Forest,1.3110479520713585,Discharge only (5)
B0006,91,1.5463902376915637,Random Forest,1.3959179215042692,Discharge only (5)
B0006,92,1.51470559175661,Random Forest,1.3405101911753072,Discharge only (5)
B0006,93,1.4989786083335404,Random Forest,1.3346573512416404,Discharge only (5)
B0006,94,1.4831110745410492,Random Forest,1.3293121007767013,Discharge only (5)
B0006,95,1.4729664825468278,Random Forest,1.3193018481449774,Discharge only (5)
B0006,96,1.4627604396099307,Random Forest,1.3170974454512363,Discharge only (5)
B0006,97,1.4518364681062514,Random Forest,1.3130492730798387,Discharge only (5)
B0006,98,1.4468670644030392,Random Forest,1.3039283010389084,Discharge only (5)
B0006,99,1.441380399427779,Random Forest,1.302537358305784,Discharge only (5)
B0006,100,1.431210744960774,Random Forest,1.3016157355292908,Discharge only (5)
B0006,101,1.4260247179525716,Random Forest,1.3010005539160496,Discharge only (5)
B0006,102,1.420487649966195,Random Forest,1.3010005539160496,Discharge only (5)
B0006,103,1.4207006230355006,Random Forest,1.3010005539160496,Discharge only (5)
B0006,104,1.452255804330839,Random Forest,1.3142287873325587,Discharge only (5)
B0006,105,1.431557632772571,Random Forest,1.3013661703404658,Discharge only (5)
B0006,106,1.415015751158943,Random Forest,1.3010005539160496,Discharge only (5)
B0006,107,1.4097311506517451,Random Forest,1.3010005539160496,Discharge only (5)
B0006,108,1.404917318129309,Random Forest,1.3010005539160496,Discharge only (5)
B0006,109,1.395164296571563,Random Forest,1.3010005539160496,Discharge only (5)
B0006,110,1.3945343832614077,Random Forest,1.3010005539160496,Discharge only (5)
B0006,111,1.3893171179312644,Random Forest,1.3010005539160496,Discharge only (5)
B0006,112,1.3838379472327809,Random Forest,1.3007657654967093,Discharge only (5)
B0006,113,1.3736814238195123,Random Forest,1.3007657654967093,Discharge only (5)
B0006,114,1.3786059891863676,Random Forest,1.3007657654967093,Discharge only (5)
B0006,115,1.3737600299108574,Random Forest,1.3007657654967093,Discharge only (5)
B0006,116,1.3682580583942712,Random Forest,1.29847724813635,Discharge only (5)
B0006,117,1.3633024037317505,Random Forest,1.2979614781776967,Discharge only (5)
B0006,118,1.3580966140172601,Random Forest,1.2976796654803626,Discharge only (5)
B0006,119,1.353269090999531,Random Forest,1.2979614781776967,Discharge only (5)
B0006,120,1.3841605738237488,Random Forest,1.3010005539160496,Discharge only (5)
B0006,121,1.4051467790651473,Random Forest,1.3010005539160496,Discharge only (5)
B0006,122,1.378719022627353,Random Forest,1.3010106199212754,Discharge only (5)
B0006,123,1.3682657783199066,Random Forest,1.3003418232052666,Discharge only (5)
B0006,124,1.3573151296618016,Random Forest,1.2979614781776967,Discharge only (5)
B0006,125,1.3524934638801596,Random Forest,1.2976796654803626,Discharge only (5)
B0006,126,1.3474099151661236,Random Forest,1.297590886499621,Discharge only (5)
B0006,127,1.3370075130842318,Random Forest,1.2969734879834485,Discharge only (5)
B0006,128,1.3312352966718526,Random Forest,1.294687467833527,Discharge only (5)
B0006,129,1.3259303781727643,Random Forest,1.2932326872916613,Discharge only (5)
B0006,130,1.321578743867529,Random Forest,1.2920364749047442,Discharge only (5)
B0006,131,1.321225074066109,Random Forest,1.2915760812079693,Discharge only (5)
B0006,132,1.3156485301862682,Random Forest,1.2915760812079693,Discharge only (5)
B0006,133,1.3209025697502388,Random Forest,1.2979614781776967,Discharge only (5)
B0006,134,1.3474328767273906,Random Forest,1.3010005539160496,Discharge only (5)
B0006,135,1.3260128072353616,Random Forest,1.300856450441317,Discharge only (5)
B0006,136,1.3101186784831063,Random Forest,1.2980644826958099,Discharge only (5)
B0006,137,1.30521620229393,Random Forest,1.2979614781776967,Discharge only (5)
B0006,138,1.3004061951355774,Random Forest,1.2979614781776967,Discharge only (5)
B0006,139,1.300235735841116,Random Forest,1.2979614781776967,Discharge only (5)
B0006,140,1.2895066722480755,Random Forest,1.2976796654803626,Discharge only (5)
B0006,141,1.279253057384795,Random Forest,1.2970286728564369,Discharge only (5)
B0006,142,1.2792078171714618,Random Forest,1.294687467833527,Discharge only (5)
B0006,143,1.274036760902923,Random Forest,1.2931409170949788,Discharge only (5)
B0006,144,1.2741273923001468,Random Forest,1.2958382818885676,Discharge only (5)
B0006,145,1.2637639426440779,Random Forest,1.2931409170949788,Discharge only (5)
B0006,146,1.2581373688955233,Random Forest,1.2915760812079693,Discharge only (5)
B0006,147,1.253259864055301,Random Forest,1.2915760812079693,Discharge only (5)
B0006,148,1.2532313315493426,Random Forest,1.2915760812079693,Discharge only (5)
B0006,149,1.2480874960313577,Random Forest,1.2915760812079693,Discharge only (5)
B0006,150,1.2534354284944844,Random Forest,1.2915760812079693,Discharge only (5)
B0006,151,1.2898048773266901,Random Forest,1.2915760812079693,Discharge only (5)
B0006,152,1.2635402021758835,Random Forest,1.2915760812079693,Discharge only (5)
B0006,153,1.2479761706842853,Random Forest,1.2915760812079693,Discharge only (5)
B0006,154,1.2321202877943334,Random Forest,1.2915760812079693,Discharge only (5)
B0006,155,1.2271137666213534,Random Forest,1.2915760812079693,Discharge only (5)
B0006,156,1.2217397581377356,Random Forest,1.2915760812079693,Discharge only (5)
B0006,157,1.211102678915174,Random Forest,1.2915760812079693,Discharge only (5)
B0006,158,1.2056159765131735,Random Forest,1.2915760812079693,Discharge only (5)
B0006,159,1.2008936262717274,Random Forest,1.2915760812079693,Discharge only (5)
B0006,160,1.1905903985558335,Random Forest,1.2915760812079693,Discharge only (5)
B0006,161,1.185179251041941,Random Forest,1.2915760812079693,Discharge only (5)
B0006,162,1.1796706818144624,Random Forest,1.2915760812079693,Discharge only (5)
B0006,163,1.1745952836753915,Random Forest,1.2915760812079693,Discharge only (5)
B0006,164,1.15381833159625,Random Forest,1.2915760812079693,Discharge only (5)
B0006,165,1.1644009557372264,Random Forest,1.2915760812079693,Discharge only (5)
B0006,166,1.1587974947916069,Random Forest,1.2915760812079693,Discharge only (5)
B0006,167,1.1749748834769171,Random Forest,1.2915760812079693,Discharge only (5)
B0006,168,1.1856752327929356,Random Forest,1.2915760812079693,Discharge only (5)
B0006,1,2.035337591005598,XGBoost,1.8646997213363647,Discharge only (5)
B0006,2,2.0251402460314116,XGBoost,1.8583155870437622,Discharge only (5)
B0006,3,2.013326371345464,XGBoost,1.8597443103790283,Discharge only (5)
B0006,4,2.0132846655407413,XGBoost,1.857515573501587,Discharge only (5)
B0006,5,2.000528337624771,XGBoost,1.859035849571228,Discharge only (5)
B0006,6,2.0138990759931645,XGBoost,1.8699824810028076,Discharge only (5)
B0006,7,2.013101105626967,XGBoost,1.8741129636764526,Discharge only (5)
B0006,8,1.9687898262728398,XGBoost,1.855345368385315,Discharge only (5)
B0006,9,1.9681661764334244,XGBoost,1.8555269241333008,Discharge only (5)
B0006,10,1.9572307917560536,XGBoost,1.8523362874984741,Discharge only (5)
B0006,11,1.9455991514129352,XGBoost,1.8512609004974365,Discharge only (5)
B0006,12,1.9347505044841131,XGBoost,1.8507730960845947,Discharge only (5)
B0006,13,1.9232799539368028,XGBoost,1.8535263538360596,Discharge only (5)
B0006,14,1.911889930948487,XGBoost,1.8338587284088135,Discharge only (5)
B0006,15,1.9010667141979305,XGBoost,1.8334275484085083,Discharge only (5)
B0006,16,1.8891989948061458,XGBoost,1.8332971334457397,Discharge only (5)
B0006,17,1.878278372248849,XGBoost,1.8260982036590576,Discharge only (5)
B0006,18,1.8675697161520206,XGBoost,1.8165794610977173,Discharge only (5)
B0006,19,1.8675892574453767,XGBoost,1.821946144104004,Discharge only (5)
B0006,20,1.979626548250818,XGBoost,1.868281364440918,Discharge only (5)
B0006,21,1.9575499080884022,XGBoost,1.8724217414855957,Discharge only (5)
B0006,22,1.9458150170787551,XGBoost,1.862090826034546,Discharge only (5)
B0006,23,1.9242461121680094,XGBoost,1.8544065952301025,Discharge only (5)
B0006,24,1.9459811331421641,XGBoost,1.8609778881072998,Discharge only (5)
B0006,25,1.901407930553079,XGBoost,1.8314992189407349,Discharge only (5)
B0006,26,1.878674213680085,XGBoost,1.8252339363098145,Discharge only (5)
B0006,27,1.8683061328264219,XGBoost,1.8311259746551514,Discharge only (5)
B0006,28,1.8560244070082998,XGBoost,1.826624870300293,Discharge only (5)
B0006,29,1.8451997961855777,XGBoost,1.8310234546661377,Discharge only (5)
B0006,30,1.857228890885317,XGBoost,1.7849727869033813,Discharge only (5)
B0006,31,1.9247760889090635,XGBoost,1.8277862071990967,Discharge only (5)
B0006,32,1.8822317526092551,XGBoost,1.8061965703964233,Discharge only (5)
B0006,33,1.855276687885587,XGBoost,1.783084511756897,Discharge only (5)
B0006,34,1.8392508917181876,XGBoost,1.775948166847229,Discharge only (5)
B0006,35,1.8185396073994429,XGBoost,1.7666404247283936,Discharge only (5)
B0006,36,1.8134770059567056,XGBoost,1.7649638652801514,Discharge only (5)
B0006,37,1.7971018450305436,XGBoost,1.7400215864181519,Discharge only (5)
B0006,38,1.7810046294120476,XGBoost,1.731637954711914,Discharge only (5)
B0006,39,1.7710130422682329,XGBoost,1.7089775800704956,Discharge only (5)
B0006,40,1.7604712448170943,XGBoost,1.6932640075683594,Discharge only (5)
B0006,41,1.7502913788006587,XGBoost,1.6866596937179565,Discharge only (5)
B0006,42,1.7394925037732578,XGBoost,1.6828792095184326,Discharge only (5)
B0006,43,1.7546766553637203,XGBoost,1.657528042793274,Discharge only (5)
B0006,44,1.7659390941842175,XGBoost,1.6968151330947876,Discharge only (5)
B0006,45,1.7337887419624838,XGBoost,1.6375248432159424,Discharge only (5)
B0006,46,1.713325912040734,XGBoost,1.6240196228027344,Discharge only (5)
B0006,47,1.7024077813673466,XGBoost,1.613959789276123,Discharge only (5)
B0006,48,1.82371946178183,XGBoost,1.7507133483886719,Discharge only (5)
B0006,49,1.8081284050314708,XGBoost,1.7252475023269653,Discharge only (5)
B0006,50,1.7757610945034283,XGBoost,1.708932876586914,Discharge only (5)
B0006,51,1.7447409841836798,XGBoost,1.666124939918518,Discharge only (5)
B0006,52,1.729207034132373,XGBoost,1.6386983394622803,Discharge only (5)
B0006,53,1.7081086552553244,XGBoost,1.6158747673034668,Discharge only (5)
B0006,54,1.6975954237461768,XGBoost,1.6034892797470093,Discharge only (5)
B0006,55,1.6820634524029463,XGBoost,1.5892446041107178,Discharge only (5)
B0006,56,1.6714768322295086,XGBoost,1.5673422813415527,Discharge only (5)
B0006,57,1.6607591387047655,XGBoost,1.5569967031478882,Discharge only (5)
B0006,58,1.651121015038069,XGBoost,1.5473090410232544,Discharge only (5)
B0006,59,1.6401349256190927,XGBoost,1.5349609851837158,Discharge only (5)
B0006,60,1.6291999416165441,XGBoost,1.5291459560394287,Discharge only (5)
B0006,61,1.6088496302961666,XGBoost,1.5129263401031494,Discharge only (5)
B0006,62,1.6035244898969248,XGBoost,1.4992454051971436,Discharge only (5)
B0006,63,1.5989712144027983,XGBoost,1.483458161354065,Discharge only (5)
B0006,64,1.5876273123575604,XGBoost,1.4858651161193848,Discharge only (5)
B0006,65,1.5829719744686166,XGBoost,1.4725172519683838,Discharge only (5)
B0006,66,1.567137636713563,XGBoost,1.4501938819885254,Discharge only (5)
B0006,67,1.5613446139713882,XGBoost,1.4445061683654785,Discharge only (5)
B0006,68,1.5511711892790419,XGBoost,1.4286116361618042,Discharge only (5)
B0006,69,1.5406741606295171,XGBoost,1.4197992086410522,Discharge only (5)
B0006,70,1.5253138744624433,XGBoost,1.4083900451660156,Discharge only (5)
B0006,71,1.5301570318067428,XGBoost,1.3994470834732056,Discharge only (5)
B0006,72,1.5246566834474087,XGBoost,1.39202082157135,Discharge only (5)
B0006,73,1.5145492986655427,XGBoost,1.3765755891799927,Discharge only (5)
B0006,74,1.509391504602082,XGBoost,1.370432734489441,Discharge only (5)
B0006,75,1.5039974333050705,XGBoost,1.3596946001052856,Discharge only (5)
B0006,76,1.4935201918040188,XGBoost,1.3571791648864746,Discharge only (5)
B0006,77,1.4876323024497422,XGBoost,1.3530129194259644,Discharge only (5)
B0006,78,1.5302876214401704,XGBoost,1.3945566415786743,Discharge only (5)
B0006,79,1.5040760088360112,XGBoost,1.358883023262024,Discharge only (5)
B0006,80,1.4887593608730894,XGBoost,1.3519198894500732,Discharge only (5)
B0006,81,1.4782779285546637,XGBoost,1.349234938621521,Discharge only (5)
B0006,82,1.478459982215684,XGBoost,1.3489652872085571,Discharge only (5)
B0006,83,1.473214844899973,XGBoost,1.3495633602142334,Discharge only (5)
B0006,84,1.4675164935067897,XGBoost,1.3400013446807861,Discharge only (5)
B0006,85,1.4516292657521335,XGBoost,1.3290685415267944,Discharge only (5)
B0006,86,1.4519237720967177,XGBoost,1.3217461109161377,Discharge only (5)
B0006,87,1.4471484694777745,XGBoost,1.3099744319915771,Discharge only (5)
B0006,88,1.4468538105659885,XGBoost,1.3135571479797363,Discharge only (5)
B0006,89,1.4416741930284678,XGBoost,1.3054721355438232,Discharge only (5)
B0006,91,1.5463902376915637,XGBoost,1.3890844583511353,Discharge only (5)
B0006,92,1.51470559175661,XGBoost,1.3587113618850708,Discharge only (5)
B0006,93,1.4989786083335404,XGBoost,1.352073311805725,Discharge only (5)
B0006,94,1.4831110745410492,XGBoost,1.3448307514190674,Discharge only (5)
B0006,95,1.4729664825468278,XGBoost,1.3324816226959229,Discharge only (5)
B0006,96,1.4627604396099307,XGBoost,1.3326425552368164,Discharge only (5)
B0006,97,1.4518364681062514,XGBoost,1.3277373313903809,Discharge only (5)
B0006,98,1.4468670644030392,XGBoost,1.3218021392822266,Discharge only (5)
B0006,99,1.441380399427779,XGBoost,1.3061976432800293,Discharge only (5)
B0006,100,1.431210744960774,XGBoost,1.3031723499298096,Discharge only (5)
B0006,101,1.4260247179525716,XGBoost,1.3008421659469604,Discharge only (5)
B0006,102,1.420487649966195,XGBoost,1.2981544733047485,Discharge only (5)
B0006,103,1.4207006230355006,XGBoost,1.2938570976257324,Discharge only (5)
B0006,104,1.452255804330839,XGBoost,1.328098177909851,Discharge only (5)
B0006,105,1.431557632772571,XGBoost,1.3008421659469604,Discharge only (5)
B0006,106,1.415015751158943,XGBoost,1.2981544733047485,Discharge only (5)
B0006,107,1.4097311506517451,XGBoost,1.293272614479065,Discharge only (5)
B0006,108,1.404917318129309,XGBoost,1.2938570976257324,Discharge only (5)
B0006,109,1.395164296571563,XGBoost,1.2938570976257324,Discharge only (5)
B0006,110,1.3945343832614077,XGBoost,1.2938570976257324,Discharge only (5)
B0006,111,1.3893171179312644,XGBoost,1.2942181825637817,Discharge only (5)
B0006,112,1.3838379472327809,XGBoost,1.2946709394454956,Discharge only (5)
B0006,113,1.3736814238195123,XGBoost,1.2946709394454956,Discharge only (5)
B0006,114,1.3786059891863676,XGBoost,1.2946709394454956,Discharge only (5)
B0006,115,1.3737600299108574,XGBoost,1.2946709394454956,Discharge only (5)
B0006,116,1.3682580583942712,XGBoost,1.2946709394454956,Discharge only (5)
B0006,117,1.3633024037317505,XGBoost,1.294788122177124,Discharge only (5)
B0006,118,1.3580966140172601,XGBoost,1.294788122177124,Discharge only (5)
B0006,119,1.353269090999531,XGBoost,1.2946709394454956,Discharge only (5)
B0006,120,1.3841605738237488,XGBoost,1.2981544733047485,Discharge only (5)
B0006,121,1.4051467790651473,XGBoost,1.293272614479065,Discharge only (5)
B0006,122,1.378719022627353,XGBoost,1.2942181825637817,Discharge only (5)
B0006,123,1.3682657783199066,XGBoost,1.2946709394454956,Discharge only (5)
B0006,124,1.3573151296618016,XGBoost,1.294788122177124,Discharge only (5)
B0006,125,1.3524934638801596,XGBoost,1.294788122177124,Discharge only (5)
B0006,126,1.3474099151661236,XGBoost,1.294788122177124,Discharge only (5)
B0006,127,1.3370075130842318,XGBoost,1.2929191589355469,Discharge only (5)
B0006,128,1.3312352966718526,XGBoost,1.2916069030761719,Discharge only (5)
B0006,129,1.3259303781727643,XGBoost,1.2916069030761719,Discharge only (5)
B0006,130,1.321578743867529,XGBoost,1.2916069030761719,Discharge only (5)
B0006,131,1.321225074066109,XGBoost,1.2899763584136963,Discharge only (5)
B0006,132,1.3156485301862682,XGBoost,1.2899763584136963,Discharge only (5)
B0006,133,1.3209025697502388,XGBoost,1.294788122177124,Discharge only (5)
B0006,134,1.3474328767273906,XGBoost,1.2938570976257324,Discharge only (5)
B0006,135,1.3260128072353616,XGBoost,1.2942181825637817,Discharge only (5)
B0006,136,1.3101186784831063,XGBoost,1.2946709394454956,Discharge only (5)
B0006,137,1.30521620229393,XGBoost,1.294788122177124,Discharge only (5)
B0006,138,1.3004061951355774,XGBoost,1.294788122177124,Discharge only (5)
B0006,139,1.300235735841116,XGBoost,1.2946709394454956,Discharge only (5)
B0006,140,1.2895066722480755,XGBoost,1.294788122177124,Discharge only (5)
B0006,141,1.279253057384795,XGBoost,1.2936017513275146,Discharge only (5)
B0006,142,1.2792078171714618,XGBoost,1.2916069030761719,Discharge only (5)
B0006,143,1.274036760902923,XGBoost,1.2916069030761719,Discharge only (5)
B0006,144,1.2741273923001468,XGBoost,1.2928011417388916,Discharge only (5)
B0006,145,1.2637639426440779,XGBoost,1.2916069030761719,Discharge only (5)
B0006,146,1.2581373688955233,XGBoost,1.2899763584136963,Discharge only (5)
B0006,147,1.253259864055301,XGBoost,1.2899763584136963,Discharge only (5)
B0006,148,1.2532313315493426,XGBoost,1.2899763584136963,Discharge only (5)
B0006,149,1.2480874960313577,XGBoost,1.2899763584136963,Discharge only (5)
B0006,150,1.2534354284944844,XGBoost,1.2899763584136963,Discharge only (5)
B0006,151,1.2898048773266901,XGBoost,1.2899763584136963,Discharge only (5)
B0006,152,1.2635402021758835,XGBoost,1.2899763584136963,Discharge only (5)
B0006,153,1.2479761706842853,XGBoost,1.2899763584136963,Discharge only (5)
B0006,154,1.2321202877943334,XGBoost,1.2899763584136963,Discharge only (5)
B0006,155,1.2271137666213534,XGBoost,1.2899763584136963,Discharge only (5)
B0006,156,1.2217397581377356,XGBoost,1.2899763584136963,Discharge only (5)
B0006,157,1.211102678915174,XGBoost,1.2899763584136963,Discharge only (5)
B0006,158,1.2056159765131735,XGBoost,1.2899763584136963,Discharge only (5)
B0006,159,1.2008936262717274,XGBoost,1.2899763584136963,Discharge only (5)
B0006,160,1.1905903985558335,XGBoost,1.2899763584136963,Discharge only (5)
B0006,161,1.185179251041941,XGBoost,1.2899763584136963,Discharge only (5)
B0006,162,1.1796706818144624,XGBoost,1.2899763584136963,Discharge only (5)
B0006,163,1.1745952836753915,XGBoost,1.2899763584136963,Discharge only (5)
B0006,164,1.15381833159625,XGBoost,1.2899763584136963,Discharge only (5)
B0006,165,1.1644009557372264,XGBoost,1.2899763584136963,Discharge only (5)
B0006,166,1.1587974947916069,XGBoost,1.2899763584136963,Discharge only (5)
B0006,167,1.1749748834769171,XGBoost,1.2899763584136963,Discharge only (5)
B0006,168,1.1856752327929356,XGBoost,1.2899763584136963,Discharge only (5)
B0007,1,1.89105229539079,Linear Regression,1.7960539982825394,Discharge only (5)
B0007,2,1.880637027686859,Linear Regression,1.8307121159258173,Discharge only (5)
B0007,3,1.8806626717011388,Linear Regression,1.8344740951942864,Discharge only (5)
B0007,4,1.8807709009833444,Linear Regression,1.8491595822611413,Discharge only (5)
B0007,5,1.8794508728285058,Linear Regression,1.8487816345185,Discharge only (5)
B0007,6,1.8807003517117404,Linear Regression,1.848634868479429,Discharge only (5)
B0007,7,1.8799352523566075,Linear Regression,1.8473352691338563,Discharge only (5)
B0007,8,1.8815088124038797,Linear Regression,1.8499290506422588,Discharge only (5)
B0007,9,1.8696907870385844,Linear Regression,1.8486103508477347,Discharge only (5)
B0007,10,1.870052380139199,Linear Regression,1.8503151096200443,Discharge only (5)
B0007,11,1.8700442394188577,Linear Regression,1.8500504697532156,Discharge only (5)
B0007,12,1.8596518987766364,Linear Regression,1.849299243312787,Discharge only (5)
B0007,13,1.8590746560862206,Linear Regression,1.8516320102665238,Discharge only (5)
B0007,14,1.8590084577709232,Linear Regression,1.8495928691031636,Discharge only (5)
B0007,15,1.8593622586957048,Linear Regression,1.8519830875056107,Discharge only (5)
B0007,16,1.8587355450601035,Linear Regression,1.8347058936424636,Discharge only (5)
B0007,17,1.847817291322145,Linear Regression,1.8374067383549528,Discharge only (5)
B0007,18,1.8485252916137047,Linear Regression,1.8383661713926678,Discharge only (5)
B0007,19,1.848378951850034,Linear Regression,1.8380553319277244,Discharge only (5)
B0007,20,1.8807805437609766,Linear Regression,1.8706846893851659,Discharge only (5)
B0007,21,1.8814721597443598,Linear Regression,1.8840310275378358,Discharge only (5)
B0007,22,1.8810954313244785,Linear Regression,1.8733433191448443,Discharge only (5)
B0007,23,1.8710089649779995,Linear Regression,1.8594961368399479,Discharge only (5)
B0007,24,1.8701995151941375,Linear Regression,1.8747134923367696,Discharge only (5)
B0007,25,1.8706715362800985,Linear Regression,1.8590355865964892,Discharge only (5)
B0007,26,1.8596124644020169,Linear Regression,1.8626340148227838,Discharge only (5)
B0007,27,1.860033909718346,Linear Regression,1.846581266705958,Discharge only (5)
B0007,28,1.8591653109160768,Linear Regression,1.84631261251412,Discharge only (5)
B0007,29,1.8481398178778288,Linear Regression,1.8454222517982384,Discharge only (5)
B0007,30,1.849201702126164,Linear Regression,1.8345617072959777,Discharge only (5)
B0007,31,1.8834677437950846,Linear Regression,1.883331595478543,Discharge only (5)
B0007,32,1.8628211117905844,Linear Regression,1.8944870003672243,Discharge only (5)
B0007,33,1.852085039652352,Linear Regression,1.8978531233536864,Discharge only (5)
B0007,34,1.8469504648208708,Linear Regression,1.8786481719672738,Discharge only (5)
B0007,35,1.836828431169018,Linear Regression,1.8700075536439795,Discharge only (5)
B0007,36,1.8371619619672275,Linear Regression,1.8699220133814338,Discharge only (5)
B0007,37,1.8316722583718854,Linear Regression,1.8574740261961202,Discharge only (5)
B0007,38,1.8211470951317783,Linear Regression,1.8511891324428857,Discharge only (5)
B0007,39,1.816506091511515,Linear Regression,1.8439090290209192,Discharge only (5)
B0007,40,1.8113815601504555,Linear Regression,1.8329857866950456,Discharge only (5)
B0007,41,1.8116056333939583,Linear Regression,1.8397984217239867,Discharge only (5)
B0007,42,1.8060548955557403,Linear Regression,1.8269658435056804,Discharge only (5)
B0007,43,1.8132041826994056,Linear Regression,1.7799283423659653,Discharge only (5)
B0007,44,1.8062641938283535,Linear Regression,1.8321938452479691,Discharge only (5)
B0007,45,1.7958310249900458,Linear Regression,1.8263466228209226,Discharge only (5)
B0007,46,1.7858852600390451,Linear Regression,1.8082139653517886,Discharge only (5)
B0007,47,1.7803268604502753,Linear Regression,1.7939978358698467,Discharge only (5)
B0007,48,1.8150756899575577,Linear Regression,1.8861797026404366,Discharge only (5)
B0007,49,1.8157025154845838,Linear Regression,1.8562004140584694,Discharge only (5)
B0007,50,1.8002432178056673,Linear Regression,1.8301635154117883,Discharge only (5)
B0007,51,1.7904476205609308,Linear Regression,1.813535425041332,Discharge only (5)
B0007,52,1.780343032300132,Linear Regression,1.7939070134471264,Discharge only (5)
B0007,53,1.775328769596812,Linear Regression,1.7926313793536157,Discharge only (5)
B0007,54,1.7702629734732853,Linear Regression,1.7860870615584534,Discharge only (5)
B0007,55,1.760081061854204,Linear Regression,1.7734175665754504,Discharge only (5)
B0007,56,1.749647593537689,Linear Regression,1.7716755082522844,Discharge only (5)
B0007,57,1.749650075059311,Linear Regression,1.7565598892995773,Discharge only (5)
B0007,58,1.745028739214683,Linear Regression,1.7465768406981974,Discharge only (5)
B0007,59,1.7396457455286727,Linear Regression,1.7502622649832922,Discharge only (5)
B0007,60,1.7285642277717963,Linear Regression,1.7373977098156965,Discharge only (5)
B0007,61,1.723900324588418,Linear Regression,1.72859401931671,Discharge only (5)
B0007,62,1.7139788776485192,Linear Regression,1.719589599424558,Discharge only (5)
B0007,63,1.7139701997004613,Linear Regression,1.7126606850999322,Discharge only (5)
B0007,64,1.7036521173638766,Linear Regression,1.7218471130309734,Discharge only (5)
B0007,65,1.7040137474382486,Linear Regression,1.7104007263011536,Discharge only (5)
B0007,66,1.6935716157343033,Linear Regression,1.697028850737359,Discharge only (5)
B0007,67,1.6876577363877656,Linear Regression,1.675892807373417,Discharge only (5)
B0007,68,1.6830744356583152,Linear Regression,1.6753794982518402,Discharge only (5)
B0007,69,1.6779270142025482,Linear Regression,1.6674857616423229,Discharge only (5)
B0007,70,1.6732060275966172,Linear Regression,1.6624304834559638,Discharge only (5)
B0007,71,1.6674367208253988,Linear Regression,1.6615655710414077,Discharge only (5)
B0007,72,1.6622662630667526,Linear Regression,1.6496434095410875,Discharge only (5)
B0007,73,1.6574243065763063,Linear Regression,1.6424015775394905,Discharge only (5)
B0007,74,1.652538684928734,Linear Regression,1.6383054145300613,Discharge only (5)
B0007,75,1.6472174627573322,Linear Regression,1.6306655139232689,Discharge only (5)
B0007,76,1.6364136810898071,Linear Regression,1.6167994733382145,Discharge only (5)
B0007,77,1.6362554312048496,Linear Regression,1.6140582715602396,Discharge only (5)
B0007,78,1.641119179218384,Linear Regression,1.6259719690022607,Discharge only (5)
B0007,79,1.6315700789656966,Linear Regression,1.6100616409360515,Discharge only (5)
B0007,80,1.621213282987236,Linear Regression,1.589626097028498,Discharge only (5)
B0007,81,1.6164273214762122,Linear Regression,1.590771565870625,Discharge only (5)
B0007,82,1.615823510161921,Linear Regression,1.5934322139344292,Discharge only (5)
B0007,83,1.61672418029789,Linear Regression,1.5916737597742592,Discharge only (5)
B0007,84,1.6108655863730026,Linear Regression,1.5840246256155763,Discharge only (5)
B0007,85,1.6006603374309376,Linear Regression,1.5807227190586086,Discharge only (5)
B0007,86,1.5959174487005663,Linear Regression,1.5682230046708623,Discharge only (5)
B0007,87,1.5962179519462243,Linear Regression,1.56197630937783,Discharge only (5)
B0007,88,1.5958065114633972,Linear Regression,1.563929471395392,Discharge only (5)
B0007,89,1.5906507821480704,Linear Regression,1.5577290493106684,Discharge only (5)
B0007,91,1.6259938279733204,Linear Regression,1.589279663827448,Discharge only (5)
B0007,92,1.6157433862812898,Linear Regression,1.5839762174646796,Discharge only (5)
B0007,93,1.6056626764846538,Linear Regression,1.5778723760345859,Discharge only (5)
B0007,94,1.5949746921524348,Linear Regression,1.5730986395896103,Discharge only (5)
B0007,95,1.5904102438871945,Linear Regression,1.5581005742635214,Discharge only (5)
B0007,96,1.5853517062988178,Linear Regression,1.5537436349999936,Discharge only (5)
B0007,97,1.5799737147242376,Linear Regression,1.5546906741314863,Discharge only (5)
B0007,98,1.5752185465278068,Linear Regression,1.5472889364675633,Discharge only (5)
B0007,99,1.569798484648868,Linear Regression,1.541812459215166,Discharge only (5)
B0007,100,1.5702565375950357,Linear Regression,1.54243164657284,Discharge only (5)
B0007,101,1.565249873909438,Linear Regression,1.5356329881854414,Discharge only (5)
B0007,102,1.559633933561147,Linear Regression,1.5284421357890325,Discharge only (5)
B0007,103,1.5649820533392105,Linear Regression,1.5338892247429128,Discharge only (5)
B0007,104,1.57497949984227,Linear Regression,1.5397006650736342,Discharge only (5)
B0007,105,1.5652811168780458,Linear Regression,1.5333939278046678,Discharge only (5)
B0007,106,1.559755497470126,Linear Regression,1.5172597024918661,Discharge only (5)
B0007,107,1.549897685670499,Linear Regression,1.5222351676788917,Discharge only (5)
B0007,108,1.5438771531345021,Linear Regression,1.5105789410901544,Discharge only (5)
B0007,109,1.5450187488690073,Linear Regression,1.513139217012614,Discharge only (5)
B0007,110,1.5445940154102908,Linear Regression,1.5052892116278576,Discharge only (5)
B0007,111,1.5343086721758876,Linear Regression,1.5016067048743729,Discharge only (5)
B0007,112,1.5287603942958483,Linear Regression,1.4930207007247671,Discharge only (5)
B0007,113,1.5289260249179843,Linear Regression,1.4984201325350521,Discharge only (5)
B0007,114,1.529091650133123,Linear Regression,1.4922173031917023,Discharge only (5)
B0007,115,1.5239059324661248,Linear Regression,1.4886162342404587,Discharge only (5)
B0007,116,1.5186675419100615,Linear Regression,1.4905372174025107,Discharge only (5)
B0007,117,1.5136482266426952,Linear Regression,1.4757051563652133,Discharge only (5)
B0007,118,1.5136050185229033,Linear Regression,1.4810821625732125,Discharge only (5)
B0007,119,1.5139470614867965,Linear Regression,1.4728245911589253,Discharge only (5)
B0007,120,1.5339599193158786,Linear Regression,1.526608815958571,Discharge only (5)
B0007,121,1.5391372798653098,Linear Regression,1.5075575052950567,Discharge only (5)
B0007,122,1.5236247972838737,Linear Regression,1.5021023718404543,Discharge only (5)
B0007,123,1.5135813035589147,Linear Regression,1.4889515552578927,Discharge only (5)
B0007,124,1.5077850749847914,Linear Regression,1.4872248701720387,Discharge only (5)
B0007,125,1.5031960676037333,Linear Regression,1.481798271877445,Discharge only (5)
B0007,126,1.4978220596995881,Linear Regression,1.47499488356563,Discharge only (5)
B0007,127,1.492848534633516,Linear Regression,1.476976967803463,Discharge only (5)
B0007,128,1.492414389867026,Linear Regression,1.4628849455859936,Discharge only (5)
B0007,129,1.487482776538081,Linear Regression,1.4557776258623836,Discharge only (5)
B0007,130,1.482535148640411,Linear Regression,1.4637366088346542,Discharge only (5)
B0007,131,1.4827874322228984,Linear Regression,1.4583744322833292,Discharge only (5)
B0007,132,1.476971179775059,Linear Regression,1.4507262624440218,Discharge only (5)
B0007,133,1.4819015554137276,Linear Regression,1.4908862557082947,Discharge only (5)
B0007,134,1.4981366198874824,Linear Regression,1.4731102564542005,Discharge only (5)
B0007,135,1.4820775214392872,Linear Regression,1.4702710591052126,Discharge only (5)
B0007,136,1.4771155312812152,Linear Regression,1.4583037631460714,Discharge only (5)
B0007,137,1.4720772783056488,Linear Regression,1.451207428384423,Discharge only (5)
B0007,138,1.472248013656454,Linear Regression,1.4573115170068185,Discharge only (5)
B0007,139,1.4670106672274665,Linear Regression,1.4525754295544742,Discharge only (5)
B0007,140,1.4617672495335379,Linear Regression,1.4472710174430545,Discharge only (5)
B0007,141,1.4566952670489708,Linear Regression,1.4437836540054767,Discharge only (5)
B0007,142,1.451354972758956,Linear Regression,1.433360602579565,Discharge only (5)
B0007,143,1.451615926257375,Linear Regression,1.4295310498976277,Discharge only (5)
B0007,144,1.4468161332173683,Linear Regression,1.4348803596336812,Discharge only (5)
B0007,145,1.4467570607768785,Linear Regression,1.4290264251441833,Discharge only (5)
B0007,146,1.4413797481446793,Linear Regression,1.431128947480809,Discharge only (5)
B0007,147,1.4362456252208178,Linear Regression,1.4197299962207441,Discharge only (5)
B0007,148,1.4368154153924828,Linear Regression,1.4195585910057391,Discharge only (5)
B0007,149,1.4362945145860047,Linear Regression,1.4219688474766796,Discharge only (5)
B0007,150,1.4418575315878015,Linear Regression,1.4393433873629475,Discharge only (5)
B0007,151,1.4672063484781797,Linear Regression,1.437680288965496,Discharge only (5)
B0007,152,1.4518640367848885,Linear Regression,1.436349316931972,Discharge only (5)
B0007,153,1.4471379752748499,Linear Regression,1.4319395320506154,Discharge only (5)
B0007,154,1.441790586562399,Linear Regression,1.4242678385358067,Discharge only (5)
B0007,155,1.431630947911111,Linear Regression,1.417875234081698,Discharge only (5)
B0007,156,1.4318084249673686,Linear Regression,1.4123840170463116,Discharge only (5)
B0007,157,1.4262562585106868,Linear Regression,1.4135071340283334,Discharge only (5)
B0007,158,1.4260877528924913,Linear Regression,1.4131004870396706,Discharge only (5)
B0007,159,1.4212633510031694,Linear Regression,1.4079692492161586,Discharge only (5)
B0007,160,1.4163272748795108,Linear Regression,1.4073588391507088,Discharge only (5)
B0007,161,1.4165781829175994,Linear Regression,1.4006097214607047,Discharge only (5)
B0007,162,1.4108401729425177,Linear Regression,1.4008239431220695,Discharge only (5)
B0007,163,1.4109949628347804,Linear Regression,1.40252744985408,Discharge only (5)
B0007,164,1.4061714290398801,Linear Regression,1.4019978356503422,Discharge only (5)
B0007,165,1.4063358479692922,Linear Regression,1.3949504474875074,Discharge only (5)
B0007,166,1.4004552399066514,Linear Regression,1.3882087818422617,Discharge only (5)
B0007,167,1.4217865046055154,Linear Regression,1.4518401239489185,Discharge only (5)
B0007,168,1.4324552720625434,Linear Regression,1.4204688122289617,Discharge only (5)
B0007,1,1.89105229539079,Random Forest,1.8745047726790594,Discharge only (5)
B0007,2,1.880637027686859,Random Forest,1.9415444356329816,Discharge only (5)
B0007,3,1.8806626717011388,Random Forest,1.9430008627508655,Discharge only (5)
B0007,4,1.8807709009833444,Random Forest,1.9467735628538885,Discharge only (5)
B0007,5,1.8794508728285058,Random Forest,1.9461783623178002,Discharge only (5)
B0007,6,1.8807003517117404,Random Forest,1.9465160390173215,Discharge only (5)
B0007,7,1.8799352523566075,Random Forest,1.9457405800801013,Discharge only (5)
B0007,8,1.8815088124038797,Random Forest,1.953748718247101,Discharge only (5)
B0007,9,1.8696907870385844,Random Forest,1.945604428857907,Discharge only (5)
B0007,10,1.870052380139199,Random Forest,1.9460883466935783,Discharge only (5)
B0007,11,1.8700442394188577,Random Forest,1.9460883466935783,Discharge only (5)
B0007,12,1.8596518987766364,Random Forest,1.9534819534056984,Discharge only (5)
B0007,13,1.8590746560862206,Random Forest,1.9535617673228471,Discharge only (5)
B0007,14,1.8590084577709232,Random Forest,1.946073335518696,Discharge only (5)
B0007,15,1.8593622586957048,Random Forest,1.9543397456221714,Discharge only (5)
B0007,16,1.8587355450601035,Random Forest,1.942937585143371,Discharge only (5)
B0007,17,1.847817291322145,Random Forest,1.9430545806300075,Discharge only (5)
B0007,18,1.8485252916137047,Random Forest,1.9416711211453315,Discharge only (5)
B0007,19,1.848378951850034,Random Forest,1.9431625837410345,Discharge only (5)
B0007,20,1.8807805437609766,Random Forest,1.9664003045850995,Discharge only (5)
B0007,21,1.8814721597443598,Random Forest,1.969891079945458,Discharge only (5)
B0007,22,1.8810954313244785,Random Forest,1.9664755009361634,Discharge only (5)
B0007,23,1.8710089649779995,Random Forest,1.953680215155726,Discharge only (5)
B0007,24,1.8701995151941375,Random Forest,1.9648391612806742,Discharge only (5)
B0007,25,1.8706715362800985,Random Forest,1.9547174778867529,Discharge only (5)
B0007,26,1.8596124644020169,Random Forest,1.9545679606418396,Discharge only (5)
B0007,27,1.860033909718346,Random Forest,1.9227753941144048,Discharge only (5)
B0007,28,1.8591653109160768,Random Forest,1.9361039366496267,Discharge only (5)
B0007,29,1.8481398178778288,Random Forest,1.9057552264864026,Discharge only (5)
B0007,30,1.849201702126164,Random Forest,1.916777743837222,Discharge only (5)
B0007,31,1.8834677437950846,Random Forest,1.902692421478468,Discharge only (5)
B0007,32,1.8628211117905844,Random Forest,1.9020731089990535,Discharge only (5)
B0007,33,1.852085039652352,Random Forest,1.8967603510469144,Discharge only (5)
B0007,34,1.8469504648208708,Random Forest,1.8342451208159247,Discharge only (5)
B0007,35,1.836828431169018,Random Forest,1.8229728473769138,Discharge only (5)
B0007,36,1.8371619619672275,Random Forest,1.8300886212899155,Discharge only (5)
B0007,37,1.8316722583718854,Random Forest,1.8187313910647938,Discharge only (5)
B0007,38,1.8211470951317783,Random Forest,1.8197942809514782,Discharge only (5)
B0007,39,1.816506091511515,Random Forest,1.825352353441994,Discharge only (5)
B0007,40,1.8113815601504555,Random Forest,1.8310089496569,Discharge only (5)
B0007,41,1.8116056333939583,Random Forest,1.8261042893891355,Discharge only (5)
B0007,42,1.8060548955557403,Random Forest,1.8178157739914282,Discharge only (5)
B0007,43,1.8132041826994056,Random Forest,1.8344080447707405,Discharge only (5)
B0007,44,1.8062641938283535,Random Forest,1.8070628598060758,Discharge only (5)
B0007,45,1.7958310249900458,Random Forest,1.8100149233797231,Discharge only (5)
B0007,46,1.7858852600390451,Random Forest,1.8212898723715945,Discharge only (5)
B0007,47,1.7803268604502753,Random Forest,1.7802315301872227,Discharge only (5)
B0007,48,1.8150756899575577,Random Forest,1.8784541343664314,Discharge only (5)
B0007,49,1.8157025154845838,Random Forest,1.854889434813539,Discharge only (5)
B0007,50,1.8002432178056673,Random Forest,1.8064037503314068,Discharge only (5)
B0007,51,1.7904476205609308,Random Forest,1.8078290685505396,Discharge only (5)
B0007,52,1.780343032300132,Random Forest,1.7985318406895312,Discharge only (5)
B0007,53,1.775328769596812,Random Forest,1.787799795596041,Discharge only (5)
B0007,54,1.7702629734732853,Random Forest,1.7830642662910712,Discharge only (5)
B0007,55,1.760081061854204,Random Forest,1.77439037241982,Discharge only (5)
B0007,56,1.749647593537689,Random Forest,1.7632658246495116,Discharge only (5)
B0007,57,1.749650075059311,Random Forest,1.7560286843339563,Discharge only (5)
B0007,58,1.745028739214683,Random Forest,1.7500598871240112,Discharge only (5)
B0007,59,1.7396457455286727,Random Forest,1.7519506674488243,Discharge only (5)
B0007,60,1.7285642277717963,Random Forest,1.7435144404305578,Discharge only (5)
B0007,61,1.723900324588418,Random Forest,1.739988375848816,Discharge only (5)
B0007,62,1.7139788776485192,Random Forest,1.7353786230593309,Discharge only (5)
B0007,63,1.7139701997004613,Random Forest,1.7332364847723243,Discharge only (5)
B0007,64,1.7036521173638766,Random Forest,1.7150468702070512,Discharge only (5)
B0007,65,1.7040137474382486,Random Forest,1.7230928200213034,Discharge only (5)
B0007,66,1.6935716157343033,Random Forest,1.7091702320058082,Discharge only (5)
B0007,67,1.6876577363877656,Random Forest,1.6917619428032409,Discharge only (5)
B0007,68,1.6830744356583152,Random Forest,1.691454338269484,Discharge only (5)
B0007,69,1.6779270142025482,Random Forest,1.6853099553701218,Discharge only (5)
B0007,70,1.6732060275966172,Random Forest,1.6824628185501433,Discharge only (5)
B0007,71,1.6674367208253988,Random Forest,1.6790668958989763,Discharge only (5)
B0007,72,1.6622662630667526,Random Forest,1.672256759785547,Discharge only (5)
B0007,73,1.6574243065763063,Random Forest,1.6621173254584027,Discharge only (5)
B0007,74,1.652538684928734,Random Forest,1.65682870225465,Discharge only (5)
B0007,75,1.6472174627573322,Random Forest,1.6524873855954803,Discharge only (5)
B0007,76,1.6364136810898071,Random Forest,1.6425973449141114,Discharge only (5)
B0007,77,1.6362554312048496,Random Forest,1.6461661618022294,Discharge only (5)
B0007,78,1.641119179218384,Random Forest,1.6510201651040188,Discharge only (5)
B0007,79,1.6315700789656966,Random Forest,1.6318823091561754,Discharge only (5)
B0007,80,1.621213282987236,Random Forest,1.616180619989552,Discharge only (5)
B0007,81,1.6164273214762122,Random Forest,1.6126764161296683,Discharge only (5)
B0007,82,1.615823510161921,Random Forest,1.6223266688812554,Discharge only (5)
B0007,83,1.61672418029789,Random Forest,1.6179960637999882,Discharge only (5)
B0007,84,1.6108655863730026,Random Forest,1.6108610232619944,Discharge only (5)
B0007,85,1.6006603374309376,Random Forest,1.6077469119268633,Discharge only (5)
B0007,86,1.5959174487005663,Random Forest,1.59364558185681,Discharge only (5)
B0007,87,1.5962179519462243,Random Forest,1.5941337204477382,Discharge only (5)
B0007,88,1.5958065114633972,Random Forest,1.6023274155864247,Discharge only (5)
B0007,89,1.5906507821480704,Random Forest,1.5973029481772638,Discharge only (5)
B0007,91,1.6259938279733204,Random Forest,1.6411933883361554,Discharge only (5)
B0007,92,1.6157433862812898,Random Forest,1.6244031785787132,Discharge only (5)
B0007,93,1.6056626764846538,Random Forest,1.6122830030604824,Discharge only (5)
B0007,94,1.5949746921524348,Random Forest,1.6063666549790017,Discharge only (5)
B0007,95,1.5904102438871945,Random Forest,1.5975324074408008,Discharge only (5)
B0007,96,1.5853517062988178,Random Forest,1.593204861052847,Discharge only (5)
B0007,97,1.5799737147242376,Random Forest,1.5911017807079855,Discharge only (5)
B0007,98,1.5752185465278068,Random Forest,1.5880194412981217,Discharge only (5)
B0007,99,1.569798484648868,Random Forest,1.5813512895945263,Discharge only (5)
B0007,100,1.5702565375950357,Random Forest,1.5801232931699547,Discharge only (5)
B0007,101,1.565249873909438,Random Forest,1.57599013681525,Discharge only (5)
B0007,102,1.559633933561147,Random Forest,1.5726580676833513,Discharge only (5)
B0007,103,1.5649820533392105,Random Forest,1.5720574174984427,Discharge only (5)
B0007,104,1.57497949984227,Random Forest,1.5966842900068028,Discharge only (5)
B0007,105,1.5652811168780458,Random Forest,1.5804590450145162,Discharge only (5)
B0007,106,1.559755497470126,Random Forest,1.572370668733891,Discharge only (5)
B0007,107,1.549897685670499,Random Forest,1.5644651912213932,Discharge only (5)
B0007,108,1.5438771531345021,Random Forest,1.5505975916839219,Discharge only (5)
B0007,109,1.5450187488690073,Random Forest,1.563114859555609,Discharge only (5)
B0007,110,1.5445940154102908,Random Forest,1.5506179408713072,Discharge only (5)
B0007,111,1.5343086721758876,Random Forest,1.5451790841774582,Discharge only (5)
B0007,112,1.5287603942958483,Random Forest,1.5308322439850677,Discharge only (5)
B0007,113,1.5289260249179843,Random Forest,1.53247729528446,Discharge only (5)
B0007,114,1.529091650133123,Random Forest,1.5322639215368161,Discharge only (5)
B0007,115,1.5239059324661248,Random Forest,1.5311449825947436,Discharge only (5)
B0007,116,1.5186675419100615,Random Forest,1.5232139639020688,Discharge only (5)
B0007,117,1.5136482266426952,Random Forest,1.5168496554950313,Discharge only (5)
B0007,118,1.5136050185229033,Random Forest,1.5224344057339083,Discharge only (5)
B0007,119,1.5139470614867965,Random Forest,1.5227587789346717,Discharge only (5)
B0007,120,1.5339599193158786,Random Forest,1.53956472804848,Discharge only (5)
B0007,121,1.5391372798653098,Random Forest,1.5528535053712622,Discharge only (5)
B0007,122,1.5236247972838737,Random Forest,1.537541745583224,Discharge only (5)
B0007,123,1.5135813035589147,Random Forest,1.5274681949214528,Discharge only (5)
B0007,124,1.5077850749847914,Random Forest,1.5187210456246962,Discharge only (5)
B0007,125,1.5031960676037333,Random Forest,1.5145855705886513,Discharge only (5)
B0007,126,1.4978220596995881,Random Forest,1.502216023755149,Discharge only (5)
B0007,127,1.492848534633516,Random Forest,1.5016077159568764,Discharge only (5)
B0007,128,1.492414389867026,Random Forest,1.4924384627843779,Discharge only (5)
B0007,129,1.487482776538081,Random Forest,1.4856659740821814,Discharge only (5)
B0007,130,1.482535148640411,Random Forest,1.482604454135204,Discharge only (5)
B0007,131,1.4827874322228984,Random Forest,1.4807406929649642,Discharge only (5)
B0007,132,1.476971179775059,Random Forest,1.475240163281851,Discharge only (5)
B0007,133,1.4819015554137276,Random Forest,1.4950369479461523,Discharge only (5)
B0007,134,1.4981366198874824,Random Forest,1.5039091057767615,Discharge only (5)
B0007,135,1.4820775214392872,Random Forest,1.4961690362063478,Discharge only (5)
B0007,136,1.4771155312812152,Random Forest,1.4818410455563273,Discharge only (5)
B0007,137,1.4720772783056488,Random Forest,1.465913761207395,Discharge only (5)
B0007,138,1.472248013656454,Random Forest,1.4755444641473232,Discharge only (5)
B0007,139,1.4670106672274665,Random Forest,1.4776074739342944,Discharge only (5)
B0007,140,1.4617672495335379,Random Forest,1.4659597839200456,Discharge only (5)
B0007,141,1.4566952670489708,Random Forest,1.4792170578889203,Discharge only (5)
B0007,142,1.451354972758956,Random Forest,1.4431957859265399,Discharge only (5)
B0007,143,1.451615926257375,Random Forest,1.4444052685460138,Discharge only (5)
B0007,144,1.4468161332173683,Random Forest,1.4450490231939375,Discharge only (5)
B0007,145,1.4467570607768785,Random Forest,1.4389792256322045,Discharge only (5)
B0007,146,1.4413797481446793,Random Forest,1.4310290575196911,Discharge only (5)
B0007,147,1.4362456252208178,Random Forest,1.424191917496462,Discharge only (5)
B0007,148,1.4368154153924828,Random Forest,1.4284028136977833,Discharge only (5)
B0007,149,1.4362945145860047,Random Forest,1.4293693856139182,Discharge only (5)
B0007,150,1.4418575315878015,Random Forest,1.43169960109627,Discharge only (5)
B0007,151,1.4672063484781797,Random Forest,1.4663038747696948,Discharge only (5)
B0007,152,1.4518640367848885,Random Forest,1.4450248047367444,Discharge only (5)
B0007,153,1.4471379752748499,Random Forest,1.4393180658242115,Discharge only (5)
B0007,154,1.441790586562399,Random Forest,1.4310658541216879,Discharge only (5)
B0007,155,1.431630947911111,Random Forest,1.4238490412964138,Discharge only (5)
B0007,156,1.4318084249673686,Random Forest,1.4186517540857486,Discharge only (5)
B0007,157,1.4262562585106868,Random Forest,1.4184587730880969,Discharge only (5)
B0007,158,1.4260877528924913,Random Forest,1.4127075182310498,Discharge only (5)
B0007,159,1.4212633510031694,Random Forest,1.4093850444514602,Discharge only (5)
B0007,160,1.4163272748795108,Random Forest,1.4097643015233163,Discharge only (5)
B0007,161,1.4165781829175994,Random Forest,1.4086517119569646,Discharge only (5)
B0007,162,1.4108401729425177,Random Forest,1.4083330319718792,Discharge only (5)
B0007,163,1.4109949628347804,Random Forest,1.4070842725267092,Discharge only (5)
B0007,164,1.4061714290398801,Random Forest,1.4062839177309372,Discharge only (5)
B0007,165,1.4063358479692922,Random Forest,1.4020510747119965,Discharge only (5)
B0007,166,1.4004552399066514,Random Forest,1.3986308455130676,Discharge only (5)
B0007,167,1.4217865046055154,Random Forest,1.4220420315343756,Discharge only (5)
B0007,168,1.4324552720625434,Random Forest,1.439802163111039,Discharge only (5)
B0007,1,1.89105229539079,XGBoost,1.870353102684021,Discharge only (5)
B0007,2,1.880637027686859,XGBoost,1.9240378141403198,Discharge only (5)
B0007,3,1.8806626717011388,XGBoost,1.9101555347442627,Discharge only (5)
B0007,4,1.8807709009833444,XGBoost,1.9172121286392212,Discharge only (5)
B0007,5,1.8794508728285058,XGBoost,1.90972900390625,Discharge only (5)
B0007,6,1.8807003517117404,XGBoost,1.9172121286392212,Discharge only (5)
B0007,7,1.8799352523566075,XGBoost,1.916831374168396,Discharge only (5)
B0007,8,1.8815088124038797,XGBoost,1.9300512075424194,Discharge only (5)
B0007,9,1.8696907870385844,XGBoost,1.9300512075424194,Discharge only (5)
B0007,10,1.870052380139199,XGBoost,1.9300512075424194,Discharge only (5)
B0007,11,1.8700442394188577,XGBoost,1.927843689918518,Discharge only (5)
B0007,12,1.8596518987766364,XGBoost,1.9174764156341553,Discharge only (5)
B0007,13,1.8590746560862206,XGBoost,1.9298392534255981,Discharge only (5)
B0007,14,1.8590084577709232,XGBoost,1.927809476852417,Discharge only (5)
B0007,15,1.8593622586957048,XGBoost,1.9174764156341553,Discharge only (5)
B0007,16,1.8587355450601035,XGBoost,1.92890465259552,Discharge only (5)
B0007,17,1.847817291322145,XGBoost,1.9282360076904297,Discharge only (5)
B0007,18,1.8485252916137047,XGBoost,1.9156954288482666,Discharge only (5)
B0007,19,1.848378951850034,XGBoost,1.9260284900665283,Discharge only (5)
B0007,20,1.8807805437609766,XGBoost,1.925991415977478,Discharge only (5)
B0007,21,1.8814721597443598,XGBoost,1.9486819505691528,Discharge only (5)
B0007,22,1.8810954313244785,XGBoost,1.9235423803329468,Discharge only (5)
B0007,23,1.8710089649779995,XGBoost,1.925991415977478,Discharge only (5)
B0007,24,1.8701995151941375,XGBoost,1.9156583547592163,Discharge only (5)
B0007,25,1.8706715362800985,XGBoost,1.925991415977478,Discharge only (5)
B0007,26,1.8596124644020169,XGBoost,1.9235423803329468,Discharge only (5)
B0007,27,1.860033909718346,XGBoost,1.8998816013336182,Discharge only (5)
B0007,28,1.8591653109160768,XGBoost,1.9171932935714722,Discharge only (5)
B0007,29,1.8481398178778288,XGBoost,1.8898340463638306,Discharge only (5)
B0007,30,1.849201702126164,XGBoost,1.8841869831085205,Discharge only (5)
B0007,31,1.8834677437950846,XGBoost,1.8895875215530396,Discharge only (5)
B0007,32,1.8628211117905844,XGBoost,1.8839614391326904,Discharge only (5)
B0007,33,1.852085039652352,XGBoost,1.8725817203521729,Discharge only (5)
B0007,34,1.8469504648208708,XGBoost,1.834949254989624,Discharge only (5)
B0007,35,1.836828431169018,XGBoost,1.8223321437835693,Discharge only (5)
B0007,36,1.8371619619672275,XGBoost,1.83146333694458,Discharge only (5)
B0007,37,1.8316722583718854,XGBoost,1.824474573135376,Discharge only (5)
B0007,38,1.8211470951317783,XGBoost,1.8166834115982056,Discharge only (5)
B0007,39,1.816506091511515,XGBoost,1.8072818517684937,Discharge only (5)
B0007,40,1.8113815601504555,XGBoost,1.8088304996490479,Discharge only (5)
B0007,41,1.8116056333939583,XGBoost,1.8140426874160767,Discharge only (5)
B0007,42,1.8060548955557403,XGBoost,1.8122916221618652,Discharge only (5)
B0007,43,1.8132041826994056,XGBoost,1.8452398777008057,Discharge only (5)
B0007,44,1.8062641938283535,XGBoost,1.80277681350708,Discharge only (5)
B0007,45,1.7958310249900458,XGBoost,1.811606764793396,Discharge only (5)
B0007,46,1.7858852600390451,XGBoost,1.8023771047592163,Discharge only (5)
B0007,47,1.7803268604502753,XGBoost,1.7719800472259521,Discharge only (5)
B0007,48,1.8150756899575577,XGBoost,1.8333981037139893,Discharge only (5)
B0007,49,1.8157025154845838,XGBoost,1.830654263496399,Discharge only (5)
B0007,50,1.8002432178056673,XGBoost,1.8100937604904175,Discharge only (5)
B0007,51,1.7904476205609308,XGBoost,1.8063571453094482,Discharge only (5)
B0007,52,1.780343032300132,XGBoost,1.7976521253585815,Discharge only (5)
B0007,53,1.775328769596812,XGBoost,1.7753257751464844,Discharge only (5)
B0007,54,1.7702629734732853,XGBoost,1.7742834091186523,Discharge only (5)
B0007,55,1.760081061854204,XGBoost,1.773237705230713,Discharge only (5)
B0007,56,1.749647593537689,XGBoost,1.7647769451141357,Discharge only (5)
B0007,57,1.749650075059311,XGBoost,1.751787543296814,Discharge only (5)
B0007,58,1.745028739214683,XGBoost,1.7526212930679321,Discharge only (5)
B0007,59,1.7396457455286727,XGBoost,1.752333164215088,Discharge only (5)
B0007,60,1.7285642277717963,XGBoost,1.747872233390808,Discharge only (5)
B0007,61,1.723900324588418,XGBoost,1.7412570714950562,Discharge only (5)
B0007,62,1.7139788776485192,XGBoost,1.7213391065597534,Discharge only (5)
B0007,63,1.7139701997004613,XGBoost,1.7191333770751953,Discharge only (5)
B0007,64,1.7036521173638766,XGBoost,1.7047531604766846,Discharge only (5)
B0007,65,1.7040137474382486,XGBoost,1.7054762840270996,Discharge only (5)
B0007,66,1.6935716157343033,XGBoost,1.700345754623413,Discharge only (5)
B0007,67,1.6876577363877656,XGBoost,1.6741234064102173,Discharge only (5)
B0007,68,1.6830744356583152,XGBoost,1.6744775772094727,Discharge only (5)
B0007,69,1.6779270142025482,XGBoost,1.6704763174057007,Discharge only (5)
B0007,70,1.6732060275966172,XGBoost,1.6704763174057007,Discharge only (5)
B0007,71,1.6674367208253988,XGBoost,1.6739064455032349,Discharge only (5)
B0007,72,1.6622662630667526,XGBoost,1.6594287157058716,Discharge only (5)
B0007,73,1.6574243065763063,XGBoost,1.6547112464904785,Discharge only (5)
B0007,74,1.652538684928734,XGBoost,1.6529407501220703,Discharge only (5)
B0007,75,1.6472174627573322,XGBoost,1.647655725479126,Discharge only (5)
B0007,76,1.6364136810898071,XGBoost,1.6372720003128052,Discharge only (5)
B0007,77,1.6362554312048496,XGBoost,1.6367474794387817,Discharge only (5)
B0007,78,1.641119179218384,XGBoost,1.6463173627853394,Discharge only (5)
B0007,79,1.6315700789656966,XGBoost,1.623399019241333,Discharge only (5)
B0007,80,1.621213282987236,XGBoost,1.6121289730072021,Discharge only (5)
B0007,81,1.6164273214762122,XGBoost,1.6121490001678467,Discharge only (5)
B0007,82,1.615823510161921,XGBoost,1.6225135326385498,Discharge only (5)
B0007,83,1.61672418029789,XGBoost,1.6158006191253662,Discharge only (5)
B0007,84,1.6108655863730026,XGBoost,1.6133700609207153,Discharge only (5)
B0007,85,1.6006603374309376,XGBoost,1.5940065383911133,Discharge only (5)
B0007,86,1.5959174487005663,XGBoost,1.5844062566757202,Discharge only (5)
B0007,87,1.5962179519462243,XGBoost,1.5834356546401978,Discharge only (5)
B0007,88,1.5958065114633972,XGBoost,1.5843061208724976,Discharge only (5)
B0007,89,1.5906507821480704,XGBoost,1.5844062566757202,Discharge only (5)
B0007,91,1.6259938279733204,XGBoost,1.6215791702270508,Discharge only (5)
B0007,92,1.6157433862812898,XGBoost,1.6165003776550293,Discharge only (5)
B0007,93,1.6056626764846538,XGBoost,1.6036807298660278,Discharge only (5)
B0007,94,1.5949746921524348,XGBoost,1.6033905744552612,Discharge only (5)
B0007,95,1.5904102438871945,XGBoost,1.5844062566757202,Discharge only (5)
B0007,96,1.5853517062988178,XGBoost,1.5845690965652466,Discharge only (5)
B0007,97,1.5799737147242376,XGBoost,1.5781075954437256,Discharge only (5)
B0007,98,1.5752185465278068,XGBoost,1.5779447555541992,Discharge only (5)
B0007,99,1.569798484648868,XGBoost,1.5672987699508667,Discharge only (5)
B0007,100,1.5702565375950357,XGBoost,1.5672987699508667,Discharge only (5)
B0007,101,1.565249873909438,XGBoost,1.5628327131271362,Discharge only (5)
B0007,102,1.559633933561147,XGBoost,1.5628327131271362,Discharge only (5)
B0007,103,1.5649820533392105,XGBoost,1.5631247758865356,Discharge only (5)
B0007,104,1.57497949984227,XGBoost,1.5901422500610352,Discharge only (5)
B0007,105,1.5652811168780458,XGBoost,1.5672987699508667,Discharge only (5)
B0007,106,1.559755497470126,XGBoost,1.557273507118225,Discharge only (5)
B0007,107,1.549897685670499,XGBoost,1.553799033164978,Discharge only (5)
B0007,108,1.5438771531345021,XGBoost,1.5338982343673706,Discharge only (5)
B0007,109,1.5450187488690073,XGBoost,1.554216742515564,Discharge only (5)
B0007,110,1.5445940154102908,XGBoost,1.5308964252471924,Discharge only (5)
B0007,111,1.5343086721758876,XGBoost,1.533781886100769,Discharge only (5)
B0007,112,1.5287603942958483,XGBoost,1.5174959897994995,Discharge only (5)
B0007,113,1.5289260249179843,XGBoost,1.5240329504013062,Discharge only (5)
B0007,114,1.529091650133123,XGBoost,1.5201956033706665,Discharge only (5)
B0007,115,1.5239059324661248,XGBoost,1.520346999168396,Discharge only (5)
B0007,116,1.5186675419100615,XGBoost,1.5046871900558472,Discharge only (5)
B0007,117,1.5136482266426952,XGBoost,1.5014818906784058,Discharge only (5)
B0007,118,1.5136050185229033,XGBoost,1.5043104887008667,Discharge only (5)
B0007,119,1.5139470614867965,XGBoost,1.4974136352539062,Discharge only (5)
B0007,120,1.5339599193158786,XGBoost,1.5408188104629517,Discharge only (5)
B0007,121,1.5391372798653098,XGBoost,1.5406830310821533,Discharge only (5)
B0007,122,1.5236247972838737,XGBoost,1.5259554386138916,Discharge only (5)
B0007,123,1.5135813035589147,XGBoost,1.5089627504348755,Discharge only (5)
B0007,124,1.5077850749847914,XGBoost,1.5089627504348755,Discharge only (5)
B0007,125,1.5031960676037333,XGBoost,1.5071895122528076,Discharge only (5)
B0007,126,1.4978220596995881,XGBoost,1.5031378269195557,Discharge only (5)
B0007,127,1.492848534633516,XGBoost,1.5029351711273193,Discharge only (5)
B0007,128,1.492414389867026,XGBoost,1.4849412441253662,Discharge only (5)
B0007,129,1.487482776538081,XGBoost,1.4782419204711914,Discharge only (5)
B0007,130,1.482535148640411,XGBoost,1.4813812971115112,Discharge only (5)
B0007,131,1.4827874322228984,XGBoost,1.4779881238937378,Discharge only (5)
B0007,132,1.476971179775059,XGBoost,1.4726141691207886,Discharge only (5)
B0007,133,1.4819015554137276,XGBoost,1.501515507698059,Discharge only (5)
B0007,134,1.4981366198874824,XGBoost,1.4952688217163086,Discharge only (5)
B0007,135,1.4820775214392872,XGBoost,1.4913439750671387,Discharge only (5)
B0007,136,1.4771155312812152,XGBoost,1.4805760383605957,Discharge only (5)
B0007,137,1.4720772783056488,XGBoost,1.4580131769180298,Discharge only (5)
B0007,138,1.472248013656454,XGBoost,1.4744561910629272,Discharge only (5)
B0007,139,1.4670106672274665,XGBoost,1.4639768600463867,Discharge only (5)
B0007,140,1.4617672495335379,XGBoost,1.4542104005813599,Discharge only (5)
B0007,141,1.4566952670489708,XGBoost,1.450992226600647,Discharge only (5)
B0007,142,1.451354972758956,XGBoost,1.4379007816314697,Discharge only (5)
B0007,143,1.451615926257375,XGBoost,1.4350842237472534,Discharge only (5)
B0007,144,1.4468161332173683,XGBoost,1.4362902641296387,Discharge only (5)
B0007,145,1.4467570607768785,XGBoost,1.4379007816314697,Discharge only (5)
B0007,146,1.4413797481446793,XGBoost,1.4398818016052246,Discharge only (5)
B0007,147,1.4362456252208178,XGBoost,1.4299200773239136,Discharge only (5)
B0007,148,1.4368154153924828,XGBoost,1.4321914911270142,Discharge only (5)
B0007,149,1.4362945145860047,XGBoost,1.4350866079330444,Discharge only (5)
B0007,150,1.4418575315878015,XGBoost,1.4419224262237549,Discharge only (5)
B0007,151,1.4672063484781797,XGBoost,1.4552584886550903,Discharge only (5)
B0007,152,1.4518640367848885,XGBoost,1.4362902641296387,Discharge only (5)
B0007,153,1.4471379752748499,XGBoost,1.439106822013855,Discharge only (5)
B0007,154,1.441790586562399,XGBoost,1.4350866079330444,Discharge only (5)
B0007,155,1.431630947911111,XGBoost,1.4271293878555298,Discharge only (5)
B0007,156,1.4318084249673686,XGBoost,1.4295331239700317,Discharge only (5)
B0007,157,1.4262562585106868,XGBoost,1.4295331239700317,Discharge only (5)
B0007,158,1.4260877528924913,XGBoost,1.4339696168899536,Discharge only (5)
B0007,159,1.4212633510031694,XGBoost,1.4339696168899536,Discharge only (5)
B0007,160,1.4163272748795108,XGBoost,1.4322879314422607,Discharge only (5)
B0007,161,1.4165781829175994,XGBoost,1.4321792125701904,Discharge only (5)
B0007,162,1.4108401729425177,XGBoost,1.4326090812683105,Discharge only (5)
B0007,163,1.4109949628347804,XGBoost,1.424613356590271,Discharge only (5)
B0007,164,1.4061714290398801,XGBoost,1.434997797012329,Discharge only (5)
B0007,165,1.4063358479692922,XGBoost,1.4106279611587524,Discharge only (5)
B0007,166,1.4004552399066514,XGBoost,1.4106279611587524,Discharge only (5)
B0007,167,1.4217865046055154,XGBoost,1.4486992359161377,Discharge only (5)
B0007,168,1.4324552720625434,XGBoost,1.444805383682251,Discharge only (5)
B0018,1,1.8550045207910817,Linear Regression,1.885147256751551,Discharge only (5)
B0018,2,1.8431955317089987,Linear Regression,1.908832036656614,Discharge only (5)
B0018,3,1.8396018424355423,Linear Regression,1.9064944275135236,Discharge only (5)
B0018,4,1.8306736044962053,Linear Regression,1.899413662889354,Discharge only (5)
B0018,5,1.8327002069419656,Linear Regression,1.901262644859801,Discharge only (5)
B0018,6,1.8285288846046388,Linear Regression,1.907182261852064,Discharge only (5)
B0018,7,1.8212011895697924,Linear Regression,1.8944655035664224,Discharge only (5)
B0018,8,1.8151700106433282,Linear Regression,1.8873997247526708,Discharge only (5)
B0018,9,1.8042980520967649,Linear Regression,1.8837136464759465,Discharge only (5)
B0018,10,1.8231002302844226,Linear Regression,1.8846383909687454,Discharge only (5)
B0018,11,1.8121253520255494,Linear Regression,1.8838956712776416,Discharge only (5)
B0018,12,1.8046916382117766,Linear Regression,1.8809611391835572,Discharge only (5)
B0018,13,1.790844349786295,Linear Regression,1.8695575597436145,Discharge only (5)
B0018,14,1.783470722841926,Linear Regression,1.858713566880493,Discharge only (5)
B0018,15,1.7809386125310702,Linear Regression,1.849886603455538,Discharge only (5)
B0018,16,1.771209039672698,Linear Regression,1.847908573770587,Discharge only (5)
B0018,17,1.7686303996707076,Linear Regression,1.8479890604344908,Discharge only (5)
B0018,18,1.7536304801917124,Linear Regression,1.8405915193940703,Discharge only (5)
B0018,19,1.7462197416415093,Linear Regression,1.8246291963845036,Discharge only (5)
B0018,20,1.7376647337053737,Linear Regression,1.8091193800053316,Discharge only (5)
B0018,21,1.7315166735475835,Linear Regression,1.8034505980534314,Discharge only (5)
B0018,22,1.7085949894470602,Linear Regression,1.8076612068622966,Discharge only (5)
B0018,23,1.711469957068211,Linear Regression,1.792438712035181,Discharge only (5)
B0018,24,1.7075021373272627,Linear Regression,1.780530359051564,Discharge only (5)
B0018,25,1.7492382064360228,Linear Regression,1.8005472133543436,Discharge only (5)
B0018,26,1.7327697147429955,Linear Regression,1.7947669911558948,Discharge only (5)
B0018,27,1.7222313328292376,Linear Regression,1.7928875405940443,Discharge only (5)
B0018,28,1.711846298984729,Linear Regression,1.7858167289581548,Discharge only (5)
B0018,29,1.699267835126687,Linear Regression,1.7694971915209203,Discharge only (5)
B0018,30,1.6940366439243106,Linear Regression,1.7615124988530484,Discharge only (5)
B0018,31,1.6819027078768087,Linear Regression,1.7457297807140961,Discharge only (5)
B0018,32,1.6769770618433686,Linear Regression,1.7398457216078413,Discharge only (5)
B0018,33,1.6655229306478936,Linear Regression,1.7407270875844651,Discharge only (5)
B0018,34,1.6571924575832084,Linear Regression,1.7294127093151497,Discharge only (5)
B0018,35,1.6482241555294048,Linear Regression,1.7193396186201986,Discharge only (5)
B0018,36,1.6387701497987262,Linear Regression,1.7066551917976749,Discharge only (5)
B0018,37,1.6276486907262062,Linear Regression,1.6975302158277643,Discharge only (5)
B0018,38,1.62215370227252,Linear Regression,1.6872254562827484,Discharge only (5)
B0018,39,1.6140066510467586,Linear Regression,1.6873481665293024,Discharge only (5)
B0018,40,1.6760516154424623,Linear Regression,1.72045006640607,Discharge only (5)
B0018,41,1.649300642552199,Linear Regression,1.7184100252884922,Discharge only (5)
B0018,42,1.63238299185809,Linear Regression,1.6971427832764345,Discharge only (5)
B0018,43,1.6164159719025777,Linear Regression,1.6926932694514802,Discharge only (5)
B0018,44,1.6109028378249377,Linear Regression,1.6675946770400154,Discharge only (5)
B0018,45,1.5954638693695657,Linear Regression,1.6601048622311652,Discharge only (5)
B0018,46,1.726707440085764,Linear Regression,1.7857983861225428,Discharge only (5)
B0018,47,1.7165673917429753,Linear Regression,1.761544231618481,Discharge only (5)
B0018,48,1.6958235570934848,Linear Regression,1.7432842621456266,Discharge only (5)
B0018,49,1.6777783190792557,Linear Regression,1.731793091664827,Discharge only (5)
B0018,50,1.6606586897774192,Linear Regression,1.7203148148580603,Discharge only (5)
B0018,51,1.6664109274827466,Linear Regression,1.7167294310898984,Discharge only (5)
B0018,52,1.6468336174407805,Linear Regression,1.7047493308889445,Discharge only (5)
B0018,53,1.6257639928779952,Linear Regression,1.7097321543862274,Discharge only (5)
B0018,54,1.6121577411874595,Linear Regression,1.6876724991108034,Discharge only (5)
B0018,55,1.6057366823755344,Linear Regression,1.6670373961027074,Discharge only (5)
B0018,56,1.673645314879889,Linear Regression,1.6812668620967974,Discharge only (5)
B0018,57,1.6404348572349936,Linear Regression,1.6796246286922067,Discharge only (5)
B0018,58,1.6132653317422077,Linear Regression,1.6702044776771,Discharge only (5)
B0018,59,1.5920964324686278,Linear Regression,1.667598195094038,Discharge only (5)
B0018,60,1.5866011820698824,Linear Regression,1.6423581475096067,Discharge only (5)
B0018,61,1.5800766490336253,Linear Regression,1.631740318155409,Discharge only (5)
B0018,62,1.5641732953289167,Linear Regression,1.6266440414589676,Discharge only (5)
B0018,63,1.555618272193922,Linear Regression,1.620876500232376,Discharge only (5)
B0018,64,1.5402045278637397,Linear Regression,1.6104018393627106,Discharge only (5)
B0018,65,1.5321613015959863,Linear Regression,1.5969091720515896,Discharge only (5)
B0018,66,1.5316232403693415,Linear Regression,1.5953118832765556,Discharge only (5)
B0018,67,1.5222595950771978,Linear Regression,1.5835577376592083,Discharge only (5)
B0018,68,1.5065267126851283,Linear Regression,1.5792630120687945,Discharge only (5)
B0018,69,1.5014219556532926,Linear Regression,1.5662529600084136,Discharge only (5)
B0018,70,1.4963534117486457,Linear Regression,1.5620454854932813,Discharge only (5)
B0018,71,1.5334262000312422,Linear Regression,1.5861602182163086,Discharge only (5)
B0018,72,1.523845267514426,Linear Regression,1.581362647051539,Discharge only (5)
B0018,73,1.5011920994261239,Linear Regression,1.5815202370107724,Discharge only (5)
B0018,74,1.492417671450291,Linear Regression,1.5649163044026004,Discharge only (5)
B0018,75,1.483323851940123,Linear Regression,1.558790848223102,Discharge only (5)
B0018,76,1.4807376792294196,Linear Regression,1.5444584571834656,Discharge only (5)
B0018,77,1.4735077809902477,Linear Regression,1.5389337243450456,Discharge only (5)
B0018,78,1.46801928526661,Linear Regression,1.5343994794669118,Discharge only (5)
B0018,79,1.4580923557119019,Linear Regression,1.5298239167981418,Discharge only (5)
B0018,80,1.4478660988891399,Linear Regression,1.5252260671705573,Discharge only (5)
B0018,81,1.4527808777541982,Linear Regression,1.5020564370810654,Discharge only (5)
B0018,82,1.4425356364492432,Linear Regression,1.5073000571828858,Discharge only (5)
B0018,83,1.4392712877203313,Linear Regression,1.5072954489881734,Discharge only (5)
B0018,84,1.4286475681888218,Linear Regression,1.5029569121272408,Discharge only (5)
B0018,85,1.4249026750004896,Linear Regression,1.492561661898687,Discharge only (5)
B0018,86,1.4698115324524124,Linear Regression,1.5254931747366052,Discharge only (5)
B0018,87,1.4525819651050202,Linear Regression,1.5178746013491013,Discharge only (5)
B0018,88,1.442834198908794,Linear Regression,1.5086371174996518,Discharge only (5)
B0018,89,1.428376058807949,Linear Regression,1.495799264229819,Discharge only (5)
B0018,90,1.4154547844370715,Linear Regression,1.4941497123608303,Discharge only (5)
B0018,91,1.454576670077708,Linear Regression,1.490603931047907,Discharge only (5)
B0018,92,1.4283179548274056,Linear Regression,1.4991920644537615,Discharge only (5)
B0018,93,1.4197026883204058,Linear Regression,1.4950941735853074,Discharge only (5)
B0018,94,1.4155606630306516,Linear Regression,1.4885364845677744,Discharge only (5)
B0018,95,1.405680035419228,Linear Regression,1.4692742808970027,Discharge only (5)
B0018,96,1.4084461071166137,Linear Regression,1.47543538203945,Discharge only (5)
B0018,97,1.3968547782872414,Linear Regression,1.464433488373636,Discharge only (5)
B0018,98,1.3935670371440676,Linear Regression,1.4606314401785874,Discharge only (5)
B0018,99,1.3893644292809475,Linear Regression,1.4556364120324863,Discharge only (5)
B0018,100,1.3785651415666713,Linear Regression,1.44280142560656,Discharge only (5)
B0018,101,1.384901110085747,Linear Regression,1.444365915603076,Discharge only (5)
B0018,102,1.3703251814242443,Linear Regression,1.4412524775998623,Discharge only (5)
B0018,103,1.3733464385229082,Linear Regression,1.4379006840671849,Discharge only (5)
B0018,104,1.3679487285504814,Linear Regression,1.4350287099982308,Discharge only (5)
B0018,105,1.3567141087089647,Linear Regression,1.4217453173489654,Discharge only (5)
B0018,106,1.4604310209194575,Linear Regression,1.5152037205300697,Discharge only (5)
B0018,107,1.4500998937104097,Linear Regression,1.5104080480108482,Discharge only (5)
B0018,108,1.4381406901824496,Linear Regression,1.5048807826147539,Discharge only (5)
B0018,109,1.4283681980964316,Linear Regression,1.4920551413036223,Discharge only (5)
B0018,110,1.4147874517552432,Linear Regression,1.487459673909499,Discharge only (5)
B0018,111,1.413889163393182,Linear Regression,1.4756599357156535,Discharge only (5)
B0018,112,1.3989331662177225,Linear Regression,1.4681698673844281,Discharge only (5)
B0018,113,1.3953322584033976,Linear Regression,1.4687529359122387,Discharge only (5)
B0018,114,1.390046129540245,Linear Regression,1.4628681245093005,Discharge only (5)
B0018,115,1.3860271454209647,Linear Regression,1.4506118318579098,Discharge only (5)
B0018,116,1.388215260193751,Linear Regression,1.4266613908989227,Discharge only (5)
B0018,117,1.3761826562394497,Linear Regression,1.4453717415644638,Discharge only (5)
B0018,118,1.3647168898640165,Linear Regression,1.432314472118024,Discharge only (5)
B0018,119,1.3589854739373584,Linear Regression,1.4247316055315846,Discharge only (5)
B0018,120,1.3462308764008801,Linear Regression,1.412385451761639,Discharge only (5)
B0018,121,1.4268427818454643,Linear Regression,1.4600761528877866,Discharge only (5)
B0018,122,1.4064481483279663,Linear Regression,1.4726824793804416,Discharge only (5)
B0018,123,1.3934907492075153,Linear Regression,1.4606113935006824,Discharge only (5)
B0018,124,1.3882493512249316,Linear Regression,1.4607361682939821,Discharge only (5)
B0018,125,1.3701878338420928,Linear Regression,1.452930756230463,Discharge only (5)
B0018,126,1.3796951665608619,Linear Regression,1.4455266281417203,Discharge only (5)
B0018,127,1.3686586323935683,Linear Regression,1.440679928791501,Discharge only (5)
B0018,128,1.3627371779096438,Linear Regression,1.4402190935481425,Discharge only (5)
B0018,129,1.3634051133928073,Linear Regression,1.436836059037958,Discharge only (5)
B0018,130,1.3518646035305233,Linear Regression,1.4264599074440834,Discharge only (5)
B0018,131,1.3547969729652622,Linear Regression,1.4179485209705884,Discharge only (5)
B0018,132,1.341051440640485,Linear Regression,1.4184842508170123,Discharge only (5)
B0018,1,1.8550045207910817,Random Forest,1.7449248730439926,Discharge only (5)
B0018,2,1.8431955317089987,Random Forest,1.8051249343156517,Discharge only (5)
B0018,3,1.8396018424355423,Random Forest,1.8100961272007692,Discharge only (5)
B0018,4,1.8306736044962053,Random Forest,1.8066145671654104,Discharge only (5)
B0018,5,1.8327002069419656,Random Forest,1.8356922008516512,Discharge only (5)
B0018,6,1.8285288846046388,Random Forest,1.8461255210816234,Discharge only (5)
B0018,7,1.8212011895697924,Random Forest,1.8290512381561674,Discharge only (5)
B0018,8,1.8151700106433282,Random Forest,1.8238116415758119,Discharge only (5)
B0018,9,1.8042980520967649,Random Forest,1.820307780066848,Discharge only (5)
B0018,10,1.8231002302844226,Random Forest,1.8066001139118355,Discharge only (5)
B0018,11,1.8121253520255494,Random Forest,1.8079309326692072,Discharge only (5)
B0018,12,1.8046916382117766,Random Forest,1.8075703218826156,Discharge only (5)
B0018,13,1.790844349786295,Random Forest,1.7831889112141823,Discharge only (5)
B0018,14,1.783470722841926,Random Forest,1.7714107813660562,Discharge only (5)
B0018,15,1.7809386125310702,Random Forest,1.778660958835692,Discharge only (5)
B0018,16,1.771209039672698,Random Forest,1.7754584356918104,Discharge only (5)
B0018,17,1.7686303996707076,Random Forest,1.7807070947227428,Discharge only (5)
B0018,18,1.7536304801917124,Random Forest,1.7726388438163838,Discharge only (5)
B0018,19,1.7462197416415093,Random Forest,1.7397830535806502,Discharge only (5)
B0018,20,1.7376647337053737,Random Forest,1.7306191289282145,Discharge only (5)
B0018,21,1.7315166735475835,Random Forest,1.7211786567715455,Discharge only (5)
B0018,22,1.7085949894470602,Random Forest,1.7050358052778096,Discharge only (5)
B0018,23,1.711469957068211,Random Forest,1.701240866842664,Discharge only (5)
B0018,24,1.7075021373272627,Random Forest,1.698068472394173,Discharge only (5)
B0018,25,1.7492382064360228,Random Forest,1.7278684661635233,Discharge only (5)
B0018,26,1.7327697147429955,Random Forest,1.7346022053815644,Discharge only (5)
B0018,27,1.7222313328292376,Random Forest,1.735591919013082,Discharge only (5)
B0018,28,1.711846298984729,Random Forest,1.735298471898784,Discharge only (5)
B0018,29,1.699267835126687,Random Forest,1.705816454430614,Discharge only (5)
B0018,30,1.6940366439243106,Random Forest,1.7041132768585323,Discharge only (5)
B0018,31,1.6819027078768087,Random Forest,1.6959931967160116,Discharge only (5)
B0018,32,1.6769770618433686,Random Forest,1.6956209536876674,Discharge only (5)
B0018,33,1.6655229306478936,Random Forest,1.6999841130097744,Discharge only (5)
B0018,34,1.6571924575832084,Random Forest,1.694051693629624,Discharge only (5)
B0018,35,1.6482241555294048,Random Forest,1.6964152412309954,Discharge only (5)
B0018,36,1.6387701497987262,Random Forest,1.694489088268699,Discharge only (5)
B0018,37,1.6276486907262062,Random Forest,1.692850875687038,Discharge only (5)
B0018,38,1.62215370227252,Random Forest,1.6914905308305828,Discharge only (5)
B0018,39,1.6140066510467586,Random Forest,1.6901851537694497,Discharge only (5)
B0018,40,1.6760516154424623,Random Forest,1.690147442769165,Discharge only (5)
B0018,41,1.649300642552199,Random Forest,1.6980477792322979,Discharge only (5)
B0018,42,1.63238299185809,Random Forest,1.6947995595439687,Discharge only (5)
B0018,43,1.6164159719025777,Random Forest,1.6907420479129924,Discharge only (5)
B0018,44,1.6109028378249377,Random Forest,1.6692501874138386,Discharge only (5)
B0018,45,1.5954638693695657,Random Forest,1.6469927839974685,Discharge only (5)
B0018,46,1.726707440085764,Random Forest,1.7623654040823526,Discharge only (5)
B0018,47,1.7165673917429753,Random Forest,1.7906542517830966,Discharge only (5)
B0018,48,1.6958235570934848,Random Forest,1.7755966046784182,Discharge only (5)
B0018,49,1.6777783190792557,Random Forest,1.7663620263120268,Discharge only (5)
B0018,50,1.6606586897774192,Random Forest,1.759589229135118,Discharge only (5)
B0018,51,1.6664109274827466,Random Forest,1.7504250607034564,Discharge only (5)
B0018,52,1.6468336174407805,Random Forest,1.7432950273546055,Discharge only (5)
B0018,53,1.6257639928779952,Random Forest,1.7402148454654445,Discharge only (5)
B0018,54,1.6121577411874595,Random Forest,1.7044728515987098,Discharge only (5)
B0018,55,1.6057366823755344,Random Forest,1.6611248026766148,Discharge only (5)
B0018,56,1.673645314879889,Random Forest,1.71778254013365,Discharge only (5)
B0018,57,1.6404348572349936,Random Forest,1.7334814536330774,Discharge only (5)
B0018,58,1.6132653317422077,Random Forest,1.670902666713775,Discharge only (5)
B0018,59,1.5920964324686278,Random Forest,1.6546124856156896,Discharge only (5)
B0018,60,1.5866011820698824,Random Forest,1.6344701464093023,Discharge only (5)
B0018,61,1.5800766490336253,Random Forest,1.6337000909166952,Discharge only (5)
B0018,62,1.5641732953289167,Random Forest,1.6298662909573423,Discharge only (5)
B0018,63,1.555618272193922,Random Forest,1.62458063519015,Discharge only (5)
B0018,64,1.5402045278637397,Random Forest,1.6220244915907804,Discharge only (5)
B0018,65,1.5321613015959863,Random Forest,1.6109695066499656,Discharge only (5)
B0018,66,1.5316232403693415,Random Forest,1.6155196001072347,Discharge only (5)
B0018,67,1.5222595950771978,Random Forest,1.6094318971113535,Discharge only (5)
B0018,68,1.5065267126851283,Random Forest,1.5914286868758105,Discharge only (5)
B0018,69,1.5014219556532926,Random Forest,1.5876364716747795,Discharge only (5)
B0018,70,1.4963534117486457,Random Forest,1.5759105462619878,Discharge only (5)
B0018,71,1.5334262000312422,Random Forest,1.6098666731401352,Discharge only (5)
B0018,72,1.523845267514426,Random Forest,1.610883940756296,Discharge only (5)
B0018,73,1.5011920994261239,Random Forest,1.5905130507340892,Discharge only (5)
B0018,74,1.492417671450291,Random Forest,1.587587947229569,Discharge only (5)
B0018,75,1.483323851940123,Random Forest,1.5840981508331313,Discharge only (5)
B0018,76,1.4807376792294196,Random Forest,1.5712290208421036,Discharge only (5)
B0018,77,1.4735077809902477,Random Forest,1.5637491846763054,Discharge only (5)
B0018,78,1.46801928526661,Random Forest,1.5707308623794625,Discharge only (5)
B0018,79,1.4580923557119019,Random Forest,1.5619370612062822,Discharge only (5)
B0018,80,1.4478660988891399,Random Forest,1.5241932592154546,Discharge only (5)
B0018,81,1.4527808777541982,Random Forest,1.5191776243773154,Discharge only (5)
B0018,82,1.4425356364492432,Random Forest,1.5121622279037765,Discharge only (5)
B0018,83,1.4392712877203313,Random Forest,1.5214614364422383,Discharge only (5)
B0018,84,1.4286475681888218,Random Forest,1.5320443603633802,Discharge only (5)
B0018,85,1.4249026750004896,Random Forest,1.5154433081882908,Discharge only (5)
B0018,86,1.4698115324524124,Random Forest,1.5637528865965729,Discharge only (5)
B0018,87,1.4525819651050202,Random Forest,1.554447631393524,Discharge only (5)
B0018,88,1.442834198908794,Random Forest,1.5490794483770631,Discharge only (5)
B0018,89,1.428376058807949,Random Forest,1.5142526811940449,Discharge only (5)
B0018,90,1.4154547844370715,Random Forest,1.5158624835364443,Discharge only (5)
B0018,91,1.454576670077708,Random Forest,1.515587810472055,Discharge only (5)
B0018,92,1.4283179548274056,Random Forest,1.516031897797474,Discharge only (5)
B0018,93,1.4197026883204058,Random Forest,1.51999331339489,Discharge only (5)
B0018,94,1.4155606630306516,Random Forest,1.5291295119556287,Discharge only (5)
B0018,95,1.405680035419228,Random Forest,1.514446443023127,Discharge only (5)
B0018,96,1.4084461071166137,Random Forest,1.5207889628666382,Discharge only (5)
B0018,97,1.3968547782872414,Random Forest,1.5126736011596247,Discharge only (5)
B0018,98,1.3935670371440676,Random Forest,1.5065307079190904,Discharge only (5)
B0018,99,1.3893644292809475,Random Forest,1.5106170943792807,Discharge only (5)
B0018,100,1.3785651415666713,Random Forest,1.4908344398815891,Discharge only (5)
B0018,101,1.384901110085747,Random Forest,1.5075563607267055,Discharge only (5)
B0018,102,1.3703251814242443,Random Forest,1.4898884448231855,Discharge only (5)
B0018,103,1.3733464385229082,Random Forest,1.489756807290544,Discharge only (5)
B0018,104,1.3679487285504814,Random Forest,1.487530203438065,Discharge only (5)
B0018,105,1.3567141087089647,Random Forest,1.4878033363402678,Discharge only (5)
B0018,106,1.4604310209194575,Random Forest,1.5555132608881264,Discharge only (5)
B0018,107,1.4500998937104097,Random Forest,1.555090518039943,Discharge only (5)
B0018,108,1.4381406901824496,Random Forest,1.5509140153073115,Discharge only (5)
B0018,109,1.4283681980964316,Random Forest,1.5487736548369722,Discharge only (5)
B0018,110,1.4147874517552432,Random Forest,1.5219631359563914,Discharge only (5)
B0018,111,1.413889163393182,Random Forest,1.5228890085296642,Discharge only (5)
B0018,112,1.3989331662177225,Random Forest,1.5140448158135278,Discharge only (5)
B0018,113,1.3953322584033976,Random Forest,1.5209671671534328,Discharge only (5)
B0018,114,1.390046129540245,Random Forest,1.5186285028886441,Discharge only (5)
B0018,115,1.3860271454209647,Random Forest,1.5099279931408123,Discharge only (5)
B0018,116,1.388215260193751,Random Forest,1.4906595591635527,Discharge only (5)
B0018,117,1.3761826562394497,Random Forest,1.5072568774215984,Discharge only (5)
B0018,118,1.3647168898640165,Random Forest,1.4925946143342756,Discharge only (5)
B0018,119,1.3589854739373584,Random Forest,1.4890704710530833,Discharge only (5)
B0018,120,1.3462308764008801,Random Forest,1.4847124414684407,Discharge only (5)
B0018,121,1.4268427818454643,Random Forest,1.5125851065336564,Discharge only (5)
B0018,122,1.4064481483279663,Random Forest,1.5205316851069253,Discharge only (5)
B0018,123,1.3934907492075153,Random Forest,1.5205729964415091,Discharge only (5)
B0018,124,1.3882493512249316,Random Forest,1.5169064550633897,Discharge only (5)
B0018,125,1.3701878338420928,Random Forest,1.5043943775756523,Discharge only (5)
B0018,126,1.3796951665608619,Random Forest,1.5080342755287648,Discharge only (5)
B0018,127,1.3686586323935683,Random Forest,1.5045190541465951,Discharge only (5)
B0018,128,1.3627371779096438,Random Forest,1.5073458847522634,Discharge only (5)
B0018,129,1.3634051133928073,Random Forest,1.5139324816884976,Discharge only (5)
B0018,130,1.3518646035305233,Random Forest,1.4888611151183997,Discharge only (5)
B0018,131,1.3547969729652622,Random Forest,1.4925253752972711,Discharge only (5)
B0018,132,1.341051440640485,Random Forest,1.4880620344563704,Discharge only (5)
B0018,1,1.8550045207910817,XGBoost,1.7708301544189453,Discharge only (5)
B0018,2,1.8431955317089987,XGBoost,1.7986633777618408,Discharge only (5)
B0018,3,1.8396018424355423,XGBoost,1.795286774635315,Discharge only (5)
B0018,4,1.8306736044962053,XGBoost,1.7952345609664917,Discharge only (5)
B0018,5,1.8327002069419656,XGBoost,1.8314807415008545,Discharge only (5)
B0018,6,1.8285288846046388,XGBoost,1.850171685218811,Discharge only (5)
B0018,7,1.8212011895697924,XGBoost,1.8289518356323242,Discharge only (5)
B0018,8,1.8151700106433282,XGBoost,1.8211051225662231,Discharge only (5)
B0018,9,1.8042980520967649,XGBoost,1.8217934370040894,Discharge only (5)
B0018,10,1.8231002302844226,XGBoost,1.800010323524475,Discharge only (5)
B0018,11,1.8121253520255494,XGBoost,1.8113703727722168,Discharge only (5)
B0018,12,1.8046916382117766,XGBoost,1.8137208223342896,Discharge only (5)
B0018,13,1.790844349786295,XGBoost,1.7882568836212158,Discharge only (5)
B0018,14,1.783470722841926,XGBoost,1.7779102325439453,Discharge only (5)
B0018,15,1.7809386125310702,XGBoost,1.7822575569152832,Discharge only (5)
B0018,16,1.771209039672698,XGBoost,1.7823755741119385,Discharge only (5)
B0018,17,1.7686303996707076,XGBoost,1.791912317276001,Discharge only (5)
B0018,18,1.7536304801917124,XGBoost,1.785524606704712,Discharge only (5)
B0018,19,1.7462197416415093,XGBoost,1.7584372758865356,Discharge only (5)
B0018,20,1.7376647337053737,XGBoost,1.7504864931106567,Discharge only (5)
B0018,21,1.7315166735475835,XGBoost,1.7487051486968994,Discharge only (5)
B0018,22,1.7085949894470602,XGBoost,1.7328373193740845,Discharge only (5)
B0018,23,1.711469957068211,XGBoost,1.7263113260269165,Discharge only (5)
B0018,24,1.7075021373272627,XGBoost,1.7165825366973877,Discharge only (5)
B0018,25,1.7492382064360228,XGBoost,1.7339107990264893,Discharge only (5)
B0018,26,1.7327697147429955,XGBoost,1.7534724473953247,Discharge only (5)
B0018,27,1.7222313328292376,XGBoost,1.7563151121139526,Discharge only (5)
B0018,28,1.711846298984729,XGBoost,1.757870078086853,Discharge only (5)
B0018,29,1.699267835126687,XGBoost,1.7312833070755005,Discharge only (5)
B0018,30,1.6940366439243106,XGBoost,1.730456829071045,Discharge only (5)
B0018,31,1.6819027078768087,XGBoost,1.7287566661834717,Discharge only (5)
B0018,32,1.6769770618433686,XGBoost,1.7277077436447144,Discharge only (5)
B0018,33,1.6655229306478936,XGBoost,1.7273122072219849,Discharge only (5)
B0018,34,1.6571924575832084,XGBoost,1.7180488109588623,Discharge only (5)
B0018,35,1.6482241555294048,XGBoost,1.7157888412475586,Discharge only (5)
B0018,36,1.6387701497987262,XGBoost,1.71064293384552,Discharge only (5)
B0018,37,1.6276486907262062,XGBoost,1.6995824575424194,Discharge only (5)
B0018,38,1.62215370227252,XGBoost,1.6878561973571777,Discharge only (5)
B0018,39,1.6140066510467586,XGBoost,1.6855579614639282,Discharge only (5)
B0018,40,1.6760516154424623,XGBoost,1.7054508924484253,Discharge only (5)
B0018,41,1.649300642552199,XGBoost,1.7157888412475586,Discharge only (5)
B0018,42,1.63238299185809,XGBoost,1.711092472076416,Discharge only (5)
B0018,43,1.6164159719025777,XGBoost,1.6884654760360718,Discharge only (5)
B0018,44,1.6109028378249377,XGBoost,1.6824380159378052,Discharge only (5)
B0018,45,1.5954638693695657,XGBoost,1.6504974365234375,Discharge only (5)
B0018,46,1.726707440085764,XGBoost,1.7556602954864502,Discharge only (5)
B0018,47,1.7165673917429753,XGBoost,1.7714399099349976,Discharge only (5)
B0018,48,1.6958235570934848,XGBoost,1.765149474143982,Discharge only (5)
B0018,49,1.6777783190792557,XGBoost,1.754057765007019,Discharge only (5)
B0018,50,1.6606586897774192,XGBoost,1.742424726486206,Discharge only (5)
B0018,51,1.6664109274827466,XGBoost,1.7355960607528687,Discharge only (5)
B0018,52,1.6468336174407805,XGBoost,1.7306517362594604,Discharge only (5)
B0018,53,1.6257639928779952,XGBoost,1.715989351272583,Discharge only (5)
B0018,54,1.6121577411874595,XGBoost,1.7019981145858765,Discharge only (5)
B0018,55,1.6057366823755344,XGBoost,1.6596206426620483,Discharge only (5)
B0018,56,1.673645314879889,XGBoost,1.7088515758514404,Discharge only (5)
B0018,57,1.6404348572349936,XGBoost,1.7158945798873901,Discharge only (5)
B0018,58,1.6132653317422077,XGBoost,1.6689506769180298,Discharge only (5)
B0018,59,1.5920964324686278,XGBoost,1.655383825302124,Discharge only (5)
B0018,60,1.5866011820698824,XGBoost,1.6321616172790527,Discharge only (5)
B0018,61,1.5800766490336253,XGBoost,1.6319985389709473,Discharge only (5)
B0018,62,1.5641732953289167,XGBoost,1.6289706230163574,Discharge only (5)
B0018,63,1.555618272193922,XGBoost,1.617701530456543,Discharge only (5)
B0018,64,1.5402045278637397,XGBoost,1.6022255420684814,Discharge only (5)
B0018,65,1.5321613015959863,XGBoost,1.5937018394470215,Discharge only (5)
B0018,66,1.5316232403693415,XGBoost,1.6011922359466553,Discharge only (5)
B0018,67,1.5222595950771978,XGBoost,1.591383934020996,Discharge only (5)
B0018,68,1.5065267126851283,XGBoost,1.5704536437988281,Discharge only (5)
B0018,69,1.5014219556532926,XGBoost,1.5587753057479858,Discharge only (5)
B0018,70,1.4963534117486457,XGBoost,1.546179175376892,Discharge only (5)
B0018,71,1.5334262000312422,XGBoost,1.5931733846664429,Discharge only (5)
B0018,72,1.523845267514426,XGBoost,1.5912282466888428,Discharge only (5)
B0018,73,1.5011920994261239,XGBoost,1.5656282901763916,Discharge only (5)
B0018,74,1.492417671450291,XGBoost,1.5572116374969482,Discharge only (5)
B0018,75,1.483323851940123,XGBoost,1.5593600273132324,Discharge only (5)
B0018,76,1.4807376792294196,XGBoost,1.5381158590316772,Discharge only (5)
B0018,77,1.4735077809902477,XGBoost,1.5329704284667969,Discharge only (5)
B0018,78,1.46801928526661,XGBoost,1.536361575126648,Discharge only (5)
B0018,79,1.4580923557119019,XGBoost,1.523754358291626,Discharge only (5)
B0018,80,1.4478660988891399,XGBoost,1.4897197484970093,Discharge only (5)
B0018,81,1.4527808777541982,XGBoost,1.4937100410461426,Discharge only (5)
B0018,82,1.4425356364492432,XGBoost,1.4870774745941162,Discharge only (5)
B0018,83,1.4392712877203313,XGBoost,1.4886027574539185,Discharge only (5)
B0018,84,1.4286475681888218,XGBoost,1.475362777709961,Discharge only (5)
B0018,85,1.4249026750004896,XGBoost,1.4709428548812866,Discharge only (5)
B0018,86,1.4698115324524124,XGBoost,1.5299104452133179,Discharge only (5)
B0018,87,1.4525819651050202,XGBoost,1.5219097137451172,Discharge only (5)
B0018,88,1.442834198908794,XGBoost,1.4975157976150513,Discharge only (5)
B0018,89,1.428376058807949,XGBoost,1.4738911390304565,Discharge only (5)
B0018,90,1.4154547844370715,XGBoost,1.4705605506896973,Discharge only (5)
B0018,91,1.454576670077708,XGBoost,1.4921139478683472,Discharge only (5)
B0018,92,1.4283179548274056,XGBoost,1.4742766618728638,Discharge only (5)
B0018,93,1.4197026883204058,XGBoost,1.473921537399292,Discharge only (5)
B0018,94,1.4155606630306516,XGBoost,1.4774763584136963,Discharge only (5)
B0018,95,1.405680035419228,XGBoost,1.4671437740325928,Discharge only (5)
B0018,96,1.4084461071166137,XGBoost,1.4773184061050415,Discharge only (5)
B0018,97,1.3968547782872414,XGBoost,1.4697761535644531,Discharge only (5)
B0018,98,1.3935670371440676,XGBoost,1.4621318578720093,Discharge only (5)
B0018,99,1.3893644292809475,XGBoost,1.4697761535644531,Discharge only (5)
B0018,100,1.3785651415666713,XGBoost,1.442957878112793,Discharge only (5)
B0018,101,1.384901110085747,XGBoost,1.46687650680542,Discharge only (5)
B0018,102,1.3703251814242443,XGBoost,1.443644642829895,Discharge only (5)
B0018,103,1.3733464385229082,XGBoost,1.4414759874343872,Discharge only (5)
B0018,104,1.3679487285504814,XGBoost,1.4372962713241577,Discharge only (5)
B0018,105,1.3567141087089647,XGBoost,1.433776617050171,Discharge only (5)
B0018,106,1.4604310209194575,XGBoost,1.5200295448303223,Discharge only (5)
B0018,107,1.4500998937104097,XGBoost,1.5202689170837402,Discharge only (5)
B0018,108,1.4381406901824496,XGBoost,1.5156140327453613,Discharge only (5)
B0018,109,1.4283681980964316,XGBoost,1.5031613111495972,Discharge only (5)
B0018,110,1.4147874517552432,XGBoost,1.4775512218475342,Discharge only (5)
B0018,111,1.413889163393182,XGBoost,1.477906346321106,Discharge only (5)
B0018,112,1.3989331662177225,XGBoost,1.4667853116989136,Discharge only (5)
B0018,113,1.3953322584033976,XGBoost,1.4775512218475342,Discharge only (5)
B0018,114,1.390046129540245,XGBoost,1.4740314483642578,Discharge only (5)
B0018,115,1.3860271454209647,XGBoost,1.4667853116989136,Discharge only (5)
B0018,116,1.388215260193751,XGBoost,1.4601980447769165,Discharge only (5)
B0018,117,1.3761826562394497,XGBoost,1.4666136503219604,Discharge only (5)
B0018,118,1.3647168898640165,XGBoost,1.4538522958755493,Discharge only (5)
B0018,119,1.3589854739373584,XGBoost,1.4357069730758667,Discharge only (5)
B0018,120,1.3462308764008801,XGBoost,1.401882290840149,Discharge only (5)
B0018,121,1.4268427818454643,XGBoost,1.4721145629882812,Discharge only (5)
B0018,122,1.4064481483279663,XGBoost,1.476746916770935,Discharge only (5)
B0018,123,1.3934907492075153,XGBoost,1.477108359336853,Discharge only (5)
B0018,124,1.3882493512249316,XGBoost,1.4771634340286255,Discharge only (5)
B0018,125,1.3701878338420928,XGBoost,1.4666136503219604,Discharge only (5)
B0018,126,1.3796951665608619,XGBoost,1.4695088863372803,Discharge only (5)
B0018,127,1.3686586323935683,XGBoost,1.4618645906448364,Discharge only (5)
B0018,128,1.3627371779096438,XGBoost,1.4666136503219604,Discharge only (5)
B0018,129,1.3634051133928073,XGBoost,1.4738998413085938,Discharge only (5)
B0018,130,1.3518646035305233,XGBoost,1.431212067604065,Discharge only (5)
B0018,131,1.3547969729652622,XGBoost,1.4300955533981323,Discharge only (5)
B0018,132,1.341051440640485,XGBoost,1.4080909490585327,Discharge only (5)
B0005,1,1.8564874208181574,Linear Regression,1.8386770761441058,All features (7)
B0005,2,1.846327249719927,Linear Regression,1.860451754541324,All features (7)
B0005,3,1.8353491942234077,Linear Regression,1.8527648326252075,All features (7)
B0005,4,1.8352625275821128,Linear Regression,1.8534991161246777,All features (7)
B0005,5,1.8346455082120419,Linear Regression,1.8461693336415295,All features (7)
B0005,6,1.8356616600675495,Linear Regression,1.8485494882357547,All features (7)
B0005,7,1.8351461429226603,Linear Regression,1.8490756359026417,All features (7)
B0005,8,1.8257567905665537,Linear Regression,1.8437406801569292,All features (7)
B0005,9,1.8247738529891333,Linear Regression,1.8426166726638928,All features (7)
B0005,10,1.824613268496936,Linear Regression,1.8466517140180136,All features (7)
B0005,11,1.8246195526864504,Linear Regression,1.8381817163137368,All features (7)
B0005,12,1.8142019357673917,Linear Regression,1.8274826359622471,All features (7)
B0005,13,1.8137521577549054,Linear Regression,1.8258239446787248,All features (7)
B0005,14,1.8134404914735822,Linear Regression,1.8141455503490675,All features (7)
B0005,15,1.8025980036306504,Linear Regression,1.8150015460263333,All features (7)
B0005,16,1.80210690024615,Linear Regression,1.8096630830968294,All features (7)
B0005,17,1.802579500826209,Linear Regression,1.8065237353235597,All features (7)
B0005,18,1.8030683142834096,Linear Regression,1.8040263127033567,All features (7)
B0005,19,1.8027776247196041,Linear Regression,1.803032602716102,All features (7)
B0005,20,1.8470259949329193,Linear Regression,1.8286373311545825,All features (7)
B0005,21,1.847417311283644,Linear Regression,1.8616497366792342,All features (7)
B0005,22,1.8361774213478947,Linear Regression,1.851657824561553,All features (7)
B0005,23,1.8257807475776242,Linear Regression,1.8368823273793538,All features (7)
B0005,24,1.8251136435078368,Linear Regression,1.8244425073439492,All features (7)
B0005,25,1.8255815042203762,Linear Regression,1.8281967942030866,All features (7)
B0005,26,1.8140311275083907,Linear Regression,1.8191171510446695,All features (7)
B0005,27,1.8147691941158939,Linear Regression,1.8280349384413408,All features (7)
B0005,28,1.813969388710352,Linear Regression,1.8154906414578693,All features (7)
B0005,29,1.802765665167823,Linear Regression,1.8172702561228333,All features (7)
B0005,30,1.804077040117352,Linear Regression,1.802954407839752,All features (7)
B0005,31,1.8518025516704486,Linear Regression,1.8275842546790966,All features (7)
B0005,32,1.8307038456739428,Linear Regression,1.836872124055272,All features (7)
B0005,33,1.8199041089501267,Linear Regression,1.8243066212328491,All features (7)
B0005,34,1.8093079637028517,Linear Regression,1.8116681638724634,All features (7)
B0005,35,1.80460990458052,Linear Regression,1.808531725072946,All features (7)
B0005,36,1.7993770651972192,Linear Regression,1.8107504791010653,All features (7)
B0005,37,1.7884432335370462,Linear Regression,1.790827775397469,All features (7)
B0005,38,1.7829230484252723,Linear Regression,1.7874866541166847,All features (7)
B0005,39,1.7730337158018288,Linear Regression,1.7863244954785351,All features (7)
B0005,40,1.773037755078937,Linear Regression,1.7790093262342772,All features (7)
B0005,41,1.7678721106662054,Linear Regression,1.7802416695920245,All features (7)
B0005,42,1.7623150704093087,Linear Regression,1.770000310181214,All features (7)
B0005,43,1.7676172924938447,Linear Regression,1.7421808295501335,All features (7)
B0005,44,1.762668359743147,Linear Regression,1.7700213412705876,All features (7)
B0005,45,1.7517304870664143,Linear Regression,1.753530750988233,All features (7)
B0005,46,1.7418496047960008,Linear Regression,1.7491842188923141,All features (7)
B0005,47,1.7360913511847138,Linear Regression,1.7425668853849439,All features (7)
B0005,48,1.7936240148573608,Linear Regression,1.7710292683062656,All features (7)
B0005,49,1.7831890223273275,Linear Regression,1.787575906788715,All features (7)
B0005,50,1.7673642076278957,Linear Regression,1.7663237401336336,All features (7)
B0005,51,1.7570177850353066,Linear Regression,1.75151286232733,All features (7)
B0005,52,1.7468706179837907,Linear Regression,1.7426532318422965,All features (7)
B0005,53,1.7417172507457144,Linear Regression,1.743307870170026,All features (7)
B0005,54,1.7364225056478186,Linear Regression,1.7327013326520733,All features (7)
B0005,55,1.7263217239235826,Linear Regression,1.716003368983234,All features (7)
B0005,56,1.7158065389330133,Linear Regression,1.7211765706585875,All features (7)
B0005,57,1.710533351135192,Linear Regression,1.714390201710086,All features (7)
B0005,58,1.706014499648521,Linear Regression,1.713864444425978,All features (7)
B0005,59,1.7003110272642588,Linear Regression,1.7047111403491213,All features (7)
B0005,60,1.6945798601797895,Linear Regression,1.6955044418206493,All features (7)
B0005,61,1.6849029086609286,Linear Regression,1.6918066213197975,All features (7)
B0005,62,1.6744741591159717,Linear Regression,1.684548747613565,All features (7)
B0005,63,1.6745692479879102,Linear Regression,1.6833512378967777,All features (7)
B0005,64,1.663716375981405,Linear Regression,1.672667438080515,All features (7)
B0005,65,1.659013868748246,Linear Regression,1.6723839213083624,All features (7)
B0005,66,1.6538540573335014,Linear Regression,1.6619530442753683,All features (7)
B0005,67,1.642653782130131,Linear Regression,1.6603282710641802,All features (7)
B0005,68,1.6378578430223698,Linear Regression,1.6538078483114311,All features (7)
B0005,69,1.6327350407099108,Linear Regression,1.6476817979448035,All features (7)
B0005,70,1.6277528915533617,Linear Regression,1.6417507873907402,All features (7)
B0005,71,1.622125485521159,Linear Regression,1.6390159830011493,All features (7)
B0005,72,1.6113256603765849,Linear Regression,1.6339376845567948,All features (7)
B0005,73,1.6065631397488385,Linear Regression,1.6287723103887637,All features (7)
B0005,74,1.6015142233917594,Linear Regression,1.6206088196625021,All features (7)
B0005,75,1.590369231400328,Linear Regression,1.616860890370118,All features (7)
B0005,76,1.5857889968242211,Linear Regression,1.6091245748111922,All features (7)
B0005,77,1.5849430707374117,Linear Regression,1.5995761830695152,All features (7)
B0005,78,1.5955263892495937,Linear Regression,1.613887035158047,All features (7)
B0005,79,1.5747301747801037,Linear Regression,1.595421845191674,All features (7)
B0005,80,1.5649019950937946,Linear Regression,1.5897022072502283,All features (7)
B0005,81,1.5597659473370362,Linear Regression,1.588375836247421,All features (7)
B0005,82,1.5594815668184234,Linear Regression,1.58258023260212,All features (7)
B0005,83,1.55468935359061,Linear Regression,1.5776813783745554,All features (7)
B0005,84,1.5488741079890418,Linear Regression,1.5692303712363578,All features (7)
B0005,85,1.538236598942558,Linear Regression,1.5688140842498297,All features (7)
B0005,86,1.527914258251028,Linear Regression,1.5606338676393947,All features (7)
B0005,87,1.5285252629756445,Linear Regression,1.5577724184144157,All features (7)
B0005,88,1.522647325284378,Linear Regression,1.5566953898348606,All features (7)
B0005,89,1.5174859938489869,Linear Regression,1.5452976531187048,All features (7)
B0005,90,1.605818899130659,Linear Regression,1.5677357146110802,All features (7)
B0005,91,1.5638491446744425,Linear Regression,1.5744950784553393,All features (7)
B0005,92,1.5480915247767786,Linear Regression,1.5672787984455407,All features (7)
B0005,93,1.5323755631868592,Linear Regression,1.5621543718016109,All features (7)
B0005,94,1.5269528268489705,Linear Regression,1.5467480706786791,All features (7)
B0005,95,1.5169573017136326,Linear Regression,1.540001636234006,All features (7)
B0005,96,1.5118975960142693,Linear Regression,1.5359505075991613,All features (7)
B0005,97,1.5065638960681105,Linear Regression,1.5311777007544354,All features (7)
B0005,98,1.5015453526671363,Linear Regression,1.5330609171205254,All features (7)
B0005,99,1.4908444050400238,Linear Regression,1.5229876728935616,All features (7)
B0005,100,1.485868384561201,Linear Regression,1.5143688802001973,All features (7)
B0005,101,1.480413677976106,Linear Regression,1.5137109220434253,All features (7)
B0005,102,1.4752095869031632,Linear Regression,1.5029214044674293,All features (7)
B0005,103,1.4859035988304024,Linear Regression,1.5088165845602157,All features (7)
B0005,104,1.4960918298136696,Linear Regression,1.5182119320235516,All features (7)
B0005,105,1.4808005946928984,Linear Regression,1.5151445684212432,All features (7)
B0005,106,1.4697543268466824,Linear Regression,1.5023884400810261,All features (7)
B0005,107,1.4539012274845928,Linear Regression,1.4911829060511568,All features (7)
B0005,108,1.4541462067235693,Linear Regression,1.4894649671704523,All features (7)
B0005,109,1.455023751906683,Linear Regression,1.4863757812668845,All features (7)
B0005,110,1.449042163761236,Linear Regression,1.4819523554424452,All features (7)
B0005,111,1.4386709371480566,Linear Regression,1.4721731908061295,All features (7)
B0005,112,1.433445432156979,Linear Regression,1.4649608680069486,All features (7)
B0005,113,1.4333958900838095,Linear Regression,1.4672058470356755,All features (7)
B0005,114,1.42806487344776,Linear Regression,1.4632591031983841,All features (7)
B0005,115,1.4229203181741186,Linear Regression,1.4581435876648148,All features (7)
B0005,116,1.417429032731308,Linear Regression,1.4542272556851794,All features (7)
B0005,117,1.412409228794446,Linear Regression,1.4483169506406488,All features (7)
B0005,118,1.412578792940193,Linear Regression,1.4529763105091131,All features (7)
B0005,119,1.4075983731469897,Linear Regression,1.4474898407450716,All features (7)
B0005,120,1.4333920485221476,Linear Regression,1.4588020637604993,All features (7)
B0005,121,1.4382550176792908,Linear Regression,1.4705964806429985,All features (7)
B0005,122,1.4173547174485526,Linear Regression,1.4529450338894583,All features (7)
B0005,123,1.406981663677643,Linear Regression,1.444342307979636,All features (7)
B0005,124,1.4012037783587625,Linear Regression,1.4375580718594947,All features (7)
B0005,125,1.3967008232726328,Linear Regression,1.433904475647883,All features (7)
B0005,126,1.391284788852726,Linear Regression,1.4281660316504383,All features (7)
B0005,127,1.3862287677978349,Linear Regression,1.424731586311139,All features (7)
B0005,128,1.3804366761974138,Linear Regression,1.4131274874654898,All features (7)
B0005,129,1.3752364150256224,Linear Regression,1.416706431318666,All features (7)
B0005,130,1.3705128024895008,Linear Regression,1.407105338647982,All features (7)
B0005,131,1.3705085566270399,Linear Regression,1.4115214000670067,All features (7)
B0005,132,1.3647355108681518,Linear Regression,1.4035111593373244,All features (7)
B0005,133,1.375392016895762,Linear Regression,1.414064447974392,All features (7)
B0005,134,1.3861115151535393,Linear Regression,1.4180117427428591,All features (7)
B0005,135,1.3698500035838939,Linear Regression,1.404009002881456,All features (7)
B0005,136,1.3647827949260758,Linear Regression,1.3987192620036832,All features (7)
B0005,137,1.3543220466259964,Linear Regression,1.4001849650631333,All features (7)
B0005,138,1.3546417018378962,Linear Regression,1.3934141653313017,All features (7)
B0005,139,1.3547039213192407,Linear Regression,1.3886344443818606,All features (7)
B0005,140,1.349314997503458,Linear Regression,1.3826531059309395,All features (7)
B0005,141,1.3441891937970554,Linear Regression,1.3817924459031075,All features (7)
B0005,142,1.3389913790695755,Linear Regression,1.3745254453260165,All features (7)
B0005,143,1.3389145230206971,Linear Regression,1.3816454135410055,All features (7)
B0005,144,1.3340066759761655,Linear Regression,1.3712071927627878,All features (7)
B0005,145,1.3286444309174914,Linear Regression,1.3664559813058048,All features (7)
B0005,146,1.3231708992276219,Linear Regression,1.3647798823995374,All features (7)
B0005,147,1.3181691588445197,Linear Regression,1.3698245116426269,All features (7)
B0005,148,1.3184664436640334,Linear Regression,1.3587803097740692,All features (7)
B0005,149,1.318293040102702,Linear Regression,1.3554158534457161,All features (7)
B0005,150,1.323872422244268,Linear Regression,1.3587323771316835,All features (7)
B0005,151,1.3601216766554785,Linear Regression,1.3998835546250197,All features (7)
B0005,152,1.3395306867947354,Linear Regression,1.382203396109177,All features (7)
B0005,153,1.3290286565120697,Linear Regression,1.3640671805734874,All features (7)
B0005,154,1.3236741274998955,Linear Regression,1.3646033730153078,All features (7)
B0005,155,1.318633896753293,Linear Regression,1.3521119904242833,All features (7)
B0005,156,1.3134751321324272,Linear Regression,1.3538482962899605,All features (7)
B0005,157,1.3132020634442203,Linear Regression,1.3518106700346826,All features (7)
B0005,158,1.3077959946944353,Linear Regression,1.347361215865708,All features (7)
B0005,159,1.3030329186405918,Linear Regression,1.3439543392919704,All features (7)
B0005,160,1.3033573559038205,Linear Regression,1.340803026926437,All features (7)
B0005,161,1.3034100438655642,Linear Regression,1.3454712580775219,All features (7)
B0005,162,1.2978870806495706,Linear Regression,1.3381368491826051,All features (7)
B0005,163,1.2980735056918902,Linear Regression,1.331263600314664,All features (7)
B0005,164,1.293463613844243,Linear Regression,1.3346695071275074,All features (7)
B0005,165,1.288003392619118,Linear Regression,1.3285753471159518,All features (7)
B0005,166,1.2874525221379407,Linear Regression,1.323442700049879,All features (7)
B0005,167,1.3090153642307354,Linear Regression,1.3385615056125295,All features (7)
B0005,168,1.3250793286429356,Linear Regression,1.3705389095802925,All features (7)
B0005,1,1.8564874208181574,Random Forest,1.8448029422953158,All features (7)
B0005,2,1.846327249719927,Random Forest,1.8529724951305098,All features (7)
B0005,3,1.8353491942234077,Random Forest,1.8528646513813132,All features (7)
B0005,4,1.8352625275821128,Random Forest,1.853031441811138,All features (7)
B0005,5,1.8346455082120419,Random Forest,1.8539411883679089,All features (7)
B0005,6,1.8356616600675495,Random Forest,1.8560931601537118,All features (7)
B0005,7,1.8351461429226603,Random Forest,1.8570142923693451,All features (7)
B0005,8,1.8257567905665537,Random Forest,1.8532432982266287,All features (7)
B0005,9,1.8247738529891333,Random Forest,1.8489083448942312,All features (7)
B0005,10,1.824613268496936,Random Forest,1.8516249022531224,All features (7)
B0005,11,1.8246195526864504,Random Forest,1.8479660742992734,All features (7)
B0005,12,1.8142019357673917,Random Forest,1.8430464586559312,All features (7)
B0005,13,1.8137521577549054,Random Forest,1.8404687686515688,All features (7)
B0005,14,1.8134404914735822,Random Forest,1.8327644540156114,All features (7)
B0005,15,1.8025980036306504,Random Forest,1.8322776947628343,All features (7)
B0005,16,1.80210690024615,Random Forest,1.827304927281703,All features (7)
B0005,17,1.802579500826209,Random Forest,1.8259069673594144,All features (7)
B0005,18,1.8030683142834096,Random Forest,1.824587644953057,All features (7)
B0005,19,1.8027776247196041,Random Forest,1.8246077472251907,All features (7)
B0005,20,1.8470259949329193,Random Forest,1.823288006078671,All features (7)
B0005,21,1.847417311283644,Random Forest,1.853679450354491,All features (7)
B0005,22,1.8361774213478947,Random Forest,1.8519188903582091,All features (7)
B0005,23,1.8257807475776242,Random Forest,1.84696898733667,All features (7)
B0005,24,1.8251136435078368,Random Forest,1.8438760816725444,All features (7)
B0005,25,1.8255815042203762,Random Forest,1.8436053567277193,All features (7)
B0005,26,1.8140311275083907,Random Forest,1.8391018356289153,All features (7)
B0005,27,1.8147691941158939,Random Forest,1.841508049457846,All features (7)
B0005,28,1.813969388710352,Random Forest,1.8340650796024547,All features (7)
B0005,29,1.802765665167823,Random Forest,1.8342930968956201,All features (7)
B0005,30,1.804077040117352,Random Forest,1.8297093434939746,All features (7)
B0005,31,1.8518025516704486,Random Forest,1.8314464628914449,All features (7)
B0005,32,1.8307038456739428,Random Forest,1.8344115943285328,All features (7)
B0005,33,1.8199041089501267,Random Forest,1.8305540896601875,All features (7)
B0005,34,1.8093079637028517,Random Forest,1.8099016127313599,All features (7)
B0005,35,1.80460990458052,Random Forest,1.8064073567456225,All features (7)
B0005,36,1.7993770651972192,Random Forest,1.8030835663102422,All features (7)
B0005,37,1.7884432335370462,Random Forest,1.7888883003046165,All features (7)
B0005,38,1.7829230484252723,Random Forest,1.7792789174931922,All features (7)
B0005,39,1.7730337158018288,Random Forest,1.768809494123164,All features (7)
B0005,40,1.773037755078937,Random Forest,1.7617607280420469,All features (7)
B0005,41,1.7678721106662054,Random Forest,1.7621776388801005,All features (7)
B0005,42,1.7623150704093087,Random Forest,1.759052273619646,All features (7)
B0005,43,1.7676172924938447,Random Forest,1.753228791114051,All features (7)
B0005,44,1.762668359743147,Random Forest,1.7594988839640937,All features (7)
B0005,45,1.7517304870664143,Random Forest,1.7411014524619863,All features (7)
B0005,46,1.7418496047960008,Random Forest,1.739753238596083,All features (7)
B0005,47,1.7360913511847138,Random Forest,1.7364867375268078,All features (7)
B0005,48,1.7936240148573608,Random Forest,1.7528092869401737,All features (7)
B0005,49,1.7831890223273275,Random Forest,1.797180428425658,All features (7)
B0005,50,1.7673642076278957,Random Forest,1.7778201450665498,All features (7)
B0005,51,1.7570177850353066,Random Forest,1.7563380916891378,All features (7)
B0005,52,1.7468706179837907,Random Forest,1.7382757642788251,All features (7)
B0005,53,1.7417172507457144,Random Forest,1.735195242535473,All features (7)
B0005,54,1.7364225056478186,Random Forest,1.7316020130952254,All features (7)
B0005,55,1.7263217239235826,Random Forest,1.726686127256113,All features (7)
B0005,56,1.7158065389330133,Random Forest,1.71378553704057,All features (7)
B0005,57,1.710533351135192,Random Forest,1.706323000244016,All features (7)
B0005,58,1.706014499648521,Random Forest,1.7053406626960517,All features (7)
B0005,59,1.7003110272642588,Random Forest,1.7031911147728391,All features (7)
B0005,60,1.6945798601797895,Random Forest,1.6985460210669974,All features (7)
B0005,61,1.6849029086609286,Random Forest,1.6844511784753646,All features (7)
B0005,62,1.6744741591159717,Random Forest,1.674568653648767,All features (7)
B0005,63,1.6745692479879102,Random Forest,1.6721133931299865,All features (7)
B0005,64,1.663716375981405,Random Forest,1.6642683292358,All features (7)
B0005,65,1.659013868748246,Random Forest,1.6645621908571275,All features (7)
B0005,66,1.6538540573335014,Random Forest,1.6441892872605282,All features (7)
B0005,67,1.642653782130131,Random Forest,1.6405572220970415,All features (7)
B0005,68,1.6378578430223698,Random Forest,1.6343659666097359,All features (7)
B0005,69,1.6327350407099108,Random Forest,1.632499365055327,All features (7)
B0005,70,1.6277528915533617,Random Forest,1.6220105999445966,All features (7)
B0005,71,1.622125485521159,Random Forest,1.6425140678782366,All features (7)
B0005,72,1.6113256603765849,Random Forest,1.6391604843478387,All features (7)
B0005,73,1.6065631397488385,Random Forest,1.6100016735013603,All features (7)
B0005,74,1.6015142233917594,Random Forest,1.5910225448750261,All features (7)
B0005,75,1.590369231400328,Random Forest,1.585354399991492,All features (7)
B0005,76,1.5857889968242211,Random Forest,1.5780596264511249,All features (7)
B0005,77,1.5849430707374117,Random Forest,1.5652625408992393,All features (7)
B0005,78,1.5955263892495937,Random Forest,1.5681797312811045,All features (7)
B0005,79,1.5747301747801037,Random Forest,1.5740513064941286,All features (7)
B0005,80,1.5649019950937946,Random Forest,1.5611843414327078,All features (7)
B0005,81,1.5597659473370362,Random Forest,1.5501545210194152,All features (7)
B0005,82,1.5594815668184234,Random Forest,1.5408132710754352,All features (7)
B0005,83,1.55468935359061,Random Forest,1.5446707509457283,All features (7)
B0005,84,1.5488741079890418,Random Forest,1.5341350307499828,All features (7)
B0005,85,1.538236598942558,Random Forest,1.5262980795310448,All features (7)
B0005,86,1.527914258251028,Random Forest,1.518974397151488,All features (7)
B0005,87,1.5285252629756445,Random Forest,1.512739279792968,All features (7)
B0005,88,1.522647325284378,Random Forest,1.5169368104733918,All features (7)
B0005,89,1.5174859938489869,Random Forest,1.512113398157924,All features (7)
B0005,90,1.605818899130659,Random Forest,1.5241193720175292,All features (7)
B0005,91,1.5638491446744425,Random Forest,1.532898774423435,All features (7)
B0005,92,1.5480915247767786,Random Forest,1.543462738075375,All features (7)
B0005,93,1.5323755631868592,Random Forest,1.5271146833862221,All features (7)
B0005,94,1.5269528268489705,Random Forest,1.5159263304643988,All features (7)
B0005,95,1.5169573017136326,Random Forest,1.516653182248913,All features (7)
B0005,96,1.5118975960142693,Random Forest,1.505313452914626,All features (7)
B0005,97,1.5065638960681105,Random Forest,1.4972575817102611,All features (7)
B0005,98,1.5015453526671363,Random Forest,1.490199427770004,All features (7)
B0005,99,1.4908444050400238,Random Forest,1.4841539736559906,All features (7)
B0005,100,1.485868384561201,Random Forest,1.4768606031693101,All features (7)
B0005,101,1.480413677976106,Random Forest,1.4716157892928248,All features (7)
B0005,102,1.4752095869031632,Random Forest,1.4695184640666077,All features (7)
B0005,103,1.4859035988304024,Random Forest,1.4711507238357657,All features (7)
B0005,104,1.4960918298136696,Random Forest,1.4744492260129614,All features (7)
B0005,105,1.4808005946928984,Random Forest,1.4760012181350128,All features (7)
B0005,106,1.4697543268466824,Random Forest,1.4693276670523137,All features (7)
B0005,107,1.4539012274845928,Random Forest,1.459038515294598,All features (7)
B0005,108,1.4541462067235693,Random Forest,1.4577140986409254,All features (7)
B0005,109,1.455023751906683,Random Forest,1.4604921929189707,All features (7)
B0005,110,1.449042163761236,Random Forest,1.4577198225996717,All features (7)
B0005,111,1.4386709371480566,Random Forest,1.4462728168542214,All features (7)
B0005,112,1.433445432156979,Random Forest,1.4392558756844969,All features (7)
B0005,113,1.4333958900838095,Random Forest,1.4412580786684663,All features (7)
B0005,114,1.42806487344776,Random Forest,1.4430574478446283,All features (7)
B0005,115,1.4229203181741186,Random Forest,1.4361473397323068,All features (7)
B0005,116,1.417429032731308,Random Forest,1.4324784560754569,All features (7)
B0005,117,1.412409228794446,Random Forest,1.4218846184603187,All features (7)
B0005,118,1.412578792940193,Random Forest,1.43126615039186,All features (7)
B0005,119,1.4075983731469897,Random Forest,1.4238920796212617,All features (7)
B0005,120,1.4333920485221476,Random Forest,1.4483615313929454,All features (7)
B0005,121,1.4382550176792908,Random Forest,1.4529456753444845,All features (7)
B0005,122,1.4173547174485526,Random Forest,1.4358509271215452,All features (7)
B0005,123,1.406981663677643,Random Forest,1.4208751477036232,All features (7)
B0005,124,1.4012037783587625,Random Forest,1.4199270080411879,All features (7)
B0005,125,1.3967008232726328,Random Forest,1.4134206591608673,All features (7)
B0005,126,1.391284788852726,Random Forest,1.4181908140773027,All features (7)
B0005,127,1.3862287677978349,Random Forest,1.4118968253139017,All features (7)
B0005,128,1.3804366761974138,Random Forest,1.4114365395681017,All features (7)
B0005,129,1.3752364150256224,Random Forest,1.4169742697129626,All features (7)
B0005,130,1.3705128024895008,Random Forest,1.4174462956788245,All features (7)
B0005,131,1.3705085566270399,Random Forest,1.4185575566951862,All features (7)
B0005,132,1.3647355108681518,Random Forest,1.4200567453874924,All features (7)
B0005,133,1.375392016895762,Random Forest,1.4183763455326184,All features (7)
B0005,134,1.3861115151535393,Random Forest,1.4165381913041073,All features (7)
B0005,135,1.3698500035838939,Random Forest,1.409227710858873,All features (7)
B0005,136,1.3647827949260758,Random Forest,1.4193461804396135,All features (7)
B0005,137,1.3543220466259964,Random Forest,1.4188864702690336,All features (7)
B0005,138,1.3546417018378962,Random Forest,1.417300626050683,All features (7)
B0005,139,1.3547039213192407,Random Forest,1.414706257838076,All features (7)
B0005,140,1.349314997503458,Random Forest,1.4160570330336677,All features (7)
B0005,141,1.3441891937970554,Random Forest,1.4199162462641768,All features (7)
B0005,142,1.3389913790695755,Random Forest,1.4193472590491942,All features (7)
B0005,143,1.3389145230206971,Random Forest,1.4174489832524406,All features (7)
B0005,144,1.3340066759761655,Random Forest,1.4193460902341644,All features (7)
B0005,145,1.3286444309174914,Random Forest,1.4218768396801074,All features (7)
B0005,146,1.3231708992276219,Random Forest,1.4253250544993792,All features (7)
B0005,147,1.3181691588445197,Random Forest,1.426267122147472,All features (7)
B0005,148,1.3184664436640334,Random Forest,1.4251906380757315,All features (7)
B0005,149,1.318293040102702,Random Forest,1.4249918629153546,All features (7)
B0005,150,1.323872422244268,Random Forest,1.4287894694924497,All features (7)
B0005,151,1.3601216766554785,Random Forest,1.4293713199327098,All features (7)
B0005,152,1.3395306867947354,Random Forest,1.4167478304458334,All features (7)
B0005,153,1.3290286565120697,Random Forest,1.4201275094033665,All features (7)
B0005,154,1.3236741274998955,Random Forest,1.4250769947589144,All features (7)
B0005,155,1.318633896753293,Random Forest,1.4248789436818923,All features (7)
B0005,156,1.3134751321324272,Random Forest,1.426079984228431,All features (7)
B0005,157,1.3132020634442203,Random Forest,1.427418540570576,All features (7)
B0005,158,1.3077959946944353,Random Forest,1.4278776412544323,All features (7)
B0005,159,1.3030329186405918,Random Forest,1.4262923864206076,All features (7)
B0005,160,1.3033573559038205,Random Forest,1.4254729467635188,All features (7)
B0005,161,1.3034100438655642,Random Forest,1.425711913895008,All features (7)
B0005,162,1.2978870806495706,Random Forest,1.4233468942892005,All features (7)
B0005,163,1.2980735056918902,Random Forest,1.4240602385390908,All features (7)
B0005,164,1.293463613844243,Random Forest,1.42380860511956,All features (7)
B0005,165,1.288003392619118,Random Forest,1.4217411852418576,All features (7)
B0005,166,1.2874525221379407,Random Forest,1.420705953599442,All features (7)
B0005,167,1.3090153642307354,Random Forest,1.421755663419593,All features (7)
B0005,168,1.3250793286429356,Random Forest,1.4156577770948124,All features (7)
B0005,1,1.8564874208181574,XGBoost,1.828885555267334,All features (7)
B0005,2,1.846327249719927,XGBoost,1.8396726846694946,All features (7)
B0005,3,1.8353491942234077,XGBoost,1.8359862565994263,All features (7)
B0005,4,1.8352625275821128,XGBoost,1.8345221281051636,All features (7)
B0005,5,1.8346455082120419,XGBoost,1.8337429761886597,All features (7)
B0005,6,1.8356616600675495,XGBoost,1.8509737253189087,All features (7)
B0005,7,1.8351461429226603,XGBoost,1.850536584854126,All features (7)
B0005,8,1.8257567905665537,XGBoost,1.8505884408950806,All features (7)
B0005,9,1.8247738529891333,XGBoost,1.851901650428772,All features (7)
B0005,10,1.824613268496936,XGBoost,1.8520361185073853,All features (7)
B0005,11,1.8246195526864504,XGBoost,1.8467642068862915,All features (7)
B0005,12,1.8142019357673917,XGBoost,1.8462986946105957,All features (7)
B0005,13,1.8137521577549054,XGBoost,1.8464471101760864,All features (7)
B0005,14,1.8134404914735822,XGBoost,1.8361332416534424,All features (7)
B0005,15,1.8025980036306504,XGBoost,1.8368030786514282,All features (7)
B0005,16,1.80210690024615,XGBoost,1.828291654586792,All features (7)
B0005,17,1.802579500826209,XGBoost,1.8341118097305298,All features (7)
B0005,18,1.8030683142834096,XGBoost,1.8287514448165894,All features (7)
B0005,19,1.8027776247196041,XGBoost,1.8287514448165894,All features (7)
B0005,20,1.8470259949329193,XGBoost,1.8243861198425293,All features (7)
B0005,21,1.847417311283644,XGBoost,1.8504632711410522,All features (7)
B0005,22,1.8361774213478947,XGBoost,1.8471921682357788,All features (7)
B0005,23,1.8257807475776242,XGBoost,1.841933012008667,All features (7)
B0005,24,1.8251136435078368,XGBoost,1.840645670890808,All features (7)
B0005,25,1.8255815042203762,XGBoost,1.8427823781967163,All features (7)
B0005,26,1.8140311275083907,XGBoost,1.8331435918807983,All features (7)
B0005,27,1.8147691941158939,XGBoost,1.8450255393981934,All features (7)
B0005,28,1.813969388710352,XGBoost,1.8200035095214844,All features (7)
B0005,29,1.802765665167823,XGBoost,1.8209890127182007,All features (7)
B0005,30,1.804077040117352,XGBoost,1.817521333694458,All features (7)
B0005,31,1.8518025516704486,XGBoost,1.8334827423095703,All features (7)
B0005,32,1.8307038456739428,XGBoost,1.8312495946884155,All features (7)
B0005,33,1.8199041089501267,XGBoost,1.8377658128738403,All features (7)
B0005,34,1.8093079637028517,XGBoost,1.8013498783111572,All features (7)
B0005,35,1.80460990458052,XGBoost,1.7948929071426392,All features (7)
B0005,36,1.7993770651972192,XGBoost,1.7918490171432495,All features (7)
B0005,37,1.7884432335370462,XGBoost,1.7867928743362427,All features (7)
B0005,38,1.7829230484252723,XGBoost,1.7779114246368408,All features (7)
B0005,39,1.7730337158018288,XGBoost,1.764997959136963,All features (7)
B0005,40,1.773037755078937,XGBoost,1.7479170560836792,All features (7)
B0005,41,1.7678721106662054,XGBoost,1.7471191883087158,All features (7)
B0005,42,1.7623150704093087,XGBoost,1.7463654279708862,All features (7)
B0005,43,1.7676172924938447,XGBoost,1.7555344104766846,All features (7)
B0005,44,1.762668359743147,XGBoost,1.7454780340194702,All features (7)
B0005,45,1.7517304870664143,XGBoost,1.7451248168945312,All features (7)
B0005,46,1.7418496047960008,XGBoost,1.7419394254684448,All features (7)
B0005,47,1.7360913511847138,XGBoost,1.7244457006454468,All features (7)
B0005,48,1.7936240148573608,XGBoost,1.7544575929641724,All features (7)
B0005,49,1.7831890223273275,XGBoost,1.7988964319229126,All features (7)
B0005,50,1.7673642076278957,XGBoost,1.777766227722168,All features (7)
B0005,51,1.7570177850353066,XGBoost,1.757423758506775,All features (7)
B0005,52,1.7468706179837907,XGBoost,1.7425743341445923,All features (7)
B0005,53,1.7417172507457144,XGBoost,1.7382084131240845,All features (7)
B0005,54,1.7364225056478186,XGBoost,1.7378413677215576,All features (7)
B0005,55,1.7263217239235826,XGBoost,1.7278835773468018,All features (7)
B0005,56,1.7158065389330133,XGBoost,1.7074042558670044,All features (7)
B0005,57,1.710533351135192,XGBoost,1.7044044733047485,All features (7)
B0005,58,1.706014499648521,XGBoost,1.7065579891204834,All features (7)
B0005,59,1.7003110272642588,XGBoost,1.6938437223434448,All features (7)
B0005,60,1.6945798601797895,XGBoost,1.68836510181427,All features (7)
B0005,61,1.6849029086609286,XGBoost,1.6818926334381104,All features (7)
B0005,62,1.6744741591159717,XGBoost,1.6806187629699707,All features (7)
B0005,63,1.6745692479879102,XGBoost,1.6793328523635864,All features (7)
B0005,64,1.663716375981405,XGBoost,1.6743141412734985,All features (7)
B0005,65,1.659013868748246,XGBoost,1.6744900941848755,All features (7)
B0005,66,1.6538540573335014,XGBoost,1.639567255973816,All features (7)
B0005,67,1.642653782130131,XGBoost,1.6374173164367676,All features (7)
B0005,68,1.6378578430223698,XGBoost,1.631910800933838,All features (7)
B0005,69,1.6327350407099108,XGBoost,1.632595419883728,All features (7)
B0005,70,1.6277528915533617,XGBoost,1.6183124780654907,All features (7)
B0005,71,1.622125485521159,XGBoost,1.631826400756836,All features (7)
B0005,72,1.6113256603765849,XGBoost,1.632494568824768,All features (7)
B0005,73,1.6065631397488385,XGBoost,1.6048550605773926,All features (7)
B0005,74,1.6015142233917594,XGBoost,1.590137004852295,All features (7)
B0005,75,1.590369231400328,XGBoost,1.5957963466644287,All features (7)
B0005,76,1.5857889968242211,XGBoost,1.5808528661727905,All features (7)
B0005,77,1.5849430707374117,XGBoost,1.5648562908172607,All features (7)
B0005,78,1.5955263892495937,XGBoost,1.5703206062316895,All features (7)
B0005,79,1.5747301747801037,XGBoost,1.576755404472351,All features (7)
B0005,80,1.5649019950937946,XGBoost,1.5675265789031982,All features (7)
B0005,81,1.5597659473370362,XGBoost,1.5562585592269897,All features (7)
B0005,82,1.5594815668184234,XGBoost,1.5485625267028809,All features (7)
B0005,83,1.55468935359061,XGBoost,1.553763747215271,All features (7)
B0005,84,1.5488741079890418,XGBoost,1.546339511871338,All features (7)
B0005,85,1.538236598942558,XGBoost,1.5371748208999634,All features (7)
B0005,86,1.527914258251028,XGBoost,1.5291317701339722,All features (7)
B0005,87,1.5285252629756445,XGBoost,1.5291473865509033,All features (7)
B0005,88,1.522647325284378,XGBoost,1.5292750597000122,All features (7)
B0005,89,1.5174859938489869,XGBoost,1.5234811305999756,All features (7)
B0005,90,1.605818899130659,XGBoost,1.5352855920791626,All features (7)
B0005,91,1.5638491446744425,XGBoost,1.5286262035369873,All features (7)
B0005,92,1.5480915247767786,XGBoost,1.5501649379730225,All features (7)
B0005,93,1.5323755631868592,XGBoost,1.5373905897140503,All features (7)
B0005,94,1.5269528268489705,XGBoost,1.5122848749160767,All features (7)
B0005,95,1.5169573017136326,XGBoost,1.5195144414901733,All features (7)
B0005,96,1.5118975960142693,XGBoost,1.50121009349823,All features (7)
B0005,97,1.5065638960681105,XGBoost,1.501659870147705,All features (7)
B0005,98,1.5015453526671363,XGBoost,1.5003341436386108,All features (7)
B0005,99,1.4908444050400238,XGBoost,1.4946457147598267,All features (7)
B0005,100,1.485868384561201,XGBoost,1.487662672996521,All features (7)
B0005,101,1.480413677976106,XGBoost,1.4855142831802368,All features (7)
B0005,102,1.4752095869031632,XGBoost,1.4739786386489868,All features (7)
B0005,103,1.4859035988304024,XGBoost,1.4750547409057617,All features (7)
B0005,104,1.4960918298136696,XGBoost,1.480490803718567,All features (7)
B0005,105,1.4808005946928984,XGBoost,1.486738920211792,All features (7)
B0005,106,1.4697543268466824,XGBoost,1.469462275505066,All features (7)
B0005,107,1.4539012274845928,XGBoost,1.462463617324829,All features (7)
B0005,108,1.4541462067235693,XGBoost,1.4605358839035034,All features (7)
B0005,109,1.455023751906683,XGBoost,1.461168646812439,All features (7)
B0005,110,1.449042163761236,XGBoost,1.4605358839035034,All features (7)
B0005,111,1.4386709371480566,XGBoost,1.453487753868103,All features (7)
B0005,112,1.433445432156979,XGBoost,1.4451768398284912,All features (7)
B0005,113,1.4333958900838095,XGBoost,1.4499225616455078,All features (7)
B0005,114,1.42806487344776,XGBoost,1.4469670057296753,All features (7)
B0005,115,1.4229203181741186,XGBoost,1.4412298202514648,All features (7)
B0005,116,1.417429032731308,XGBoost,1.4346857070922852,All features (7)
B0005,117,1.412409228794446,XGBoost,1.4290224313735962,All features (7)
B0005,118,1.412578792940193,XGBoost,1.4329583644866943,All features (7)
B0005,119,1.4075983731469897,XGBoost,1.431890606880188,All features (7)
B0005,120,1.4333920485221476,XGBoost,1.454445242881775,All features (7)
B0005,121,1.4382550176792908,XGBoost,1.4521722793579102,All features (7)
B0005,122,1.4173547174485526,XGBoost,1.433972954750061,All features (7)
B0005,123,1.406981663677643,XGBoost,1.4268509149551392,All features (7)
B0005,124,1.4012037783587625,XGBoost,1.4209730625152588,All features (7)
B0005,125,1.3967008232726328,XGBoost,1.423864722251892,All features (7)
B0005,126,1.391284788852726,XGBoost,1.420494794845581,All features (7)
B0005,127,1.3862287677978349,XGBoost,1.4334022998809814,All features (7)
B0005,128,1.3804366761974138,XGBoost,1.4279696941375732,All features (7)
B0005,129,1.3752364150256224,XGBoost,1.432448387145996,All features (7)
B0005,130,1.3705128024895008,XGBoost,1.4250810146331787,All features (7)
B0005,131,1.3705085566270399,XGBoost,1.425203800201416,All features (7)
B0005,132,1.3647355108681518,XGBoost,1.419685959815979,All features (7)
B0005,133,1.375392016895762,XGBoost,1.41685152053833,All features (7)
B0005,134,1.3861115151535393,XGBoost,1.4191216230392456,All features (7)
B0005,135,1.3698500035838939,XGBoost,1.4254040718078613,All features (7)
B0005,136,1.3647827949260758,XGBoost,1.4195259809494019,All features (7)
B0005,137,1.3543220466259964,XGBoost,1.4190047979354858,All features (7)
B0005,138,1.3546417018378962,XGBoost,1.4190047979354858,All features (7)
B0005,139,1.3547039213192407,XGBoost,1.4190047979354858,All features (7)
B0005,140,1.349314997503458,XGBoost,1.4055644273757935,All features (7)
B0005,141,1.3441891937970554,XGBoost,1.3969889879226685,All features (7)
B0005,142,1.3389913790695755,XGBoost,1.3888181447982788,All features (7)
B0005,143,1.3389145230206971,XGBoost,1.3947714567184448,All features (7)
B0005,144,1.3340066759761655,XGBoost,1.393795132637024,All features (7)
B0005,145,1.3286444309174914,XGBoost,1.3851476907730103,All features (7)
B0005,146,1.3231708992276219,XGBoost,1.386902093887329,All features (7)
B0005,147,1.3181691588445197,XGBoost,1.3943740129470825,All features (7)
B0005,148,1.3184664436640334,XGBoost,1.386902093887329,All features (7)
B0005,149,1.318293040102702,XGBoost,1.3841264247894287,All features (7)
B0005,150,1.323872422244268,XGBoost,1.3940032720565796,All features (7)
B0005,151,1.3601216766554785,XGBoost,1.4336512088775635,All features (7)
B0005,152,1.3395306867947354,XGBoost,1.398337721824646,All features (7)
B0005,153,1.3290286565120697,XGBoost,1.3859976530075073,All features (7)
B0005,154,1.3236741274998955,XGBoost,1.3839370012283325,All features (7)
B0005,155,1.318633896753293,XGBoost,1.3833121061325073,All features (7)
B0005,156,1.3134751321324272,XGBoost,1.387414813041687,All features (7)
B0005,157,1.3132020634442203,XGBoost,1.3865996599197388,All features (7)
B0005,158,1.3077959946944353,XGBoost,1.3867392539978027,All features (7)
B0005,159,1.3030329186405918,XGBoost,1.3885045051574707,All features (7)
B0005,160,1.3033573559038205,XGBoost,1.3879289627075195,All features (7)
B0005,161,1.3034100438655642,XGBoost,1.3885045051574707,All features (7)
B0005,162,1.2978870806495706,XGBoost,1.3849999904632568,All features (7)
B0005,163,1.2980735056918902,XGBoost,1.3811371326446533,All features (7)
B0005,164,1.293463613844243,XGBoost,1.3811371326446533,All features (7)
B0005,165,1.288003392619118,XGBoost,1.379542350769043,All features (7)
B0005,166,1.2874525221379407,XGBoost,1.379542350769043,All features (7)
B0005,167,1.3090153642307354,XGBoost,1.3836547136306763,All features (7)
B0005,168,1.3250793286429356,XGBoost,1.422028660774231,All features (7)
B0006,1,2.035337591005598,Linear Regression,1.944375256718025,All features (7)
B0006,2,2.0251402460314116,Linear Regression,1.9534273928447374,All features (7)
B0006,3,2.013326371345464,Linear Regression,1.9535903056942896,All features (7)
B0006,4,2.0132846655407413,Linear Regression,1.947552072894398,All features (7)
B0006,5,2.000528337624771,Linear Regression,1.9448245521546124,All features (7)
B0006,6,2.0138990759931645,Linear Regression,1.9418802527778505,All features (7)
B0006,7,2.013101105626967,Linear Regression,1.9365807263263808,All features (7)
B0006,8,1.9687898262728398,Linear Regression,1.9341606333070294,All features (7)
B0006,9,1.9681661764334244,Linear Regression,1.923747775033012,All features (7)
B0006,10,1.9572307917560536,Linear Regression,1.9138740329669484,All features (7)
B0006,11,1.9455991514129352,Linear Regression,1.913222053905864,All features (7)
B0006,12,1.9347505044841131,Linear Regression,1.89496829733978,All features (7)
B0006,13,1.9232799539368028,Linear Regression,1.8837917767357317,All features (7)
B0006,14,1.911889930948487,Linear Regression,1.8799454814463339,All features (7)
B0006,15,1.9010667141979305,Linear Regression,1.862704026768427,All features (7)
B0006,16,1.8891989948061458,Linear Regression,1.8603721490784841,All features (7)
B0006,17,1.878278372248849,Linear Regression,1.8515405857748228,All features (7)
B0006,18,1.8675697161520206,Linear Regression,1.8402953627242107,All features (7)
B0006,19,1.8675892574453767,Linear Regression,1.830093548979137,All features (7)
B0006,20,1.979626548250818,Linear Regression,1.8933197304125904,All features (7)
B0006,21,1.9575499080884022,Linear Regression,1.919362461801554,All features (7)
B0006,22,1.9458150170787551,Linear Regression,1.900290171324411,All features (7)
B0006,23,1.9242461121680094,Linear Regression,1.8856768216461033,All features (7)
B0006,24,1.9459811331421641,Linear Regression,1.8759527815612254,All features (7)
B0006,25,1.901407930553079,Linear Regression,1.8528487732530095,All features (7)
B0006,26,1.878674213680085,Linear Regression,1.83979318583898,All features (7)
B0006,27,1.8683061328264219,Linear Regression,1.8309311075892616,All features (7)
B0006,28,1.8560244070082998,Linear Regression,1.820336902364559,All features (7)
B0006,29,1.8451997961855777,Linear Regression,1.8077302603664993,All features (7)
B0006,30,1.857228890885317,Linear Regression,1.7948577469527578,All features (7)
B0006,31,1.9247760889090635,Linear Regression,1.8411002986960063,All features (7)
B0006,32,1.8822317526092551,Linear Regression,1.8326934844657619,All features (7)
B0006,33,1.855276687885587,Linear Regression,1.8065823065863946,All features (7)
B0006,34,1.8392508917181876,Linear Regression,1.7869552358812426,All features (7)
B0006,35,1.8185396073994429,Linear Regression,1.7700452805777696,All features (7)
B0006,36,1.8134770059567056,Linear Regression,1.7634905229031406,All features (7)
B0006,37,1.7971018450305436,Linear Regression,1.7514213857990126,All features (7)
B0006,38,1.7810046294120476,Linear Regression,1.7367941470975086,All features (7)
B0006,39,1.7710130422682329,Linear Regression,1.7187996677704098,All features (7)
B0006,40,1.7604712448170943,Linear Regression,1.7107134411338043,All features (7)
B0006,41,1.7502913788006587,Linear Regression,1.703302491050754,All features (7)
B0006,42,1.7394925037732578,Linear Regression,1.6919332882168996,All features (7)
B0006,43,1.7546766553637203,Linear Regression,1.6808431922364497,All features (7)
B0006,44,1.7659390941842175,Linear Regression,1.6956965575596463,All features (7)
B0006,45,1.7337887419624838,Linear Regression,1.6805407335874156,All features (7)
B0006,46,1.713325912040734,Linear Regression,1.660481000699146,All features (7)
B0006,47,1.7024077813673466,Linear Regression,1.6472946534600825,All features (7)
B0006,48,1.82371946178183,Linear Regression,1.7340946444321903,All features (7)
B0006,49,1.8081284050314708,Linear Regression,1.7475541561463466,All features (7)
B0006,50,1.7757610945034283,Linear Regression,1.71176527355581,All features (7)
B0006,51,1.7447409841836798,Linear Regression,1.6864781622773095,All features (7)
B0006,52,1.729207034132373,Linear Regression,1.6645756957260938,All features (7)
B0006,53,1.7081086552553244,Linear Regression,1.6493566285948222,All features (7)
B0006,54,1.6975954237461768,Linear Regression,1.6373885211323311,All features (7)
B0006,55,1.6820634524029463,Linear Regression,1.6224734363010092,All features (7)
B0006,56,1.6714768322295086,Linear Regression,1.6079622005459453,All features (7)
B0006,57,1.6607591387047655,Linear Regression,1.594892402161873,All features (7)
B0006,58,1.651121015038069,Linear Regression,1.585273722821646,All features (7)
B0006,59,1.6401349256190927,Linear Regression,1.5762015702807222,All features (7)
B0006,60,1.6291999416165441,Linear Regression,1.5661648818981488,All features (7)
B0006,61,1.6088496302961666,Linear Regression,1.5551463335767226,All features (7)
B0006,62,1.6035244898969248,Linear Regression,1.540775772135963,All features (7)
B0006,63,1.5989712144027983,Linear Regression,1.5341821856330402,All features (7)
B0006,64,1.5876273123575604,Linear Regression,1.5230886208905214,All features (7)
B0006,65,1.5829719744686166,Linear Regression,1.5181855950120848,All features (7)
B0006,66,1.567137636713563,Linear Regression,1.505382983345616,All features (7)
B0006,67,1.5613446139713882,Linear Regression,1.492848453463226,All features (7)
B0006,68,1.5511711892790419,Linear Regression,1.4856660549490877,All features (7)
B0006,69,1.5406741606295171,Linear Regression,1.4772804692722485,All features (7)
B0006,70,1.5253138744624433,Linear Regression,1.4699239846713088,All features (7)
B0006,71,1.5301570318067428,Linear Regression,1.4604562172510287,All features (7)
B0006,72,1.5246566834474087,Linear Regression,1.4532085867803108,All features (7)
B0006,73,1.5145492986655427,Linear Regression,1.4438486264331398,All features (7)
B0006,74,1.509391504602082,Linear Regression,1.436472442384582,All features (7)
B0006,75,1.5039974333050705,Linear Regression,1.4282482367488027,All features (7)
B0006,76,1.4935201918040188,Linear Regression,1.4181039404854132,All features (7)
B0006,77,1.4876323024497422,Linear Regression,1.4122169402350246,All features (7)
B0006,78,1.5302876214401704,Linear Regression,1.4244990362888141,All features (7)
B0006,79,1.5040760088360112,Linear Regression,1.42797050645729,All features (7)
B0006,80,1.4887593608730894,Linear Regression,1.405540865497122,All features (7)
B0006,81,1.4782779285546637,Linear Regression,1.397127963146588,All features (7)
B0006,82,1.478459982215684,Linear Regression,1.3929342845876267,All features (7)
B0006,83,1.473214844899973,Linear Regression,1.393610019605314,All features (7)
B0006,84,1.4675164935067897,Linear Regression,1.3787439735806886,All features (7)
B0006,85,1.4516292657521335,Linear Regression,1.3700026772035427,All features (7)
B0006,86,1.4519237720967177,Linear Regression,1.363013854852774,All features (7)
B0006,87,1.4471484694777745,Linear Regression,1.3550673867680905,All features (7)
B0006,88,1.4468538105659885,Linear Regression,1.3536491910227113,All features (7)
B0006,89,1.4416741930284678,Linear Regression,1.3513866865586381,All features (7)
B0006,91,1.5463902376915637,Linear Regression,1.4271699747857072,All features (7)
B0006,92,1.51470559175661,Linear Regression,1.427680059426634,All features (7)
B0006,93,1.4989786083335404,Linear Regression,1.406535233696267,All features (7)
B0006,94,1.4831110745410492,Linear Regression,1.3885961396223552,All features (7)
B0006,95,1.4729664825468278,Linear Regression,1.3749548406748908,All features (7)
B0006,96,1.4627604396099307,Linear Regression,1.3677824509729173,All features (7)
B0006,97,1.4518364681062514,Linear Regression,1.3574692837877358,All features (7)
B0006,98,1.4468670644030392,Linear Regression,1.3503056240537215,All features (7)
B0006,99,1.441380399427779,Linear Regression,1.3422489942395865,All features (7)
B0006,100,1.431210744960774,Linear Regression,1.3345113936507054,All features (7)
B0006,101,1.4260247179525716,Linear Regression,1.3276944186010478,All features (7)
B0006,102,1.420487649966195,Linear Regression,1.3235999638571887,All features (7)
B0006,103,1.4207006230355006,Linear Regression,1.3221039245242598,All features (7)
B0006,104,1.452255804330839,Linear Regression,1.3456421128408762,All features (7)
B0006,105,1.431557632772571,Linear Regression,1.3398759701908514,All features (7)
B0006,106,1.415015751158943,Linear Regression,1.3239876380814453,All features (7)
B0006,107,1.4097311506517451,Linear Regression,1.308125558516575,All features (7)
B0006,108,1.404917318129309,Linear Regression,1.3015179530974472,All features (7)
B0006,109,1.395164296571563,Linear Regression,1.2972412780780134,All features (7)
B0006,110,1.3945343832614077,Linear Regression,1.2932524483960162,All features (7)
B0006,111,1.3893171179312644,Linear Regression,1.2822511702338826,All features (7)
B0006,112,1.3838379472327809,Linear Regression,1.2789382756468068,All features (7)
B0006,113,1.3736814238195123,Linear Regression,1.2725186038831557,All features (7)
B0006,114,1.3786059891863676,Linear Regression,1.2759736199540508,All features (7)
B0006,115,1.3737600299108574,Linear Regression,1.2682426467679955,All features (7)
B0006,116,1.3682580583942712,Linear Regression,1.2571232380389878,All features (7)
B0006,117,1.3633024037317505,Linear Regression,1.2535680463621892,All features (7)
B0006,118,1.3580966140172601,Linear Regression,1.2510493583228106,All features (7)
B0006,119,1.353269090999531,Linear Regression,1.2497319493384214,All features (7)
B0006,120,1.3841605738237488,Linear Regression,1.2769335738376082,All features (7)
B0006,121,1.4051467790651473,Linear Regression,1.294746061654716,All features (7)
B0006,122,1.378719022627353,Linear Regression,1.2768870265375145,All features (7)
B0006,123,1.3682657783199066,Linear Regression,1.258820797520445,All features (7)
B0006,124,1.3573151296618016,Linear Regression,1.2452646197661368,All features (7)
B0006,125,1.3524934638801596,Linear Regression,1.2404440889202306,All features (7)
B0006,126,1.3474099151661236,Linear Regression,1.2361675107984802,All features (7)
B0006,127,1.3370075130842318,Linear Regression,1.227479765330557,All features (7)
B0006,128,1.3312352966718526,Linear Regression,1.218125516257274,All features (7)
B0006,129,1.3259303781727643,Linear Regression,1.2142814657212293,All features (7)
B0006,130,1.321578743867529,Linear Regression,1.2105255423610943,All features (7)
B0006,131,1.321225074066109,Linear Regression,1.2050986064378513,All features (7)
B0006,132,1.3156485301862682,Linear Regression,1.1988289028675312,All features (7)
B0006,133,1.3209025697502388,Linear Regression,1.208824011315758,All features (7)
B0006,134,1.3474328767273906,Linear Regression,1.2320677370239168,All features (7)
B0006,135,1.3260128072353616,Linear Regression,1.2209586203998055,All features (7)
B0006,136,1.3101186784831063,Linear Regression,1.2060983726556302,All features (7)
B0006,137,1.30521620229393,Linear Regression,1.1967045428090923,All features (7)
B0006,138,1.3004061951355774,Linear Regression,1.1927519732504448,All features (7)
B0006,139,1.300235735841116,Linear Regression,1.192034389389414,All features (7)
B0006,140,1.2895066722480755,Linear Regression,1.180672339381135,All features (7)
B0006,141,1.279253057384795,Linear Regression,1.1737967030980707,All features (7)
B0006,142,1.2792078171714618,Linear Regression,1.16539612822319,All features (7)
B0006,143,1.274036760902923,Linear Regression,1.1652683494433678,All features (7)
B0006,144,1.2741273923001468,Linear Regression,1.1654392319865732,All features (7)
B0006,145,1.2637639426440779,Linear Regression,1.1562427712435894,All features (7)
B0006,146,1.2581373688955233,Linear Regression,1.1464129835504682,All features (7)
B0006,147,1.253259864055301,Linear Regression,1.1375506333717058,All features (7)
B0006,148,1.2532313315493426,Linear Regression,1.1443324916087523,All features (7)
B0006,149,1.2480874960313577,Linear Regression,1.140261842842457,All features (7)
B0006,150,1.2534354284944844,Linear Regression,1.140029432097846,All features (7)
B0006,151,1.2898048773266901,Linear Regression,1.1688447333235652,All features (7)
B0006,152,1.2635402021758835,Linear Regression,1.159981502639523,All features (7)
B0006,153,1.2479761706842853,Linear Regression,1.1436445877734533,All features (7)
B0006,154,1.2321202877943334,Linear Regression,1.1311467204506347,All features (7)
B0006,155,1.2271137666213534,Linear Regression,1.1219199549682475,All features (7)
B0006,156,1.2217397581377356,Linear Regression,1.115401362185275,All features (7)
B0006,157,1.211102678915174,Linear Regression,1.1046725640892145,All features (7)
B0006,158,1.2056159765131735,Linear Regression,1.1039816195918817,All features (7)
B0006,159,1.2008936262717274,Linear Regression,1.0937958583510796,All features (7)
B0006,160,1.1905903985558335,Linear Regression,1.0898158485511518,All features (7)
B0006,161,1.185179251041941,Linear Regression,1.0860924341872384,All features (7)
B0006,162,1.1796706818144624,Linear Regression,1.0800612612200395,All features (7)
B0006,163,1.1745952836753915,Linear Regression,1.0731022444509084,All features (7)
B0006,164,1.15381833159625,Linear Regression,1.063187801014504,All features (7)
B0006,165,1.1644009557372264,Linear Regression,1.0659453402797008,All features (7)
B0006,166,1.1587974947916069,Linear Regression,1.0607204917558763,All features (7)
B0006,167,1.1749748834769171,Linear Regression,1.090187343620636,All features (7)
B0006,168,1.1856752327929356,Linear Regression,1.1028822857181462,All features (7)
B0006,1,2.035337591005598,Random Forest,1.872892431223635,All features (7)
B0006,2,2.0251402460314116,Random Forest,1.8744244023773757,All features (7)
B0006,3,2.013326371345464,Random Forest,1.87773976139986,All features (7)
B0006,4,2.0132846655407413,Random Forest,1.87773976139986,All features (7)
B0006,5,2.000528337624771,Random Forest,1.8777947970651345,All features (7)
B0006,6,2.0138990759931645,Random Forest,1.8783706954145247,All features (7)
B0006,7,2.013101105626967,Random Forest,1.879173015478352,All features (7)
B0006,8,1.9687898262728398,Random Forest,1.875435727157385,All features (7)
B0006,9,1.9681661764334244,Random Forest,1.8762661241109173,All features (7)
B0006,10,1.9572307917560536,Random Forest,1.8741976111529801,All features (7)
B0006,11,1.9455991514129352,Random Forest,1.872898033410105,All features (7)
B0006,12,1.9347505044841131,Random Forest,1.8733751084273027,All features (7)
B0006,13,1.9232799539368028,Random Forest,1.8695780539508204,All features (7)
B0006,14,1.911889930948487,Random Forest,1.8549678725726912,All features (7)
B0006,15,1.9010667141979305,Random Forest,1.8401318217379656,All features (7)
B0006,16,1.8891989948061458,Random Forest,1.8346073736792006,All features (7)
B0006,17,1.878278372248849,Random Forest,1.828461491798203,All features (7)
B0006,18,1.8675697161520206,Random Forest,1.828299383357685,All features (7)
B0006,19,1.8675892574453767,Random Forest,1.822880090912132,All features (7)
B0006,20,1.979626548250818,Random Forest,1.8446199639356882,All features (7)
B0006,21,1.9575499080884022,Random Forest,1.8773217877667983,All features (7)
B0006,22,1.9458150170787551,Random Forest,1.8758791116945368,All features (7)
B0006,23,1.9242461121680094,Random Forest,1.869857107586703,All features (7)
B0006,24,1.9459811331421641,Random Forest,1.8703896343733555,All features (7)
B0006,25,1.901407930553079,Random Forest,1.832609531226385,All features (7)
B0006,26,1.878674213680085,Random Forest,1.8284987011408367,All features (7)
B0006,27,1.8683061328264219,Random Forest,1.82540360706108,All features (7)
B0006,28,1.8560244070082998,Random Forest,1.8188681066030992,All features (7)
B0006,29,1.8451997961855777,Random Forest,1.8116818754951367,All features (7)
B0006,30,1.857228890885317,Random Forest,1.7780380271759058,All features (7)
B0006,31,1.9247760889090635,Random Forest,1.8195525810749908,All features (7)
B0006,32,1.8822317526092551,Random Forest,1.796542844593668,All features (7)
B0006,33,1.855276687885587,Random Forest,1.7722674324311345,All features (7)
B0006,34,1.8392508917181876,Random Forest,1.751684846223011,All features (7)
B0006,35,1.8185396073994429,Random Forest,1.7376690528009076,All features (7)
B0006,36,1.8134770059567056,Random Forest,1.7371056577018515,All features (7)
B0006,37,1.7971018450305436,Random Forest,1.7185830533668978,All features (7)
B0006,38,1.7810046294120476,Random Forest,1.7108888646864095,All features (7)
B0006,39,1.7710130422682329,Random Forest,1.68276948655397,All features (7)
B0006,40,1.7604712448170943,Random Forest,1.6711722382651804,All features (7)
B0006,41,1.7502913788006587,Random Forest,1.6693500942217077,All features (7)
B0006,42,1.7394925037732578,Random Forest,1.6667257992721565,All features (7)
B0006,43,1.7546766553637203,Random Forest,1.6544306249489833,All features (7)
B0006,44,1.7659390941842175,Random Forest,1.6676512895685889,All features (7)
B0006,45,1.7337887419624838,Random Forest,1.6456305860332021,All features (7)
B0006,46,1.713325912040734,Random Forest,1.6209154605118332,All features (7)
B0006,47,1.7024077813673466,Random Forest,1.6044967474497258,All features (7)
B0006,48,1.82371946178183,Random Forest,1.7270768726758923,All features (7)
B0006,49,1.8081284050314708,Random Forest,1.7204521463011682,All features (7)
B0006,50,1.7757610945034283,Random Forest,1.6830491396035216,All features (7)
B0006,51,1.7447409841836798,Random Forest,1.65381874137364,All features (7)
B0006,52,1.729207034132373,Random Forest,1.6289563008057348,All features (7)
B0006,53,1.7081086552553244,Random Forest,1.6063937326502307,All features (7)
B0006,54,1.6975954237461768,Random Forest,1.5951968632626978,All features (7)
B0006,55,1.6820634524029463,Random Forest,1.5832763840961912,All features (7)
B0006,56,1.6714768322295086,Random Forest,1.5713612922924267,All features (7)
B0006,57,1.6607591387047655,Random Forest,1.5556342808475407,All features (7)
B0006,58,1.651121015038069,Random Forest,1.537471677847823,All features (7)
B0006,59,1.6401349256190927,Random Forest,1.530553945488136,All features (7)
B0006,60,1.6291999416165441,Random Forest,1.525872657683373,All features (7)
B0006,61,1.6088496302961666,Random Forest,1.495412060074837,All features (7)
B0006,62,1.6035244898969248,Random Forest,1.483674220272151,All features (7)
B0006,63,1.5989712144027983,Random Forest,1.4740680415382514,All features (7)
B0006,64,1.5876273123575604,Random Forest,1.4634021732329097,All features (7)
B0006,65,1.5829719744686166,Random Forest,1.4644974127528771,All features (7)
B0006,66,1.567137636713563,Random Forest,1.4511754972307822,All features (7)
B0006,67,1.5613446139713882,Random Forest,1.4486218275828886,All features (7)
B0006,68,1.5511711892790419,Random Forest,1.4359046824435442,All features (7)
B0006,69,1.5406741606295171,Random Forest,1.4241083625433755,All features (7)
B0006,70,1.5253138744624433,Random Forest,1.4114816906939842,All features (7)
B0006,71,1.5301570318067428,Random Forest,1.4113233015245752,All features (7)
B0006,72,1.5246566834474087,Random Forest,1.3998431565670189,All features (7)
B0006,73,1.5145492986655427,Random Forest,1.3633785184224165,All features (7)
B0006,74,1.509391504602082,Random Forest,1.3548538931308318,All features (7)
B0006,75,1.5039974333050705,Random Forest,1.3496839539555645,All features (7)
B0006,76,1.4935201918040188,Random Forest,1.3469176090340467,All features (7)
B0006,77,1.4876323024497422,Random Forest,1.342547096964867,All features (7)
B0006,78,1.5302876214401704,Random Forest,1.3973739381981383,All features (7)
B0006,79,1.5040760088360112,Random Forest,1.34806307524931,All features (7)
B0006,80,1.4887593608730894,Random Forest,1.3406513025468392,All features (7)
B0006,81,1.4782779285546637,Random Forest,1.3354592955857587,All features (7)
B0006,82,1.478459982215684,Random Forest,1.3354594269729168,All features (7)
B0006,83,1.473214844899973,Random Forest,1.3354594269729168,All features (7)
B0006,84,1.4675164935067897,Random Forest,1.3316336561795175,All features (7)
B0006,85,1.4516292657521335,Random Forest,1.3270648200063406,All features (7)
B0006,86,1.4519237720967177,Random Forest,1.327081998950077,All features (7)
B0006,87,1.4471484694777745,Random Forest,1.3247037720069994,All features (7)
B0006,88,1.4468538105659885,Random Forest,1.3247286009378931,All features (7)
B0006,89,1.4416741930284678,Random Forest,1.3226603514495128,All features (7)
B0006,91,1.5463902376915637,Random Forest,1.3897395372121446,All features (7)
B0006,92,1.51470559175661,Random Forest,1.3489226855766097,All features (7)
B0006,93,1.4989786083335404,Random Forest,1.3418333641415694,All features (7)
B0006,94,1.4831110745410492,Random Forest,1.3348068747177841,All features (7)
B0006,95,1.4729664825468278,Random Forest,1.3291213201115581,All features (7)
B0006,96,1.4627604396099307,Random Forest,1.327468136745502,All features (7)
B0006,97,1.4518364681062514,Random Forest,1.3247962801890543,All features (7)
B0006,98,1.4468670644030392,Random Forest,1.3180681004073436,All features (7)
B0006,99,1.441380399427779,Random Forest,1.3164974939428449,All features (7)
B0006,100,1.431210744960774,Random Forest,1.310118072161027,All features (7)
B0006,101,1.4260247179525716,Random Forest,1.3065843791646086,All features (7)
B0006,102,1.420487649966195,Random Forest,1.3047612784356948,All features (7)
B0006,103,1.4207006230355006,Random Forest,1.304309564529077,All features (7)
B0006,104,1.452255804330839,Random Forest,1.3126686277745463,All features (7)
B0006,105,1.431557632772571,Random Forest,1.316380096305317,All features (7)
B0006,106,1.415015751158943,Random Forest,1.3064269876165395,All features (7)
B0006,107,1.4097311506517451,Random Forest,1.3043434849925482,All features (7)
B0006,108,1.404917318129309,Random Forest,1.3020331088646002,All features (7)
B0006,109,1.395164296571563,Random Forest,1.3012632695849344,All features (7)
B0006,110,1.3945343832614077,Random Forest,1.3012632695849344,All features (7)
B0006,111,1.3893171179312644,Random Forest,1.3006911646833565,All features (7)
B0006,112,1.3838379472327809,Random Forest,1.3005684795691141,All features (7)
B0006,113,1.3736814238195123,Random Forest,1.3005684795691141,All features (7)
B0006,114,1.3786059891863676,Random Forest,1.3006131290086085,All features (7)
B0006,115,1.3737600299108574,Random Forest,1.3005684795691141,All features (7)
B0006,116,1.3682580583942712,Random Forest,1.298938237366249,All features (7)
B0006,117,1.3633024037317505,Random Forest,1.2983657263837705,All features (7)
B0006,118,1.3580966140172601,Random Forest,1.2983657263837705,All features (7)
B0006,119,1.353269090999531,Random Forest,1.2983657263837705,All features (7)
B0006,120,1.3841605738237488,Random Forest,1.3006911646833565,All features (7)
B0006,121,1.4051467790651473,Random Forest,1.3006911646833565,All features (7)
B0006,122,1.378719022627353,Random Forest,1.3012111309576675,All features (7)
B0006,123,1.3682657783199066,Random Forest,1.3002893730512954,All features (7)
B0006,124,1.3573151296618016,Random Forest,1.2983657263837705,All features (7)
B0006,125,1.3524934638801596,Random Forest,1.2982081009022772,All features (7)
B0006,126,1.3474099151661236,Random Forest,1.2979131991477666,All features (7)
B0006,127,1.3370075130842318,Random Forest,1.2970258904901673,All features (7)
B0006,128,1.3312352966718526,Random Forest,1.2947354761250094,All features (7)
B0006,129,1.3259303781727643,Random Forest,1.29367825335606,All features (7)
B0006,130,1.321578743867529,Random Forest,1.2921924576775394,All features (7)
B0006,131,1.321225074066109,Random Forest,1.2916376699595546,All features (7)
B0006,132,1.3156485301862682,Random Forest,1.2916376699595546,All features (7)
B0006,133,1.3209025697502388,Random Forest,1.2983657263837705,All features (7)
B0006,134,1.3474328767273906,Random Forest,1.3006911646833565,All features (7)
B0006,135,1.3260128072353616,Random Forest,1.3006805693151355,All features (7)
B0006,136,1.3101186784831063,Random Forest,1.2985291143724629,All features (7)
B0006,137,1.30521620229393,Random Forest,1.2983657263837705,All features (7)
B0006,138,1.3004061951355774,Random Forest,1.2983657263837705,All features (7)
B0006,139,1.300235735841116,Random Forest,1.2983657263837705,All features (7)
B0006,140,1.2895066722480755,Random Forest,1.2982081009022772,All features (7)
B0006,141,1.279253057384795,Random Forest,1.297150698463819,All features (7)
B0006,142,1.2792078171714618,Random Forest,1.2947354761250094,All features (7)
B0006,143,1.274036760902923,Random Forest,1.2936462578961483,All features (7)
B0006,144,1.2741273923001468,Random Forest,1.2956907044614496,All features (7)
B0006,145,1.2637639426440779,Random Forest,1.2936462578961483,All features (7)
B0006,146,1.2581373688955233,Random Forest,1.2916376699595546,All features (7)
B0006,147,1.253259864055301,Random Forest,1.2916376699595546,All features (7)
B0006,148,1.2532313315493426,Random Forest,1.2916376699595546,All features (7)
B0006,149,1.2480874960313577,Random Forest,1.2916376699595546,All features (7)
B0006,150,1.2534354284944844,Random Forest,1.2916376699595546,All features (7)
B0006,151,1.2898048773266901,Random Forest,1.2916376699595546,All features (7)
B0006,152,1.2635402021758835,Random Forest,1.2916376699595546,All features (7)
B0006,153,1.2479761706842853,Random Forest,1.2916376699595546,All features (7)
B0006,154,1.2321202877943334,Random Forest,1.2916376699595546,All features (7)
B0006,155,1.2271137666213534,Random Forest,1.2916376699595546,All features (7)
B0006,156,1.2217397581377356,Random Forest,1.2916376699595546,All features (7)
B0006,157,1.211102678915174,Random Forest,1.2916376699595546,All features (7)
B0006,158,1.2056159765131735,Random Forest,1.2916376699595546,All features (7)
B0006,159,1.2008936262717274,Random Forest,1.2916376699595546,All features (7)
B0006,160,1.1905903985558335,Random Forest,1.2916376699595546,All features (7)
B0006,161,1.185179251041941,Random Forest,1.2916376699595546,All features (7)
B0006,162,1.1796706818144624,Random Forest,1.2916376699595546,All features (7)
B0006,163,1.1745952836753915,Random Forest,1.2916376699595546,All features (7)
B0006,164,1.15381833159625,Random Forest,1.2916376699595546,All features (7)
B0006,165,1.1644009557372264,Random Forest,1.2916376699595546,All features (7)
B0006,166,1.1587974947916069,Random Forest,1.2916376699595546,All features (7)
B0006,167,1.1749748834769171,Random Forest,1.2916376699595546,All features (7)
B0006,168,1.1856752327929356,Random Forest,1.2916376699595546,All features (7)
B0006,1,2.035337591005598,XGBoost,1.8743075132369995,All features (7)
B0006,2,2.0251402460314116,XGBoost,1.8711092472076416,All features (7)
B0006,3,2.013326371345464,XGBoost,1.8713942766189575,All features (7)
B0006,4,2.0132846655407413,XGBoost,1.870369553565979,All features (7)
B0006,5,2.000528337624771,XGBoost,1.870842695236206,All features (7)
B0006,6,2.0138990759931645,XGBoost,1.880964756011963,All features (7)
B0006,7,2.013101105626967,XGBoost,1.8849692344665527,All features (7)
B0006,8,1.9687898262728398,XGBoost,1.8700796365737915,All features (7)
B0006,9,1.9681661764334244,XGBoost,1.868721604347229,All features (7)
B0006,10,1.9572307917560536,XGBoost,1.8672858476638794,All features (7)
B0006,11,1.9455991514129352,XGBoost,1.8662022352218628,All features (7)
B0006,12,1.9347505044841131,XGBoost,1.865952968597412,All features (7)
B0006,13,1.9232799539368028,XGBoost,1.8695800304412842,All features (7)
B0006,14,1.911889930948487,XGBoost,1.8509429693222046,All features (7)
B0006,15,1.9010667141979305,XGBoost,1.8418142795562744,All features (7)
B0006,16,1.8891989948061458,XGBoost,1.8362282514572144,All features (7)
B0006,17,1.878278372248849,XGBoost,1.8353779315948486,All features (7)
B0006,18,1.8675697161520206,XGBoost,1.8355581760406494,All features (7)
B0006,19,1.8675892574453767,XGBoost,1.829569697380066,All features (7)
B0006,20,1.979626548250818,XGBoost,1.8531079292297363,All features (7)
B0006,21,1.9575499080884022,XGBoost,1.8784399032592773,All features (7)
B0006,22,1.9458150170787551,XGBoost,1.8723841905593872,All features (7)
B0006,23,1.9242461121680094,XGBoost,1.868274211883545,All features (7)
B0006,24,1.9459811331421641,XGBoost,1.868651270866394,All features (7)
B0006,25,1.901407930553079,XGBoost,1.8375904560089111,All features (7)
B0006,26,1.878674213680085,XGBoost,1.8384040594100952,All features (7)
B0006,27,1.8683061328264219,XGBoost,1.8348937034606934,All features (7)
B0006,28,1.8560244070082998,XGBoost,1.8245981931686401,All features (7)
B0006,29,1.8451997961855777,XGBoost,1.822594165802002,All features (7)
B0006,30,1.857228890885317,XGBoost,1.7896376848220825,All features (7)
B0006,31,1.9247760889090635,XGBoost,1.8337390422821045,All features (7)
B0006,32,1.8822317526092551,XGBoost,1.8210208415985107,All features (7)
B0006,33,1.855276687885587,XGBoost,1.7945160865783691,All features (7)
B0006,34,1.8392508917181876,XGBoost,1.7812926769256592,All features (7)
B0006,35,1.8185396073994429,XGBoost,1.7642240524291992,All features (7)
B0006,36,1.8134770059567056,XGBoost,1.7619096040725708,All features (7)
B0006,37,1.7971018450305436,XGBoost,1.7385889291763306,All features (7)
B0006,38,1.7810046294120476,XGBoost,1.7252765893936157,All features (7)
B0006,39,1.7710130422682329,XGBoost,1.7027201652526855,All features (7)
B0006,40,1.7604712448170943,XGBoost,1.6899648904800415,All features (7)
B0006,41,1.7502913788006587,XGBoost,1.6867552995681763,All features (7)
B0006,42,1.7394925037732578,XGBoost,1.683631181716919,All features (7)
B0006,43,1.7546766553637203,XGBoost,1.6576480865478516,All features (7)
B0006,44,1.7659390941842175,XGBoost,1.6917743682861328,All features (7)
B0006,45,1.7337887419624838,XGBoost,1.6506162881851196,All features (7)
B0006,46,1.713325912040734,XGBoost,1.6355996131896973,All features (7)
B0006,47,1.7024077813673466,XGBoost,1.6179656982421875,All features (7)
B0006,48,1.82371946178183,XGBoost,1.7420639991760254,All features (7)
B0006,49,1.8081284050314708,XGBoost,1.7314330339431763,All features (7)
B0006,50,1.7757610945034283,XGBoost,1.7050238847732544,All features (7)
B0006,51,1.7447409841836798,XGBoost,1.671642780303955,All features (7)
B0006,52,1.729207034132373,XGBoost,1.6460977792739868,All features (7)
B0006,53,1.7081086552553244,XGBoost,1.626808762550354,All features (7)
B0006,54,1.6975954237461768,XGBoost,1.608504056930542,All features (7)
B0006,55,1.6820634524029463,XGBoost,1.5914019346237183,All features (7)
B0006,56,1.6714768322295086,XGBoost,1.5714772939682007,All features (7)
B0006,57,1.6607591387047655,XGBoost,1.5599026679992676,All features (7)
B0006,58,1.651121015038069,XGBoost,1.5529783964157104,All features (7)
B0006,59,1.6401349256190927,XGBoost,1.5417784452438354,All features (7)
B0006,60,1.6291999416165441,XGBoost,1.534000039100647,All features (7)
B0006,61,1.6088496302961666,XGBoost,1.5217052698135376,All features (7)
B0006,62,1.6035244898969248,XGBoost,1.5039079189300537,All features (7)
B0006,63,1.5989712144027983,XGBoost,1.4957995414733887,All features (7)
B0006,64,1.5876273123575604,XGBoost,1.4936615228652954,All features (7)
B0006,65,1.5829719744686166,XGBoost,1.4828543663024902,All features (7)
B0006,66,1.567137636713563,XGBoost,1.4573103189468384,All features (7)
B0006,67,1.5613446139713882,XGBoost,1.4523509740829468,All features (7)
B0006,68,1.5511711892790419,XGBoost,1.4401088953018188,All features (7)
B0006,69,1.5406741606295171,XGBoost,1.431455135345459,All features (7)
B0006,70,1.5253138744624433,XGBoost,1.4174878597259521,All features (7)
B0006,71,1.5301570318067428,XGBoost,1.4092090129852295,All features (7)
B0006,72,1.5246566834474087,XGBoost,1.4046809673309326,All features (7)
B0006,73,1.5145492986655427,XGBoost,1.3820853233337402,All features (7)
B0006,74,1.509391504602082,XGBoost,1.3777482509613037,All features (7)
B0006,75,1.5039974333050705,XGBoost,1.3689546585083008,All features (7)
B0006,76,1.4935201918040188,XGBoost,1.363181233406067,All features (7)
B0006,77,1.4876323024497422,XGBoost,1.3549665212631226,All features (7)
B0006,78,1.5302876214401704,XGBoost,1.3975961208343506,All features (7)
B0006,79,1.5040760088360112,XGBoost,1.3664242029190063,All features (7)
B0006,80,1.4887593608730894,XGBoost,1.3484991788864136,All features (7)
B0006,81,1.4782779285546637,XGBoost,1.3480535745620728,All features (7)
B0006,82,1.478459982215684,XGBoost,1.3476868867874146,All features (7)
B0006,83,1.473214844899973,XGBoost,1.3475242853164673,All features (7)
B0006,84,1.4675164935067897,XGBoost,1.3384073972702026,All features (7)
B0006,85,1.4516292657521335,XGBoost,1.3262392282485962,All features (7)
B0006,86,1.4519237720967177,XGBoost,1.3210524320602417,All features (7)
B0006,87,1.4471484694777745,XGBoost,1.3102377653121948,All features (7)
B0006,88,1.4468538105659885,XGBoost,1.312172532081604,All features (7)
B0006,89,1.4416741930284678,XGBoost,1.3082486391067505,All features (7)
B0006,91,1.5463902376915637,XGBoost,1.396787405014038,All features (7)
B0006,92,1.51470559175661,XGBoost,1.3661085367202759,All features (7)
B0006,93,1.4989786083335404,XGBoost,1.3515058755874634,All features (7)
B0006,94,1.4831110745410492,XGBoost,1.343962550163269,All features (7)
B0006,95,1.4729664825468278,XGBoost,1.3324378728866577,All features (7)
B0006,96,1.4627604396099307,XGBoost,1.329994559288025,All features (7)
B0006,97,1.4518364681062514,XGBoost,1.3191105127334595,All features (7)
B0006,98,1.4468670644030392,XGBoost,1.317637324333191,All features (7)
B0006,99,1.441380399427779,XGBoost,1.3085869550704956,All features (7)
B0006,100,1.431210744960774,XGBoost,1.3055435419082642,All features (7)
B0006,101,1.4260247179525716,XGBoost,1.3029526472091675,All features (7)
B0006,102,1.420487649966195,XGBoost,1.3003109693527222,All features (7)
B0006,103,1.4207006230355006,XGBoost,1.298141598701477,All features (7)
B0006,104,1.452255804330839,XGBoost,1.314391016960144,All features (7)
B0006,105,1.431557632772571,XGBoost,1.30622398853302,All features (7)
B0006,106,1.415015751158943,XGBoost,1.3003109693527222,All features (7)
B0006,107,1.4097311506517451,XGBoost,1.298376441001892,All features (7)
B0006,108,1.404917318129309,XGBoost,1.2961214780807495,All features (7)
B0006,109,1.395164296571563,XGBoost,1.2951163053512573,All features (7)
B0006,110,1.3945343832614077,XGBoost,1.2951163053512573,All features (7)
B0006,111,1.3893171179312644,XGBoost,1.2941975593566895,All features (7)
B0006,112,1.3838379472327809,XGBoost,1.2943193912506104,All features (7)
B0006,113,1.3736814238195123,XGBoost,1.2943193912506104,All features (7)
B0006,114,1.3786059891863676,XGBoost,1.2943193912506104,All features (7)
B0006,115,1.3737600299108574,XGBoost,1.2943193912506104,All features (7)
B0006,116,1.3682580583942712,XGBoost,1.2943193912506104,All features (7)
B0006,117,1.3633024037317505,XGBoost,1.2943193912506104,All features (7)
B0006,118,1.3580966140172601,XGBoost,1.2943193912506104,All features (7)
B0006,119,1.353269090999531,XGBoost,1.2943193912506104,All features (7)
B0006,120,1.3841605738237488,XGBoost,1.2957369089126587,All features (7)
B0006,121,1.4051467790651473,XGBoost,1.2938023805618286,All features (7)
B0006,122,1.378719022627353,XGBoost,1.2955117225646973,All features (7)
B0006,123,1.3682657783199066,XGBoost,1.2943193912506104,All features (7)
B0006,124,1.3573151296618016,XGBoost,1.2943193912506104,All features (7)
B0006,125,1.3524934638801596,XGBoost,1.2943193912506104,All features (7)
B0006,126,1.3474099151661236,XGBoost,1.2943193912506104,All features (7)
B0006,127,1.3370075130842318,XGBoost,1.293137550354004,All features (7)
B0006,128,1.3312352966718526,XGBoost,1.2915018796920776,All features (7)
B0006,129,1.3259303781727643,XGBoost,1.2915018796920776,All features (7)
B0006,130,1.321578743867529,XGBoost,1.2915018796920776,All features (7)
B0006,131,1.321225074066109,XGBoost,1.2906683683395386,All features (7)
B0006,132,1.3156485301862682,XGBoost,1.2906683683395386,All features (7)
B0006,133,1.3209025697502388,XGBoost,1.2943193912506104,All features (7)
B0006,134,1.3474328767273906,XGBoost,1.2938023805618286,All features (7)
B0006,135,1.3260128072353616,XGBoost,1.2941975593566895,All features (7)
B0006,136,1.3101186784831063,XGBoost,1.2943193912506104,All features (7)
B0006,137,1.30521620229393,XGBoost,1.2943193912506104,All features (7)
B0006,138,1.3004061951355774,XGBoost,1.2943193912506104,All features (7)
B0006,139,1.300235735841116,XGBoost,1.2943193912506104,All features (7)
B0006,140,1.2895066722480755,XGBoost,1.2943193912506104,All features (7)
B0006,141,1.279253057384795,XGBoost,1.2942230701446533,All features (7)
B0006,142,1.2792078171714618,XGBoost,1.2915018796920776,All features (7)
B0006,143,1.274036760902923,XGBoost,1.2915018796920776,All features (7)
B0006,144,1.2741273923001468,XGBoost,1.2926257848739624,All features (7)
B0006,145,1.2637639426440779,XGBoost,1.2915018796920776,All features (7)
B0006,146,1.2581373688955233,XGBoost,1.2906683683395386,All features (7)
B0006,147,1.253259864055301,XGBoost,1.2906683683395386,All features (7)
B0006,148,1.2532313315493426,XGBoost,1.2906683683395386,All features (7)
B0006,149,1.2480874960313577,XGBoost,1.2906683683395386,All features (7)
B0006,150,1.2534354284944844,XGBoost,1.2906683683395386,All features (7)
B0006,151,1.2898048773266901,XGBoost,1.2906683683395386,All features (7)
B0006,152,1.2635402021758835,XGBoost,1.2906683683395386,All features (7)
B0006,153,1.2479761706842853,XGBoost,1.2906683683395386,All features (7)
B0006,154,1.2321202877943334,XGBoost,1.2906683683395386,All features (7)
B0006,155,1.2271137666213534,XGBoost,1.2906683683395386,All features (7)
B0006,156,1.2217397581377356,XGBoost,1.2906683683395386,All features (7)
B0006,157,1.211102678915174,XGBoost,1.2906683683395386,All features (7)
B0006,158,1.2056159765131735,XGBoost,1.2906683683395386,All features (7)
B0006,159,1.2008936262717274,XGBoost,1.2906683683395386,All features (7)
B0006,160,1.1905903985558335,XGBoost,1.2906683683395386,All features (7)
B0006,161,1.185179251041941,XGBoost,1.2906683683395386,All features (7)
B0006,162,1.1796706818144624,XGBoost,1.2906683683395386,All features (7)
B0006,163,1.1745952836753915,XGBoost,1.2906683683395386,All features (7)
B0006,164,1.15381833159625,XGBoost,1.2906683683395386,All features (7)
B0006,165,1.1644009557372264,XGBoost,1.2906683683395386,All features (7)
B0006,166,1.1587974947916069,XGBoost,1.2906683683395386,All features (7)
B0006,167,1.1749748834769171,XGBoost,1.2906683683395386,All features (7)
B0006,168,1.1856752327929356,XGBoost,1.2906683683395386,All features (7)
B0007,1,1.89105229539079,Linear Regression,1.820221241723897,All features (7)
B0007,2,1.880637027686859,Linear Regression,1.850730316535205,All features (7)
B0007,3,1.8806626717011388,Linear Regression,1.8444503270957535,All features (7)
B0007,4,1.8807709009833444,Linear Regression,1.855417974890786,All features (7)
B0007,5,1.8794508728285058,Linear Regression,1.8578806527475555,All features (7)
B0007,6,1.8807003517117404,Linear Regression,1.8605167036125123,All features (7)
B0007,7,1.8799352523566075,Linear Regression,1.8484509917899596,All features (7)
B0007,8,1.8815088124038797,Linear Regression,1.858243812046898,All features (7)
B0007,9,1.8696907870385844,Linear Regression,1.8545868795225027,All features (7)
B0007,10,1.870052380139199,Linear Regression,1.8568556114666066,All features (7)
B0007,11,1.8700442394188577,Linear Regression,1.8563477425085373,All features (7)
B0007,12,1.8596518987766364,Linear Regression,1.8525391201613965,All features (7)
B0007,13,1.8590746560862206,Linear Regression,1.8504960940061999,All features (7)
B0007,14,1.8590084577709232,Linear Regression,1.8459178230548714,All features (7)
B0007,15,1.8593622586957048,Linear Regression,1.8512745719251313,All features (7)
B0007,16,1.8587355450601035,Linear Regression,1.8312537892129628,All features (7)
B0007,17,1.847817291322145,Linear Regression,1.8390832552607779,All features (7)
B0007,18,1.8485252916137047,Linear Regression,1.838389903147557,All features (7)
B0007,19,1.848378951850034,Linear Regression,1.8371301926181922,All features (7)
B0007,20,1.8807805437609766,Linear Regression,1.852480743648141,All features (7)
B0007,21,1.8814721597443598,Linear Regression,1.8817807160661961,All features (7)
B0007,22,1.8810954313244785,Linear Regression,1.8680917832391533,All features (7)
B0007,23,1.8710089649779995,Linear Regression,1.8579988033104393,All features (7)
B0007,24,1.8701995151941375,Linear Regression,1.8663699287403572,All features (7)
B0007,25,1.8706715362800985,Linear Regression,1.857476201152823,All features (7)
B0007,26,1.8596124644020169,Linear Regression,1.855294374326091,All features (7)
B0007,27,1.860033909718346,Linear Regression,1.8456926428878093,All features (7)
B0007,28,1.8591653109160768,Linear Regression,1.8428079546582352,All features (7)
B0007,29,1.8481398178778288,Linear Regression,1.8423188452809203,All features (7)
B0007,30,1.849201702126164,Linear Regression,1.830699214214388,All features (7)
B0007,31,1.8834677437950846,Linear Regression,1.8719224832970245,All features (7)
B0007,32,1.8628211117905844,Linear Regression,1.8766618209029593,All features (7)
B0007,33,1.852085039652352,Linear Regression,1.871744746910473,All features (7)
B0007,34,1.8469504648208708,Linear Regression,1.8569141130469173,All features (7)
B0007,35,1.836828431169018,Linear Regression,1.852977972512178,All features (7)
B0007,36,1.8371619619672275,Linear Regression,1.851706548060107,All features (7)
B0007,37,1.8316722583718854,Linear Regression,1.8416054159266442,All features (7)
B0007,38,1.8211470951317783,Linear Regression,1.836483614400123,All features (7)
B0007,39,1.816506091511515,Linear Regression,1.8267476797742972,All features (7)
B0007,40,1.8113815601504555,Linear Regression,1.8235740728926633,All features (7)
B0007,41,1.8116056333939583,Linear Regression,1.8266298598100628,All features (7)
B0007,42,1.8060548955557403,Linear Regression,1.8135731243688291,All features (7)
B0007,43,1.8132041826994056,Linear Regression,1.7834236933610619,All features (7)
B0007,44,1.8062641938283535,Linear Regression,1.82072989606798,All features (7)
B0007,45,1.7958310249900458,Linear Regression,1.813788732928349,All features (7)
B0007,46,1.7858852600390451,Linear Regression,1.8007286442738004,All features (7)
B0007,47,1.7803268604502753,Linear Regression,1.7823195989912737,All features (7)
B0007,48,1.8150756899575577,Linear Regression,1.843189845904298,All features (7)
B0007,49,1.8157025154845838,Linear Regression,1.8414907381430783,All features (7)
B0007,50,1.8002432178056673,Linear Regression,1.8179418445358893,All features (7)
B0007,51,1.7904476205609308,Linear Regression,1.8029463825389564,All features (7)
B0007,52,1.780343032300132,Linear Regression,1.7844007562034947,All features (7)
B0007,53,1.775328769596812,Linear Regression,1.7839000482933407,All features (7)
B0007,54,1.7702629734732853,Linear Regression,1.7794500477596324,All features (7)
B0007,55,1.760081061854204,Linear Regression,1.7659949438053073,All features (7)
B0007,56,1.749647593537689,Linear Regression,1.7621353062419487,All features (7)
B0007,57,1.749650075059311,Linear Regression,1.7533167877263094,All features (7)
B0007,58,1.745028739214683,Linear Regression,1.7425705588354732,All features (7)
B0007,59,1.7396457455286727,Linear Regression,1.7452943362895286,All features (7)
B0007,60,1.7285642277717963,Linear Regression,1.7355450525867304,All features (7)
B0007,61,1.723900324588418,Linear Regression,1.726905477442529,All features (7)
B0007,62,1.7139788776485192,Linear Regression,1.7155830974244,All features (7)
B0007,63,1.7139701997004613,Linear Regression,1.7147694178821369,All features (7)
B0007,64,1.7036521173638766,Linear Regression,1.7039247925961336,All features (7)
B0007,65,1.7040137474382486,Linear Regression,1.7087776354877018,All features (7)
B0007,66,1.6935716157343033,Linear Regression,1.6942938395348681,All features (7)
B0007,67,1.6876577363877656,Linear Regression,1.6689842503972678,All features (7)
B0007,68,1.6830744356583152,Linear Regression,1.6771744641284418,All features (7)
B0007,69,1.6779270142025482,Linear Regression,1.6702837525943013,All features (7)
B0007,70,1.6732060275966172,Linear Regression,1.6631632884416911,All features (7)
B0007,71,1.6674367208253988,Linear Regression,1.663086611715181,All features (7)
B0007,72,1.6622662630667526,Linear Regression,1.6479317502380582,All features (7)
B0007,73,1.6574243065763063,Linear Regression,1.643594887784374,All features (7)
B0007,74,1.652538684928734,Linear Regression,1.6381075563625354,All features (7)
B0007,75,1.6472174627573322,Linear Regression,1.6305820527187467,All features (7)
B0007,76,1.6364136810898071,Linear Regression,1.619575098589424,All features (7)
B0007,77,1.6362554312048496,Linear Regression,1.6184416892985218,All features (7)
B0007,78,1.641119179218384,Linear Regression,1.6244457982844525,All features (7)
B0007,79,1.6315700789656966,Linear Regression,1.6122965828354912,All features (7)
B0007,80,1.621213282987236,Linear Regression,1.5936268206679403,All features (7)
B0007,81,1.6164273214762122,Linear Regression,1.5944973719521367,All features (7)
B0007,82,1.615823510161921,Linear Regression,1.5972767600389963,All features (7)
B0007,83,1.61672418029789,Linear Regression,1.593120748357545,All features (7)
B0007,84,1.6108655863730026,Linear Regression,1.5901802791807942,All features (7)
B0007,85,1.6006603374309376,Linear Regression,1.5830718903793828,All features (7)
B0007,86,1.5959174487005663,Linear Regression,1.5697562341592302,All features (7)
B0007,87,1.5962179519462243,Linear Regression,1.5674201134873982,All features (7)
B0007,88,1.5958065114633972,Linear Regression,1.5664233164737034,All features (7)
B0007,89,1.5906507821480704,Linear Regression,1.5577022759960344,All features (7)
B0007,91,1.6259938279733204,Linear Regression,1.5929817703448144,All features (7)
B0007,92,1.6157433862812898,Linear Regression,1.5846146434472166,All features (7)
B0007,93,1.6056626764846538,Linear Regression,1.5803940629792619,All features (7)
B0007,94,1.5949746921524348,Linear Regression,1.574647308298673,All features (7)
B0007,95,1.5904102438871945,Linear Regression,1.5598744223097878,All features (7)
B0007,96,1.5853517062988178,Linear Regression,1.5572093968354879,All features (7)
B0007,97,1.5799737147242376,Linear Regression,1.5524727184293508,All features (7)
B0007,98,1.5752185465278068,Linear Regression,1.5478499795618057,All features (7)
B0007,99,1.569798484648868,Linear Regression,1.5408178503169156,All features (7)
B0007,100,1.5702565375950357,Linear Regression,1.5410766909122797,All features (7)
B0007,101,1.565249873909438,Linear Regression,1.5374929119324043,All features (7)
B0007,102,1.559633933561147,Linear Regression,1.5313565133293952,All features (7)
B0007,103,1.5649820533392105,Linear Regression,1.5267049456854271,All features (7)
B0007,104,1.57497949984227,Linear Regression,1.543988105878915,All features (7)
B0007,105,1.5652811168780458,Linear Regression,1.5347687612909275,All features (7)
B0007,106,1.559755497470126,Linear Regression,1.521874104929238,All features (7)
B0007,107,1.549897685670499,Linear Regression,1.5204759307330646,All features (7)
B0007,108,1.5438771531345021,Linear Regression,1.5139226297673944,All features (7)
B0007,109,1.5450187488690073,Linear Regression,1.5146011076788137,All features (7)
B0007,110,1.5445940154102908,Linear Regression,1.5070679410580392,All features (7)
B0007,111,1.5343086721758876,Linear Regression,1.5030634198120807,All features (7)
B0007,112,1.5287603942958483,Linear Regression,1.493076693166723,All features (7)
B0007,113,1.5289260249179843,Linear Regression,1.5010493568804062,All features (7)
B0007,114,1.529091650133123,Linear Regression,1.4956329817846712,All features (7)
B0007,115,1.5239059324661248,Linear Regression,1.4901988140672984,All features (7)
B0007,116,1.5186675419100615,Linear Regression,1.4875394726293902,All features (7)
B0007,117,1.5136482266426952,Linear Regression,1.4764095013742606,All features (7)
B0007,118,1.5136050185229033,Linear Regression,1.4831197928027393,All features (7)
B0007,119,1.5139470614867965,Linear Regression,1.476795626191247,All features (7)
B0007,120,1.5339599193158786,Linear Regression,1.5057392282576225,All features (7)
B0007,121,1.5391372798653098,Linear Regression,1.5133305496532004,All features (7)
B0007,122,1.5236247972838737,Linear Regression,1.4927026161205632,All features (7)
B0007,123,1.5135813035589147,Linear Regression,1.482605386475734,All features (7)
B0007,124,1.5077850749847914,Linear Regression,1.4842308194076226,All features (7)
B0007,125,1.5031960676037333,Linear Regression,1.4744441588323591,All features (7)
B0007,126,1.4978220596995881,Linear Regression,1.465982421411309,All features (7)
B0007,127,1.492848534633516,Linear Regression,1.468420330544121,All features (7)
B0007,128,1.492414389867026,Linear Regression,1.4537458862558943,All features (7)
B0007,129,1.487482776538081,Linear Regression,1.451392137137929,All features (7)
B0007,130,1.482535148640411,Linear Regression,1.4602169465994368,All features (7)
B0007,131,1.4827874322228984,Linear Regression,1.4505947334973286,All features (7)
B0007,132,1.476971179775059,Linear Regression,1.4435956194544715,All features (7)
B0007,133,1.4819015554137276,Linear Regression,1.4664735395723059,All features (7)
B0007,134,1.4981366198874824,Linear Regression,1.4640530307381288,All features (7)
B0007,135,1.4820775214392872,Linear Regression,1.4572543189196245,All features (7)
B0007,136,1.4771155312812152,Linear Regression,1.4472478270389637,All features (7)
B0007,137,1.4720772783056488,Linear Regression,1.440705349168478,All features (7)
B0007,138,1.472248013656454,Linear Regression,1.4483946875738654,All features (7)
B0007,139,1.4670106672274665,Linear Regression,1.4414355467054965,All features (7)
B0007,140,1.4617672495335379,Linear Regression,1.4322498309518346,All features (7)
B0007,141,1.4566952670489708,Linear Regression,1.4302448183507253,All features (7)
B0007,142,1.451354972758956,Linear Regression,1.4213512759972908,All features (7)
B0007,143,1.451615926257375,Linear Regression,1.417841610140221,All features (7)
B0007,144,1.4468161332173683,Linear Regression,1.418670552153469,All features (7)
B0007,145,1.4467570607768785,Linear Regression,1.4137105264105856,All features (7)
B0007,146,1.4413797481446793,Linear Regression,1.4159429225141285,All features (7)
B0007,147,1.4362456252208178,Linear Regression,1.4112116226822535,All features (7)
B0007,148,1.4368154153924828,Linear Regression,1.4068745130175022,All features (7)
B0007,149,1.4362945145860047,Linear Regression,1.40870685332209,All features (7)
B0007,150,1.4418575315878015,Linear Regression,1.4145804515651639,All features (7)
B0007,151,1.4672063484781797,Linear Regression,1.4278729639938588,All features (7)
B0007,152,1.4518640367848885,Linear Regression,1.4255611639933436,All features (7)
B0007,153,1.4471379752748499,Linear Regression,1.415656399919113,All features (7)
B0007,154,1.441790586562399,Linear Regression,1.4093124261687187,All features (7)
B0007,155,1.431630947911111,Linear Regression,1.40160920581035,All features (7)
B0007,156,1.4318084249673686,Linear Regression,1.3980050887077105,All features (7)
B0007,157,1.4262562585106868,Linear Regression,1.3980994998678329,All features (7)
B0007,158,1.4260877528924913,Linear Regression,1.3928183203130429,All features (7)
B0007,159,1.4212633510031694,Linear Regression,1.392708469827543,All features (7)
B0007,160,1.4163272748795108,Linear Regression,1.3881705541743592,All features (7)
B0007,161,1.4165781829175994,Linear Regression,1.383744469910035,All features (7)
B0007,162,1.4108401729425177,Linear Regression,1.3821419448944,All features (7)
B0007,163,1.4109949628347804,Linear Regression,1.3834789653026027,All features (7)
B0007,164,1.4061714290398801,Linear Regression,1.3868194561190061,All features (7)
B0007,165,1.4063358479692922,Linear Regression,1.3767859421987265,All features (7)
B0007,166,1.4004552399066514,Linear Regression,1.3697772041175733,All features (7)
B0007,167,1.4217865046055154,Linear Regression,1.4067975802984385,All features (7)
B0007,168,1.4324552720625434,Linear Regression,1.41829992611956,All features (7)
B0007,1,1.89105229539079,Random Forest,1.8965536037112185,All features (7)
B0007,2,1.880637027686859,Random Forest,1.9365727776247295,All features (7)
B0007,3,1.8806626717011388,Random Forest,1.9381364298374024,All features (7)
B0007,4,1.8807709009833444,Random Forest,1.9396376207769648,All features (7)
B0007,5,1.8794508728285058,Random Forest,1.9401883516362344,All features (7)
B0007,6,1.8807003517117404,Random Forest,1.9396948983170947,All features (7)
B0007,7,1.8799352523566075,Random Forest,1.9380001649524174,All features (7)
B0007,8,1.8815088124038797,Random Forest,1.943978459347868,All features (7)
B0007,9,1.8696907870385844,Random Forest,1.9395019330815324,All features (7)
B0007,10,1.870052380139199,Random Forest,1.9401307882676848,All features (7)
B0007,11,1.8700442394188577,Random Forest,1.9386119467382894,All features (7)
B0007,12,1.8596518987766364,Random Forest,1.9439029629736044,All features (7)
B0007,13,1.8590746560862206,Random Forest,1.9415845596869081,All features (7)
B0007,14,1.8590084577709232,Random Forest,1.9304788813719893,All features (7)
B0007,15,1.8593622586957048,Random Forest,1.9245237140599452,All features (7)
B0007,16,1.8587355450601035,Random Forest,1.8981039736836727,All features (7)
B0007,17,1.847817291322145,Random Forest,1.8980257151311652,All features (7)
B0007,18,1.8485252916137047,Random Forest,1.8979634400558227,All features (7)
B0007,19,1.848378951850034,Random Forest,1.897054558946529,All features (7)
B0007,20,1.8807805437609766,Random Forest,1.9039992846318707,All features (7)
B0007,21,1.8814721597443598,Random Forest,1.9555169808680635,All features (7)
B0007,22,1.8810954313244785,Random Forest,1.9537696601395118,All features (7)
B0007,23,1.8710089649779995,Random Forest,1.9468001623587048,All features (7)
B0007,24,1.8701995151941375,Random Forest,1.9530987102128552,All features (7)
B0007,25,1.8706715362800985,Random Forest,1.9465250593082906,All features (7)
B0007,26,1.8596124644020169,Random Forest,1.9434409746339438,All features (7)
B0007,27,1.860033909718346,Random Forest,1.9288158376932167,All features (7)
B0007,28,1.8591653109160768,Random Forest,1.9118680168751487,All features (7)
B0007,29,1.8481398178778288,Random Forest,1.8813338394586656,All features (7)
B0007,30,1.849201702126164,Random Forest,1.884607445230258,All features (7)
B0007,31,1.8834677437950846,Random Forest,1.9124986498001975,All features (7)
B0007,32,1.8628211117905844,Random Forest,1.9232699742561927,All features (7)
B0007,33,1.852085039652352,Random Forest,1.8961692394097682,All features (7)
B0007,34,1.8469504648208708,Random Forest,1.8389359879680784,All features (7)
B0007,35,1.836828431169018,Random Forest,1.8270603084150745,All features (7)
B0007,36,1.8371619619672275,Random Forest,1.8320018318627722,All features (7)
B0007,37,1.8316722583718854,Random Forest,1.8254319153931027,All features (7)
B0007,38,1.8211470951317783,Random Forest,1.8276070544895455,All features (7)
B0007,39,1.816506091511515,Random Forest,1.825497521311621,All features (7)
B0007,40,1.8113815601504555,Random Forest,1.82759280719902,All features (7)
B0007,41,1.8116056333939583,Random Forest,1.8220075081116676,All features (7)
B0007,42,1.8060548955557403,Random Forest,1.8177802972239692,All features (7)
B0007,43,1.8132041826994056,Random Forest,1.8217562496171917,All features (7)
B0007,44,1.8062641938283535,Random Forest,1.8090121060086246,All features (7)
B0007,45,1.7958310249900458,Random Forest,1.809227112324587,All features (7)
B0007,46,1.7858852600390451,Random Forest,1.8137556301726228,All features (7)
B0007,47,1.7803268604502753,Random Forest,1.7910045138588968,All features (7)
B0007,48,1.8150756899575577,Random Forest,1.8167756448410213,All features (7)
B0007,49,1.8157025154845838,Random Forest,1.847939591538869,All features (7)
B0007,50,1.8002432178056673,Random Forest,1.8204646716216546,All features (7)
B0007,51,1.7904476205609308,Random Forest,1.8092647599989566,All features (7)
B0007,52,1.780343032300132,Random Forest,1.8022414003477638,All features (7)
B0007,53,1.775328769596812,Random Forest,1.7950409412551445,All features (7)
B0007,54,1.7702629734732853,Random Forest,1.790128517197317,All features (7)
B0007,55,1.760081061854204,Random Forest,1.7816197922312813,All features (7)
B0007,56,1.749647593537689,Random Forest,1.767898562461581,All features (7)
B0007,57,1.749650075059311,Random Forest,1.7645853951643704,All features (7)
B0007,58,1.745028739214683,Random Forest,1.7528891114069198,All features (7)
B0007,59,1.7396457455286727,Random Forest,1.7540592048603267,All features (7)
B0007,60,1.7285642277717963,Random Forest,1.7450121994954824,All features (7)
B0007,61,1.723900324588418,Random Forest,1.7428811035347522,All features (7)
B0007,62,1.7139788776485192,Random Forest,1.7366960630038981,All features (7)
B0007,63,1.7139701997004613,Random Forest,1.732333679654685,All features (7)
B0007,64,1.7036521173638766,Random Forest,1.7175893779274642,All features (7)
B0007,65,1.7040137474382486,Random Forest,1.7241544074472146,All features (7)
B0007,66,1.6935716157343033,Random Forest,1.7129220900616073,All features (7)
B0007,67,1.6876577363877656,Random Forest,1.6970453708248392,All features (7)
B0007,68,1.6830744356583152,Random Forest,1.6959636821669557,All features (7)
B0007,69,1.6779270142025482,Random Forest,1.6901459318217544,All features (7)
B0007,70,1.6732060275966172,Random Forest,1.6866968341527424,All features (7)
B0007,71,1.6674367208253988,Random Forest,1.6814670729485064,All features (7)
B0007,72,1.6622662630667526,Random Forest,1.6704199297782676,All features (7)
B0007,73,1.6574243065763063,Random Forest,1.6656611299478385,All features (7)
B0007,74,1.652538684928734,Random Forest,1.662229973139912,All features (7)
B0007,75,1.6472174627573322,Random Forest,1.6601784589893454,All features (7)
B0007,76,1.6364136810898071,Random Forest,1.6573999539888007,All features (7)
B0007,77,1.6362554312048496,Random Forest,1.6482936051174386,All features (7)
B0007,78,1.641119179218384,Random Forest,1.649746620739892,All features (7)
B0007,79,1.6315700789656966,Random Forest,1.6446780586306644,All features (7)
B0007,80,1.621213282987236,Random Forest,1.6185315344757156,All features (7)
B0007,81,1.6164273214762122,Random Forest,1.6156282697284399,All features (7)
B0007,82,1.615823510161921,Random Forest,1.6228489867490106,All features (7)
B0007,83,1.61672418029789,Random Forest,1.6192991135682997,All features (7)
B0007,84,1.6108655863730026,Random Forest,1.61378973741463,All features (7)
B0007,85,1.6006603374309376,Random Forest,1.6103079507392442,All features (7)
B0007,86,1.5959174487005663,Random Forest,1.6038866725310206,All features (7)
B0007,87,1.5962179519462243,Random Forest,1.6052487041144534,All features (7)
B0007,88,1.5958065114633972,Random Forest,1.6071558660144085,All features (7)
B0007,89,1.5906507821480704,Random Forest,1.6052688950747527,All features (7)
B0007,91,1.6259938279733204,Random Forest,1.638870615799464,All features (7)
B0007,92,1.6157433862812898,Random Forest,1.6283308267177592,All features (7)
B0007,93,1.6056626764846538,Random Forest,1.6150387866415477,All features (7)
B0007,94,1.5949746921524348,Random Forest,1.6093613505786017,All features (7)
B0007,95,1.5904102438871945,Random Forest,1.6057530961021522,All features (7)
B0007,96,1.5853517062988178,Random Forest,1.6024867071368019,All features (7)
B0007,97,1.5799737147242376,Random Forest,1.5995882367758898,All features (7)
B0007,98,1.5752185465278068,Random Forest,1.5924481599373363,All features (7)
B0007,99,1.569798484648868,Random Forest,1.5857346990018812,All features (7)
B0007,100,1.5702565375950357,Random Forest,1.5798232687557268,All features (7)
B0007,101,1.565249873909438,Random Forest,1.5776105951952208,All features (7)
B0007,102,1.559633933561147,Random Forest,1.5767852224270118,All features (7)
B0007,103,1.5649820533392105,Random Forest,1.5698197263028146,All features (7)
B0007,104,1.57497949984227,Random Forest,1.585575899898073,All features (7)
B0007,105,1.5652811168780458,Random Forest,1.5882737762430015,All features (7)
B0007,106,1.559755497470126,Random Forest,1.577307403414425,All features (7)
B0007,107,1.549897685670499,Random Forest,1.5589768803301354,All features (7)
B0007,108,1.5438771531345021,Random Forest,1.5497171903240052,All features (7)
B0007,109,1.5450187488690073,Random Forest,1.5534574124658094,All features (7)
B0007,110,1.5445940154102908,Random Forest,1.550225823325157,All features (7)
B0007,111,1.5343086721758876,Random Forest,1.5417302317454409,All features (7)
B0007,112,1.5287603942958483,Random Forest,1.5337377258682623,All features (7)
B0007,113,1.5289260249179843,Random Forest,1.5345596902348493,All features (7)
B0007,114,1.529091650133123,Random Forest,1.533987540500205,All features (7)
B0007,115,1.5239059324661248,Random Forest,1.5324848584280502,All features (7)
B0007,116,1.5186675419100615,Random Forest,1.527460252915413,All features (7)
B0007,117,1.5136482266426952,Random Forest,1.5206063412481714,All features (7)
B0007,118,1.5136050185229033,Random Forest,1.5237012761741757,All features (7)
B0007,119,1.5139470614867965,Random Forest,1.523829243751723,All features (7)
B0007,120,1.5339599193158786,Random Forest,1.5426583584893254,All features (7)
B0007,121,1.5391372798653098,Random Forest,1.5580693241331864,All features (7)
B0007,122,1.5236247972838737,Random Forest,1.5417938033968528,All features (7)
B0007,123,1.5135813035589147,Random Forest,1.5324403540201077,All features (7)
B0007,124,1.5077850749847914,Random Forest,1.5207422355481897,All features (7)
B0007,125,1.5031960676037333,Random Forest,1.518098508842085,All features (7)
B0007,126,1.4978220596995881,Random Forest,1.5118456171353114,All features (7)
B0007,127,1.492848534633516,Random Forest,1.5090077218983808,All features (7)
B0007,128,1.492414389867026,Random Forest,1.5030882808841133,All features (7)
B0007,129,1.487482776538081,Random Forest,1.4984505602132847,All features (7)
B0007,130,1.482535148640411,Random Forest,1.4965159219558257,All features (7)
B0007,131,1.4827874322228984,Random Forest,1.4929366131376554,All features (7)
B0007,132,1.476971179775059,Random Forest,1.4854545233412375,All features (7)
B0007,133,1.4819015554137276,Random Forest,1.5063017901939935,All features (7)
B0007,134,1.4981366198874824,Random Forest,1.5126343611482473,All features (7)
B0007,135,1.4820775214392872,Random Forest,1.5132447109436769,All features (7)
B0007,136,1.4771155312812152,Random Forest,1.4942124178722795,All features (7)
B0007,137,1.4720772783056488,Random Forest,1.4823064473529555,All features (7)
B0007,138,1.472248013656454,Random Forest,1.48144858617539,All features (7)
B0007,139,1.4670106672274665,Random Forest,1.4842649721634773,All features (7)
B0007,140,1.4617672495335379,Random Forest,1.477724687117854,All features (7)
B0007,141,1.4566952670489708,Random Forest,1.4630473519384528,All features (7)
B0007,142,1.451354972758956,Random Forest,1.453505281060344,All features (7)
B0007,143,1.451615926257375,Random Forest,1.4481583910177813,All features (7)
B0007,144,1.4468161332173683,Random Forest,1.453469719355486,All features (7)
B0007,145,1.4467570607768785,Random Forest,1.447220228886927,All features (7)
B0007,146,1.4413797481446793,Random Forest,1.4370686758444697,All features (7)
B0007,147,1.4362456252208178,Random Forest,1.4262115276645957,All features (7)
B0007,148,1.4368154153924828,Random Forest,1.430446935717366,All features (7)
B0007,149,1.4362945145860047,Random Forest,1.435065803126584,All features (7)
B0007,150,1.4418575315878015,Random Forest,1.42822287374299,All features (7)
B0007,151,1.4672063484781797,Random Forest,1.4662768230376855,All features (7)
B0007,152,1.4518640367848885,Random Forest,1.4593380678973404,All features (7)
B0007,153,1.4471379752748499,Random Forest,1.450978297671896,All features (7)
B0007,154,1.441790586562399,Random Forest,1.4418680136520206,All features (7)
B0007,155,1.431630947911111,Random Forest,1.4315672965567783,All features (7)
B0007,156,1.4318084249673686,Random Forest,1.4271714097687904,All features (7)
B0007,157,1.4262562585106868,Random Forest,1.4271013331106996,All features (7)
B0007,158,1.4260877528924913,Random Forest,1.4189061111627574,All features (7)
B0007,159,1.4212633510031694,Random Forest,1.4174609222162238,All features (7)
B0007,160,1.4163272748795108,Random Forest,1.4170136075422588,All features (7)
B0007,161,1.4165781829175994,Random Forest,1.4153831058548283,All features (7)
B0007,162,1.4108401729425177,Random Forest,1.4151748870023297,All features (7)
B0007,163,1.4109949628347804,Random Forest,1.4133741795456636,All features (7)
B0007,164,1.4061714290398801,Random Forest,1.4120894021521557,All features (7)
B0007,165,1.4063358479692922,Random Forest,1.4072520506695876,All features (7)
B0007,166,1.4004552399066514,Random Forest,1.4034273328841111,All features (7)
B0007,167,1.4217865046055154,Random Forest,1.4387020333984395,All features (7)
B0007,168,1.4324552720625434,Random Forest,1.4556663765364,All features (7)
B0007,1,1.89105229539079,XGBoost,1.8795957565307617,All features (7)
B0007,2,1.880637027686859,XGBoost,1.9153199195861816,All features (7)
B0007,3,1.8806626717011388,XGBoost,1.9104596376419067,All features (7)
B0007,4,1.8807709009833444,XGBoost,1.9095263481140137,All features (7)
B0007,5,1.8794508728285058,XGBoost,1.9091131687164307,All features (7)
B0007,6,1.8807003517117404,XGBoost,1.9114489555358887,All features (7)
B0007,7,1.8799352523566075,XGBoost,1.9053962230682373,All features (7)
B0007,8,1.8815088124038797,XGBoost,1.9149084091186523,All features (7)
B0007,9,1.8696907870385844,XGBoost,1.9185757637023926,All features (7)
B0007,10,1.870052380139199,XGBoost,1.9147365093231201,All features (7)
B0007,11,1.8700442394188577,XGBoost,1.9139420986175537,All features (7)
B0007,12,1.8596518987766364,XGBoost,1.911121129989624,All features (7)
B0007,13,1.8590746560862206,XGBoost,1.91074800491333,All features (7)
B0007,14,1.8590084577709232,XGBoost,1.9089539051055908,All features (7)
B0007,15,1.8593622586957048,XGBoost,1.911426067352295,All features (7)
B0007,16,1.8587355450601035,XGBoost,1.8921875953674316,All features (7)
B0007,17,1.847817291322145,XGBoost,1.8909103870391846,All features (7)
B0007,18,1.8485252916137047,XGBoost,1.889497995376587,All features (7)
B0007,19,1.848378951850034,XGBoost,1.8898499011993408,All features (7)
B0007,20,1.8807805437609766,XGBoost,1.8889555931091309,All features (7)
B0007,21,1.8814721597443598,XGBoost,1.9259634017944336,All features (7)
B0007,22,1.8810954313244785,XGBoost,1.9042129516601562,All features (7)
B0007,23,1.8710089649779995,XGBoost,1.9094045162200928,All features (7)
B0007,24,1.8701995151941375,XGBoost,1.910202980041504,All features (7)
B0007,25,1.8706715362800985,XGBoost,1.9104344844818115,All features (7)
B0007,26,1.8596124644020169,XGBoost,1.9066104888916016,All features (7)
B0007,27,1.860033909718346,XGBoost,1.903899908065796,All features (7)
B0007,28,1.8591653109160768,XGBoost,1.8843560218811035,All features (7)
B0007,29,1.8481398178778288,XGBoost,1.8816521167755127,All features (7)
B0007,30,1.849201702126164,XGBoost,1.8538672924041748,All features (7)
B0007,31,1.8834677437950846,XGBoost,1.891355037689209,All features (7)
B0007,32,1.8628211117905844,XGBoost,1.885761022567749,All features (7)
B0007,33,1.852085039652352,XGBoost,1.8812463283538818,All features (7)
B0007,34,1.8469504648208708,XGBoost,1.8320494890213013,All features (7)
B0007,35,1.836828431169018,XGBoost,1.826139211654663,All features (7)
B0007,36,1.8371619619672275,XGBoost,1.8306719064712524,All features (7)
B0007,37,1.8316722583718854,XGBoost,1.8263218402862549,All features (7)
B0007,38,1.8211470951317783,XGBoost,1.8195711374282837,All features (7)
B0007,39,1.816506091511515,XGBoost,1.816597819328308,All features (7)
B0007,40,1.8113815601504555,XGBoost,1.8098219633102417,All features (7)
B0007,41,1.8116056333939583,XGBoost,1.810189962387085,All features (7)
B0007,42,1.8060548955557403,XGBoost,1.8150663375854492,All features (7)
B0007,43,1.8132041826994056,XGBoost,1.8123263120651245,All features (7)
B0007,44,1.8062641938283535,XGBoost,1.8027242422103882,All features (7)
B0007,45,1.7958310249900458,XGBoost,1.8030184507369995,All features (7)
B0007,46,1.7858852600390451,XGBoost,1.8056461811065674,All features (7)
B0007,47,1.7803268604502753,XGBoost,1.787610650062561,All features (7)
B0007,48,1.8150756899575577,XGBoost,1.8104547262191772,All features (7)
B0007,49,1.8157025154845838,XGBoost,1.8305132389068604,All features (7)
B0007,50,1.8002432178056673,XGBoost,1.8247079849243164,All features (7)
B0007,51,1.7904476205609308,XGBoost,1.8091011047363281,All features (7)
B0007,52,1.780343032300132,XGBoost,1.7952420711517334,All features (7)
B0007,53,1.775328769596812,XGBoost,1.7872755527496338,All features (7)
B0007,54,1.7702629734732853,XGBoost,1.7824273109436035,All features (7)
B0007,55,1.760081061854204,XGBoost,1.776183843612671,All features (7)
B0007,56,1.749647593537689,XGBoost,1.7713972330093384,All features (7)
B0007,57,1.749650075059311,XGBoost,1.7572126388549805,All features (7)
B0007,58,1.745028739214683,XGBoost,1.754967212677002,All features (7)
B0007,59,1.7396457455286727,XGBoost,1.753901481628418,All features (7)
B0007,60,1.7285642277717963,XGBoost,1.75080144405365,All features (7)
B0007,61,1.723900324588418,XGBoost,1.7445355653762817,All features (7)
B0007,62,1.7139788776485192,XGBoost,1.7327100038528442,All features (7)
B0007,63,1.7139701997004613,XGBoost,1.7230693101882935,All features (7)
B0007,64,1.7036521173638766,XGBoost,1.7049903869628906,All features (7)
B0007,65,1.7040137474382486,XGBoost,1.7068425416946411,All features (7)
B0007,66,1.6935716157343033,XGBoost,1.7056957483291626,All features (7)
B0007,67,1.6876577363877656,XGBoost,1.6993858814239502,All features (7)
B0007,68,1.6830744356583152,XGBoost,1.6980713605880737,All features (7)
B0007,69,1.6779270142025482,XGBoost,1.6943131685256958,All features (7)
B0007,70,1.6732060275966172,XGBoost,1.6900779008865356,All features (7)
B0007,71,1.6674367208253988,XGBoost,1.691353440284729,All features (7)
B0007,72,1.6622662630667526,XGBoost,1.6680635213851929,All features (7)
B0007,73,1.6574243065763063,XGBoost,1.6675993204116821,All features (7)
B0007,74,1.652538684928734,XGBoost,1.667435884475708,All features (7)
B0007,75,1.6472174627573322,XGBoost,1.6654480695724487,All features (7)
B0007,76,1.6364136810898071,XGBoost,1.65419602394104,All features (7)
B0007,77,1.6362554312048496,XGBoost,1.6352556943893433,All features (7)
B0007,78,1.641119179218384,XGBoost,1.6400206089019775,All features (7)
B0007,79,1.6315700789656966,XGBoost,1.651701807975769,All features (7)
B0007,80,1.621213282987236,XGBoost,1.609626054763794,All features (7)
B0007,81,1.6164273214762122,XGBoost,1.609626054763794,All features (7)
B0007,82,1.615823510161921,XGBoost,1.617111325263977,All features (7)
B0007,83,1.61672418029789,XGBoost,1.6117581129074097,All features (7)
B0007,84,1.6108655863730026,XGBoost,1.610358715057373,All features (7)
B0007,85,1.6006603374309376,XGBoost,1.6038057804107666,All features (7)
B0007,86,1.5959174487005663,XGBoost,1.6050835847854614,All features (7)
B0007,87,1.5962179519462243,XGBoost,1.604783058166504,All features (7)
B0007,88,1.5958065114633972,XGBoost,1.6039308309555054,All features (7)
B0007,89,1.5906507821480704,XGBoost,1.6018751859664917,All features (7)
B0007,91,1.6259938279733204,XGBoost,1.6262980699539185,All features (7)
B0007,92,1.6157433862812898,XGBoost,1.6209124326705933,All features (7)
B0007,93,1.6056626764846538,XGBoost,1.6085177659988403,All features (7)
B0007,94,1.5949746921524348,XGBoost,1.607424020767212,All features (7)
B0007,95,1.5904102438871945,XGBoost,1.6022881269454956,All features (7)
B0007,96,1.5853517062988178,XGBoost,1.6032847166061401,All features (7)
B0007,97,1.5799737147242376,XGBoost,1.6013007164001465,All features (7)
B0007,98,1.5752185465278068,XGBoost,1.5925076007843018,All features (7)
B0007,99,1.569798484648868,XGBoost,1.5831654071807861,All features (7)
B0007,100,1.5702565375950357,XGBoost,1.579160213470459,All features (7)
B0007,101,1.565249873909438,XGBoost,1.5799977779388428,All features (7)
B0007,102,1.559633933561147,XGBoost,1.562057375907898,All features (7)
B0007,103,1.5649820533392105,XGBoost,1.5610986948013306,All features (7)
B0007,104,1.57497949984227,XGBoost,1.5659313201904297,All features (7)
B0007,105,1.5652811168780458,XGBoost,1.5813090801239014,All features (7)
B0007,106,1.559755497470126,XGBoost,1.5782960653305054,All features (7)
B0007,107,1.549897685670499,XGBoost,1.5484042167663574,All features (7)
B0007,108,1.5438771531345021,XGBoost,1.547852635383606,All features (7)
B0007,109,1.5450187488690073,XGBoost,1.539825677871704,All features (7)
B0007,110,1.5445940154102908,XGBoost,1.5409331321716309,All features (7)
B0007,111,1.5343086721758876,XGBoost,1.5400515794754028,All features (7)
B0007,112,1.5287603942958483,XGBoost,1.5335139036178589,All features (7)
B0007,113,1.5289260249179843,XGBoost,1.5414326190948486,All features (7)
B0007,114,1.529091650133123,XGBoost,1.5374140739440918,All features (7)
B0007,115,1.5239059324661248,XGBoost,1.5380587577819824,All features (7)
B0007,116,1.5186675419100615,XGBoost,1.5174367427825928,All features (7)
B0007,117,1.5136482266426952,XGBoost,1.5150599479675293,All features (7)
B0007,118,1.5136050185229033,XGBoost,1.5175590515136719,All features (7)
B0007,119,1.5139470614867965,XGBoost,1.5165362358093262,All features (7)
B0007,120,1.5339599193158786,XGBoost,1.527180552482605,All features (7)
B0007,121,1.5391372798653098,XGBoost,1.5423744916915894,All features (7)
B0007,122,1.5236247972838737,XGBoost,1.5337997674942017,All features (7)
B0007,123,1.5135813035589147,XGBoost,1.516131043434143,All features (7)
B0007,124,1.5077850749847914,XGBoost,1.516636848449707,All features (7)
B0007,125,1.5031960676037333,XGBoost,1.5158412456512451,All features (7)
B0007,126,1.4978220596995881,XGBoost,1.5157700777053833,All features (7)
B0007,127,1.492848534633516,XGBoost,1.5155096054077148,All features (7)
B0007,128,1.492414389867026,XGBoost,1.4945118427276611,All features (7)
B0007,129,1.487482776538081,XGBoost,1.4936988353729248,All features (7)
B0007,130,1.482535148640411,XGBoost,1.4932138919830322,All features (7)
B0007,131,1.4827874322228984,XGBoost,1.484885573387146,All features (7)
B0007,132,1.476971179775059,XGBoost,1.4834372997283936,All features (7)
B0007,133,1.4819015554137276,XGBoost,1.4771742820739746,All features (7)
B0007,134,1.4981366198874824,XGBoost,1.4880461692810059,All features (7)
B0007,135,1.4820775214392872,XGBoost,1.5034059286117554,All features (7)
B0007,136,1.4771155312812152,XGBoost,1.485170602798462,All features (7)
B0007,137,1.4720772783056488,XGBoost,1.4825235605239868,All features (7)
B0007,138,1.472248013656454,XGBoost,1.4746140241622925,All features (7)
B0007,139,1.4670106672274665,XGBoost,1.4710615873336792,All features (7)
B0007,140,1.4617672495335379,XGBoost,1.4725902080535889,All features (7)
B0007,141,1.4566952670489708,XGBoost,1.4625269174575806,All features (7)
B0007,142,1.451354972758956,XGBoost,1.4528566598892212,All features (7)
B0007,143,1.451615926257375,XGBoost,1.449953317642212,All features (7)
B0007,144,1.4468161332173683,XGBoost,1.451781153678894,All features (7)
B0007,145,1.4467570607768785,XGBoost,1.445175051689148,All features (7)
B0007,146,1.4413797481446793,XGBoost,1.442533016204834,All features (7)
B0007,147,1.4362456252208178,XGBoost,1.4328851699829102,All features (7)
B0007,148,1.4368154153924828,XGBoost,1.4362702369689941,All features (7)
B0007,149,1.4362945145860047,XGBoost,1.4372130632400513,All features (7)
B0007,150,1.4418575315878015,XGBoost,1.434569001197815,All features (7)
B0007,151,1.4672063484781797,XGBoost,1.455316185951233,All features (7)
B0007,152,1.4518640367848885,XGBoost,1.4540506601333618,All features (7)
B0007,153,1.4471379752748499,XGBoost,1.4535411596298218,All features (7)
B0007,154,1.441790586562399,XGBoost,1.4436604976654053,All features (7)
B0007,155,1.431630947911111,XGBoost,1.4331755638122559,All features (7)
B0007,156,1.4318084249673686,XGBoost,1.429908275604248,All features (7)
B0007,157,1.4262562585106868,XGBoost,1.429908275604248,All features (7)
B0007,158,1.4260877528924913,XGBoost,1.4282063245773315,All features (7)
B0007,159,1.4212633510031694,XGBoost,1.4293909072875977,All features (7)
B0007,160,1.4163272748795108,XGBoost,1.425803542137146,All features (7)
B0007,161,1.4165781829175994,XGBoost,1.417790412902832,All features (7)
B0007,162,1.4108401729425177,XGBoost,1.4168109893798828,All features (7)
B0007,163,1.4109949628347804,XGBoost,1.410119652748108,All features (7)
B0007,164,1.4061714290398801,XGBoost,1.4178740978240967,All features (7)
B0007,165,1.4063358479692922,XGBoost,1.405872106552124,All features (7)
B0007,166,1.4004552399066514,XGBoost,1.398836374282837,All features (7)
B0007,167,1.4217865046055154,XGBoost,1.4268358945846558,All features (7)
B0007,168,1.4324552720625434,XGBoost,1.4436140060424805,All features (7)
B0018,1,1.8550045207910817,Linear Regression,1.8328678739354594,All features (7)
B0018,2,1.8431955317089987,Linear Regression,1.8476675350252578,All features (7)
B0018,3,1.8396018424355423,Linear Regression,1.847505719374082,All features (7)
B0018,4,1.8306736044962053,Linear Regression,1.8403875385768647,All features (7)
B0018,5,1.8327002069419656,Linear Regression,1.8404594774559118,All features (7)
B0018,6,1.8285288846046388,Linear Regression,1.8463062199512825,All features (7)
B0018,7,1.8212011895697924,Linear Regression,1.832193581659602,All features (7)
B0018,8,1.8151700106433282,Linear Regression,1.8232030485456021,All features (7)
B0018,9,1.8042980520967649,Linear Regression,1.8204003907723172,All features (7)
B0018,10,1.8231002302844226,Linear Regression,1.8215444799220526,All features (7)
B0018,11,1.8121253520255494,Linear Regression,1.8284435599980702,All features (7)
B0018,12,1.8046916382117766,Linear Regression,1.8185501360497385,All features (7)
B0018,13,1.790844349786295,Linear Regression,1.807990816308164,All features (7)
B0018,14,1.783470722841926,Linear Regression,1.7982803390081232,All features (7)
B0018,15,1.7809386125310702,Linear Regression,1.7897379792178927,All features (7)
B0018,16,1.771209039672698,Linear Regression,1.7895489761639896,All features (7)
B0018,17,1.7686303996707076,Linear Regression,1.7881515292024976,All features (7)
B0018,18,1.7536304801917124,Linear Regression,1.7764026572163565,All features (7)
B0018,19,1.7462197416415093,Linear Regression,1.7611100694732373,All features (7)
B0018,20,1.7376647337053737,Linear Regression,1.7471962683952882,All features (7)
B0018,21,1.7315166735475835,Linear Regression,1.7456432587152055,All features (7)
B0018,22,1.7085949894470602,Linear Regression,1.7412676347156228,All features (7)
B0018,23,1.711469957068211,Linear Regression,1.7320210546852988,All features (7)
B0018,24,1.7075021373272627,Linear Regression,1.7209156755180879,All features (7)
B0018,25,1.7492382064360228,Linear Regression,1.727925375317054,All features (7)
B0018,26,1.7327697147429955,Linear Regression,1.7477492345983259,All features (7)
B0018,27,1.7222313328292376,Linear Regression,1.743611040816255,All features (7)
B0018,28,1.711846298984729,Linear Regression,1.7330114495023592,All features (7)
B0018,29,1.699267835126687,Linear Regression,1.7181503255138648,All features (7)
B0018,30,1.6940366439243106,Linear Regression,1.7111996960536866,All features (7)
B0018,31,1.6819027078768087,Linear Regression,1.6973628312313294,All features (7)
B0018,32,1.6769770618433686,Linear Regression,1.6921497248571769,All features (7)
B0018,33,1.6655229306478936,Linear Regression,1.690870514711507,All features (7)
B0018,34,1.6571924575832084,Linear Regression,1.6790829279697217,All features (7)
B0018,35,1.6482241555294048,Linear Regression,1.6689803641661412,All features (7)
B0018,36,1.6387701497987262,Linear Regression,1.659859094896869,All features (7)
B0018,37,1.6276486907262062,Linear Regression,1.6483807629529283,All features (7)
B0018,38,1.62215370227252,Linear Regression,1.6418487850710712,All features (7)
B0018,39,1.6140066510467586,Linear Regression,1.6391779795016617,All features (7)
B0018,40,1.6760516154424623,Linear Regression,1.6502828434775485,All features (7)
B0018,41,1.649300642552199,Linear Regression,1.67529375341545,All features (7)
B0018,42,1.63238299185809,Linear Regression,1.6534535545125044,All features (7)
B0018,43,1.6164159719025777,Linear Regression,1.6457337163904002,All features (7)
B0018,44,1.6109028378249377,Linear Regression,1.6235074352678351,All features (7)
B0018,45,1.5954638693695657,Linear Regression,1.6226365984528413,All features (7)
B0018,46,1.726707440085764,Linear Regression,1.72047698064761,All features (7)
B0018,47,1.7165673917429753,Linear Regression,1.7265605353116003,All features (7)
B0018,48,1.6958235570934848,Linear Regression,1.7080188004205004,All features (7)
B0018,49,1.6777783190792557,Linear Regression,1.6905587291457802,All features (7)
B0018,50,1.6606586897774192,Linear Regression,1.6727603508945184,All features (7)
B0018,51,1.6664109274827466,Linear Regression,1.6755818087819454,All features (7)
B0018,52,1.6468336174407805,Linear Regression,1.6668845756450654,All features (7)
B0018,53,1.6257639928779952,Linear Regression,1.6590618391938934,All features (7)
B0018,54,1.6121577411874595,Linear Regression,1.6412588465485187,All features (7)
B0018,55,1.6057366823755344,Linear Regression,1.6280651429344264,All features (7)
B0018,56,1.673645314879889,Linear Regression,1.6516400422298287,All features (7)
B0018,57,1.6404348572349936,Linear Regression,1.6550663611170335,All features (7)
B0018,58,1.6132653317422077,Linear Regression,1.6341332132195288,All features (7)
B0018,59,1.5920964324686278,Linear Regression,1.622219536716137,All features (7)
B0018,60,1.5866011820698824,Linear Regression,1.6031246720614292,All features (7)
B0018,61,1.5800766490336253,Linear Regression,1.6035044962726066,All features (7)
B0018,62,1.5641732953289167,Linear Regression,1.5894433028924921,All features (7)
B0018,63,1.555618272193922,Linear Regression,1.577670491355374,All features (7)
B0018,64,1.5402045278637397,Linear Regression,1.5634817325538943,All features (7)
B0018,65,1.5321613015959863,Linear Regression,1.5531033826784866,All features (7)
B0018,66,1.5316232403693415,Linear Regression,1.5606028292825602,All features (7)
B0018,67,1.5222595950771978,Linear Regression,1.5447133343483035,All features (7)
B0018,68,1.5065267126851283,Linear Regression,1.5300669154746314,All features (7)
B0018,69,1.5014219556532926,Linear Regression,1.529374524273443,All features (7)
B0018,70,1.4963534117486457,Linear Regression,1.5190714106152523,All features (7)
B0018,71,1.5334262000312422,Linear Regression,1.5446268962755652,All features (7)
B0018,72,1.523845267514426,Linear Regression,1.5514240492379348,All features (7)
B0018,73,1.5011920994261239,Linear Regression,1.5329334416779203,All features (7)
B0018,74,1.492417671450291,Linear Regression,1.5231051554311301,All features (7)
B0018,75,1.483323851940123,Linear Regression,1.5152470939116527,All features (7)
B0018,76,1.4807376792294196,Linear Regression,1.5166610827693905,All features (7)
B0018,77,1.4735077809902477,Linear Regression,1.5018621385691344,All features (7)
B0018,78,1.46801928526661,Linear Regression,1.494992427076136,All features (7)
B0018,79,1.4580923557119019,Linear Regression,1.485867618943639,All features (7)
B0018,80,1.4478660988891399,Linear Regression,1.4821996433064404,All features (7)
B0018,81,1.4527808777541982,Linear Regression,1.4842530411699757,All features (7)
B0018,82,1.4425356364492432,Linear Regression,1.4721186205286168,All features (7)
B0018,83,1.4392712877203313,Linear Regression,1.466561224483041,All features (7)
B0018,84,1.4286475681888218,Linear Regression,1.4618032338294205,All features (7)
B0018,85,1.4249026750004896,Linear Regression,1.4539674353742944,All features (7)
B0018,86,1.4698115324524124,Linear Regression,1.4639545957533808,All features (7)
B0018,87,1.4525819651050202,Linear Regression,1.4893950768495343,All features (7)
B0018,88,1.442834198908794,Linear Regression,1.4688033337746234,All features (7)
B0018,89,1.428376058807949,Linear Regression,1.4572489857367823,All features (7)
B0018,90,1.4154547844370715,Linear Regression,1.4550176131568264,All features (7)
B0018,91,1.454576670077708,Linear Regression,1.4498405881454408,All features (7)
B0018,92,1.4283179548274056,Linear Regression,1.4648719830848587,All features (7)
B0018,93,1.4197026883204058,Linear Regression,1.4571238209710866,All features (7)
B0018,94,1.4155606630306516,Linear Regression,1.448248575691029,All features (7)
B0018,95,1.405680035419228,Linear Regression,1.4313937728556165,All features (7)
B0018,96,1.4084461071166137,Linear Regression,1.4495845233245086,All features (7)
B0018,97,1.3968547782872414,Linear Regression,1.432495523450579,All features (7)
B0018,98,1.3935670371440676,Linear Regression,1.4269926434049331,All features (7)
B0018,99,1.3893644292809475,Linear Regression,1.414609640365383,All features (7)
B0018,100,1.3785651415666713,Linear Regression,1.409646698807437,All features (7)
B0018,101,1.384901110085747,Linear Regression,1.4183433118937654,All features (7)
B0018,102,1.3703251814242443,Linear Regression,1.406531102381497,All features (7)
B0018,103,1.3733464385229082,Linear Regression,1.4057677676129396,All features (7)
B0018,104,1.3679487285504814,Linear Regression,1.3991480764320325,All features (7)
B0018,105,1.3567141087089647,Linear Regression,1.3913264267699375,All features (7)
B0018,106,1.4604310209194575,Linear Regression,1.4323221944447269,All features (7)
B0018,107,1.4500998937104097,Linear Regression,1.472572411038095,All features (7)
B0018,108,1.4381406901824496,Linear Regression,1.4644923742794471,All features (7)
B0018,109,1.4283681980964316,Linear Regression,1.4457844152767174,All features (7)
B0018,110,1.4147874517552432,Linear Regression,1.4392112556394183,All features (7)
B0018,111,1.413889163393182,Linear Regression,1.4390989181573604,All features (7)
B0018,112,1.3989331662177225,Linear Regression,1.4255747942085453,All features (7)
B0018,113,1.3953322584033976,Linear Regression,1.4231316747787979,All features (7)
B0018,114,1.390046129540245,Linear Regression,1.4194862216221105,All features (7)
B0018,115,1.3860271454209647,Linear Regression,1.4056624330093643,All features (7)
B0018,116,1.388215260193751,Linear Regression,1.4084485122712702,All features (7)
B0018,117,1.3761826562394497,Linear Regression,1.406544547959819,All features (7)
B0018,118,1.3647168898640165,Linear Regression,1.389863236628603,All features (7)
B0018,119,1.3589854739373584,Linear Regression,1.3899882249409639,All features (7)
B0018,120,1.3462308764008801,Linear Regression,1.3758467837072519,All features (7)
B0018,121,1.4268427818454643,Linear Regression,1.419221090579972,All features (7)
B0018,122,1.4064481483279663,Linear Regression,1.433813434293268,All features (7)
B0018,123,1.3934907492075153,Linear Regression,1.41765258036173,All features (7)
B0018,124,1.3882493512249316,Linear Regression,1.4142076188009336,All features (7)
B0018,125,1.3701878338420928,Linear Regression,1.4016200502424747,All features (7)
B0018,126,1.3796951665608619,Linear Regression,1.4124721291857811,All features (7)
B0018,127,1.3686586323935683,Linear Regression,1.4012380250557028,All features (7)
B0018,128,1.3627371779096438,Linear Regression,1.3944473716982813,All features (7)
B0018,129,1.3634051133928073,Linear Regression,1.387211747831958,All features (7)
B0018,130,1.3518646035305233,Linear Regression,1.377808812928286,All features (7)
B0018,131,1.3547969729652622,Linear Regression,1.380129148571902,All features (7)
B0018,132,1.341051440640485,Linear Regression,1.3763520460556635,All features (7)
B0018,1,1.8550045207910817,Random Forest,1.8243693940454968,All features (7)
B0018,2,1.8431955317089987,Random Forest,1.830629204890555,All features (7)
B0018,3,1.8396018424355423,Random Forest,1.8292949109679428,All features (7)
B0018,4,1.8306736044962053,Random Forest,1.8262974653712578,All features (7)
B0018,5,1.8327002069419656,Random Forest,1.8298919450264566,All features (7)
B0018,6,1.8285288846046388,Random Forest,1.8398907051288438,All features (7)
B0018,7,1.8212011895697924,Random Forest,1.8235988736687676,All features (7)
B0018,8,1.8151700106433282,Random Forest,1.8200239604648445,All features (7)
B0018,9,1.8042980520967649,Random Forest,1.8171701923426504,All features (7)
B0018,10,1.8231002302844226,Random Forest,1.7969563694225108,All features (7)
B0018,11,1.8121253520255494,Random Forest,1.8199178379045378,All features (7)
B0018,12,1.8046916382117766,Random Forest,1.8039694832847573,All features (7)
B0018,13,1.790844349786295,Random Forest,1.8023019550157655,All features (7)
B0018,14,1.783470722841926,Random Forest,1.7855067095332,All features (7)
B0018,15,1.7809386125310702,Random Forest,1.781195055931253,All features (7)
B0018,16,1.771209039672698,Random Forest,1.7868062076926268,All features (7)
B0018,17,1.7686303996707076,Random Forest,1.7850412054262719,All features (7)
B0018,18,1.7536304801917124,Random Forest,1.7771651355425402,All features (7)
B0018,19,1.7462197416415093,Random Forest,1.7609777320086613,All features (7)
B0018,20,1.7376647337053737,Random Forest,1.7490199728722282,All features (7)
B0018,21,1.7315166735475835,Random Forest,1.7365048848726727,All features (7)
B0018,22,1.7085949894470602,Random Forest,1.7200963620261172,All features (7)
B0018,23,1.711469957068211,Random Forest,1.7157688585796462,All features (7)
B0018,24,1.7075021373272627,Random Forest,1.7083892076120994,All features (7)
B0018,25,1.7492382064360228,Random Forest,1.7229276022902098,All features (7)
B0018,26,1.7327697147429955,Random Forest,1.7530035943007762,All features (7)
B0018,27,1.7222313328292376,Random Forest,1.7408054524305652,All features (7)
B0018,28,1.711846298984729,Random Forest,1.7382436982866571,All features (7)
B0018,29,1.699267835126687,Random Forest,1.71923902877754,All features (7)
B0018,30,1.6940366439243106,Random Forest,1.7166891766465253,All features (7)
B0018,31,1.6819027078768087,Random Forest,1.7098421121147132,All features (7)
B0018,32,1.6769770618433686,Random Forest,1.6951191680318158,All features (7)
B0018,33,1.6655229306478936,Random Forest,1.6973700838982515,All features (7)
B0018,34,1.6571924575832084,Random Forest,1.6829619102050435,All features (7)
B0018,35,1.6482241555294048,Random Forest,1.689472601018897,All features (7)
B0018,36,1.6387701497987262,Random Forest,1.6793130827472442,All features (7)
B0018,37,1.6276486907262062,Random Forest,1.6736291866593769,All features (7)
B0018,38,1.62215370227252,Random Forest,1.668752664107723,All features (7)
B0018,39,1.6140066510467586,Random Forest,1.6605494302247248,All features (7)
B0018,40,1.6760516154424623,Random Forest,1.6375998118030315,All features (7)
B0018,41,1.649300642552199,Random Forest,1.6927026607593008,All features (7)
B0018,42,1.63238299185809,Random Forest,1.6784876138576366,All features (7)
B0018,43,1.6164159719025777,Random Forest,1.6689446363706626,All features (7)
B0018,44,1.6109028378249377,Random Forest,1.6492592019927408,All features (7)
B0018,45,1.5954638693695657,Random Forest,1.6122560226066307,All features (7)
B0018,46,1.726707440085764,Random Forest,1.7437983385552907,All features (7)
B0018,47,1.7165673917429753,Random Forest,1.7849885991613987,All features (7)
B0018,48,1.6958235570934848,Random Forest,1.7743305987583435,All features (7)
B0018,49,1.6777783190792557,Random Forest,1.7612078574284393,All features (7)
B0018,50,1.6606586897774192,Random Forest,1.7550007928769458,All features (7)
B0018,51,1.6664109274827466,Random Forest,1.737066511237095,All features (7)
B0018,52,1.6468336174407805,Random Forest,1.7392731660317324,All features (7)
B0018,53,1.6257639928779952,Random Forest,1.7342579880382993,All features (7)
B0018,54,1.6121577411874595,Random Forest,1.7191042857082508,All features (7)
B0018,55,1.6057366823755344,Random Forest,1.6980484315029412,All features (7)
B0018,56,1.673645314879889,Random Forest,1.7129303511393335,All features (7)
B0018,57,1.6404348572349936,Random Forest,1.731775839006159,All features (7)
B0018,58,1.6132653317422077,Random Forest,1.7245790282093265,All features (7)
B0018,59,1.5920964324686278,Random Forest,1.6953856213055758,All features (7)
B0018,60,1.5866011820698824,Random Forest,1.6658318968852708,All features (7)
B0018,61,1.5800766490336253,Random Forest,1.6143321285069547,All features (7)
B0018,62,1.5641732953289167,Random Forest,1.6278672015047007,All features (7)
B0018,63,1.555618272193922,Random Forest,1.6083611425924442,All features (7)
B0018,64,1.5402045278637397,Random Forest,1.6026313110629387,All features (7)
B0018,65,1.5321613015959863,Random Forest,1.599573959160004,All features (7)
B0018,66,1.5316232403693415,Random Forest,1.5809321938276346,All features (7)
B0018,67,1.5222595950771978,Random Forest,1.587932296964918,All features (7)
B0018,68,1.5065267126851283,Random Forest,1.5718931428409815,All features (7)
B0018,69,1.5014219556532926,Random Forest,1.5722478944618796,All features (7)
B0018,70,1.4963534117486457,Random Forest,1.5563574973998617,All features (7)
B0018,71,1.5334262000312422,Random Forest,1.5790981025709498,All features (7)
B0018,72,1.523845267514426,Random Forest,1.5893541964256928,All features (7)
B0018,73,1.5011920994261239,Random Forest,1.5737548481750454,All features (7)
B0018,74,1.492417671450291,Random Forest,1.5677444032894823,All features (7)
B0018,75,1.483323851940123,Random Forest,1.557548625515726,All features (7)
B0018,76,1.4807376792294196,Random Forest,1.5356051262167802,All features (7)
B0018,77,1.4735077809902477,Random Forest,1.5322635364872803,All features (7)
B0018,78,1.46801928526661,Random Forest,1.5126750344929618,All features (7)
B0018,79,1.4580923557119019,Random Forest,1.5081714990226285,All features (7)
B0018,80,1.4478660988891399,Random Forest,1.4976758021911019,All features (7)
B0018,81,1.4527808777541982,Random Forest,1.5217808051080441,All features (7)
B0018,82,1.4425356364492432,Random Forest,1.5161422328231184,All features (7)
B0018,83,1.4392712877203313,Random Forest,1.4984971160065497,All features (7)
B0018,84,1.4286475681888218,Random Forest,1.5026853545450694,All features (7)
B0018,85,1.4249026750004896,Random Forest,1.4992173633621788,All features (7)
B0018,86,1.4698115324524124,Random Forest,1.5299258607016164,All features (7)
B0018,87,1.4525819651050202,Random Forest,1.5130312990714827,All features (7)
B0018,88,1.442834198908794,Random Forest,1.5027793916794119,All features (7)
B0018,89,1.428376058807949,Random Forest,1.501162336042749,All features (7)
B0018,90,1.4154547844370715,Random Forest,1.5182859022685111,All features (7)
B0018,91,1.454576670077708,Random Forest,1.5204151615690191,All features (7)
B0018,92,1.4283179548274056,Random Forest,1.5046242784294726,All features (7)
B0018,93,1.4197026883204058,Random Forest,1.5074610972557592,All features (7)
B0018,94,1.4155606630306516,Random Forest,1.5071376431928516,All features (7)
B0018,95,1.405680035419228,Random Forest,1.494137726490608,All features (7)
B0018,96,1.4084461071166137,Random Forest,1.523992995100917,All features (7)
B0018,97,1.3968547782872414,Random Forest,1.5159489793163194,All features (7)
B0018,98,1.3935670371440676,Random Forest,1.50944441496332,All features (7)
B0018,99,1.3893644292809475,Random Forest,1.507082783995813,All features (7)
B0018,100,1.3785651415666713,Random Forest,1.492117339616436,All features (7)
B0018,101,1.384901110085747,Random Forest,1.5118944549827886,All features (7)
B0018,102,1.3703251814242443,Random Forest,1.4915882194596304,All features (7)
B0018,103,1.3733464385229082,Random Forest,1.492621277015654,All features (7)
B0018,104,1.3679487285504814,Random Forest,1.4910066599736107,All features (7)
B0018,105,1.3567141087089647,Random Forest,1.490198955621359,All features (7)
B0018,106,1.4604310209194575,Random Forest,1.528897563008738,All features (7)
B0018,107,1.4500998937104097,Random Forest,1.5029124672449112,All features (7)
B0018,108,1.4381406901824496,Random Forest,1.5009234956062933,All features (7)
B0018,109,1.4283681980964316,Random Forest,1.5009574886424286,All features (7)
B0018,110,1.4147874517552432,Random Forest,1.4966334944391217,All features (7)
B0018,111,1.413889163393182,Random Forest,1.5243445367142328,All features (7)
B0018,112,1.3989331662177225,Random Forest,1.4909825678363768,All features (7)
B0018,113,1.3953322584033976,Random Forest,1.4949315888426238,All features (7)
B0018,114,1.390046129540245,Random Forest,1.4929310693768294,All features (7)
B0018,115,1.3860271454209647,Random Forest,1.4867306354882532,All features (7)
B0018,116,1.388215260193751,Random Forest,1.5039614356887983,All features (7)
B0018,117,1.3761826562394497,Random Forest,1.487033436351051,All features (7)
B0018,118,1.3647168898640165,Random Forest,1.4747179008654359,All features (7)
B0018,119,1.3589854739373584,Random Forest,1.471391202932534,All features (7)
B0018,120,1.3462308764008801,Random Forest,1.4708013712191912,All features (7)
B0018,121,1.4268427818454643,Random Forest,1.4904360367882998,All features (7)
B0018,122,1.4064481483279663,Random Forest,1.4957858224503118,All features (7)
B0018,123,1.3934907492075153,Random Forest,1.4946657361290183,All features (7)
B0018,124,1.3882493512249316,Random Forest,1.49112903328762,All features (7)
B0018,125,1.3701878338420928,Random Forest,1.4811547116827302,All features (7)
B0018,126,1.3796951665608619,Random Forest,1.5119543575070924,All features (7)
B0018,127,1.3686586323935683,Random Forest,1.4899213655166526,All features (7)
B0018,128,1.3627371779096438,Random Forest,1.4838309474509155,All features (7)
B0018,129,1.3634051133928073,Random Forest,1.489099048784204,All features (7)
B0018,130,1.3518646035305233,Random Forest,1.46394933577752,All features (7)
B0018,131,1.3547969729652622,Random Forest,1.5022251548914414,All features (7)
B0018,132,1.341051440640485,Random Forest,1.464905134635642,All features (7)
B0018,1,1.8550045207910817,XGBoost,1.8254895210266113,All features (7)
B0018,2,1.8431955317089987,XGBoost,1.8403494358062744,All features (7)
B0018,3,1.8396018424355423,XGBoost,1.8380393981933594,All features (7)
B0018,4,1.8306736044962053,XGBoost,1.8240140676498413,All features (7)
B0018,5,1.8327002069419656,XGBoost,1.8240962028503418,All features (7)
B0018,6,1.8285288846046388,XGBoost,1.821843147277832,All features (7)
B0018,7,1.8212011895697924,XGBoost,1.816453456878662,All features (7)
B0018,8,1.8151700106433282,XGBoost,1.8027801513671875,All features (7)
B0018,9,1.8042980520967649,XGBoost,1.8072123527526855,All features (7)
B0018,10,1.8231002302844226,XGBoost,1.7995126247406006,All features (7)
B0018,11,1.8121253520255494,XGBoost,1.81404447555542,All features (7)
B0018,12,1.8046916382117766,XGBoost,1.7971150875091553,All features (7)
B0018,13,1.790844349786295,XGBoost,1.791817545890808,All features (7)
B0018,14,1.783470722841926,XGBoost,1.7689077854156494,All features (7)
B0018,15,1.7809386125310702,XGBoost,1.7678364515304565,All features (7)
B0018,16,1.771209039672698,XGBoost,1.7756885290145874,All features (7)
B0018,17,1.7686303996707076,XGBoost,1.777535080909729,All features (7)
B0018,18,1.7536304801917124,XGBoost,1.7679533958435059,All features (7)
B0018,19,1.7462197416415093,XGBoost,1.7519909143447876,All features (7)
B0018,20,1.7376647337053737,XGBoost,1.7537353038787842,All features (7)
B0018,21,1.7315166735475835,XGBoost,1.7325671911239624,All features (7)
B0018,22,1.7085949894470602,XGBoost,1.7086642980575562,All features (7)
B0018,23,1.711469957068211,XGBoost,1.7092293500900269,All features (7)
B0018,24,1.7075021373272627,XGBoost,1.7060489654541016,All features (7)
B0018,25,1.7492382064360228,XGBoost,1.7387977838516235,All features (7)
B0018,26,1.7327697147429955,XGBoost,1.7447912693023682,All features (7)
B0018,27,1.7222313328292376,XGBoost,1.7392137050628662,All features (7)
B0018,28,1.711846298984729,XGBoost,1.736376404762268,All features (7)
B0018,29,1.699267835126687,XGBoost,1.7144407033920288,All features (7)
B0018,30,1.6940366439243106,XGBoost,1.7162429094314575,All features (7)
B0018,31,1.6819027078768087,XGBoost,1.711023211479187,All features (7)
B0018,32,1.6769770618433686,XGBoost,1.6994444131851196,All features (7)
B0018,33,1.6655229306478936,XGBoost,1.6985735893249512,All features (7)
B0018,34,1.6571924575832084,XGBoost,1.688818097114563,All features (7)
B0018,35,1.6482241555294048,XGBoost,1.6790907382965088,All features (7)
B0018,36,1.6387701497987262,XGBoost,1.6794730424880981,All features (7)
B0018,37,1.6276486907262062,XGBoost,1.6663450002670288,All features (7)
B0018,38,1.62215370227252,XGBoost,1.667149305343628,All features (7)
B0018,39,1.6140066510467586,XGBoost,1.6666659116744995,All features (7)
B0018,40,1.6760516154424623,XGBoost,1.640597939491272,All features (7)
B0018,41,1.649300642552199,XGBoost,1.6920547485351562,All features (7)
B0018,42,1.63238299185809,XGBoost,1.67989182472229,All features (7)
B0018,43,1.6164159719025777,XGBoost,1.6669191122055054,All features (7)
B0018,44,1.6109028378249377,XGBoost,1.6521204710006714,All features (7)
B0018,45,1.5954638693695657,XGBoost,1.6132320165634155,All features (7)
B0018,46,1.726707440085764,XGBoost,1.7249635457992554,All features (7)
B0018,47,1.7165673917429753,XGBoost,1.7509981393814087,All features (7)
B0018,48,1.6958235570934848,XGBoost,1.753176212310791,All features (7)
B0018,49,1.6777783190792557,XGBoost,1.7377145290374756,All features (7)
B0018,50,1.6606586897774192,XGBoost,1.731674075126648,All features (7)
B0018,51,1.6664109274827466,XGBoost,1.7112197875976562,All features (7)
B0018,52,1.6468336174407805,XGBoost,1.7200891971588135,All features (7)
B0018,53,1.6257639928779952,XGBoost,1.7106611728668213,All features (7)
B0018,54,1.6121577411874595,XGBoost,1.6854355335235596,All features (7)
B0018,55,1.6057366823755344,XGBoost,1.6527268886566162,All features (7)
B0018,56,1.673645314879889,XGBoost,1.6871947050094604,All features (7)
B0018,57,1.6404348572349936,XGBoost,1.703255295753479,All features (7)
B0018,58,1.6132653317422077,XGBoost,1.6904958486557007,All features (7)
B0018,59,1.5920964324686278,XGBoost,1.6494567394256592,All features (7)
B0018,60,1.5866011820698824,XGBoost,1.6320216655731201,All features (7)
B0018,61,1.5800766490336253,XGBoost,1.5991452932357788,All features (7)
B0018,62,1.5641732953289167,XGBoost,1.6071614027023315,All features (7)
B0018,63,1.555618272193922,XGBoost,1.5845401287078857,All features (7)
B0018,64,1.5402045278637397,XGBoost,1.5762780904769897,All features (7)
B0018,65,1.5321613015959863,XGBoost,1.5726217031478882,All features (7)
B0018,66,1.5316232403693415,XGBoost,1.5684999227523804,All features (7)
B0018,67,1.5222595950771978,XGBoost,1.5644115209579468,All features (7)
B0018,68,1.5065267126851283,XGBoost,1.5526233911514282,All features (7)
B0018,69,1.5014219556532926,XGBoost,1.5539770126342773,All features (7)
B0018,70,1.4963534117486457,XGBoost,1.5428944826126099,All features (7)
B0018,71,1.5334262000312422,XGBoost,1.5636411905288696,All features (7)
B0018,72,1.523845267514426,XGBoost,1.5702534914016724,All features (7)
B0018,73,1.5011920994261239,XGBoost,1.5530834197998047,All features (7)
B0018,74,1.492417671450291,XGBoost,1.5487481355667114,All features (7)
B0018,75,1.483323851940123,XGBoost,1.5446720123291016,All features (7)
B0018,76,1.4807376792294196,XGBoost,1.5210952758789062,All features (7)
B0018,77,1.4735077809902477,XGBoost,1.5332528352737427,All features (7)
B0018,78,1.46801928526661,XGBoost,1.5189096927642822,All features (7)
B0018,79,1.4580923557119019,XGBoost,1.5034992694854736,All features (7)
B0018,80,1.4478660988891399,XGBoost,1.4926695823669434,All features (7)
B0018,81,1.4527808777541982,XGBoost,1.4986125230789185,All features (7)
B0018,82,1.4425356364492432,XGBoost,1.489065408706665,All features (7)
B0018,83,1.4392712877203313,XGBoost,1.485844373703003,All features (7)
B0018,84,1.4286475681888218,XGBoost,1.4774916172027588,All features (7)
B0018,85,1.4249026750004896,XGBoost,1.4762163162231445,All features (7)
B0018,86,1.4698115324524124,XGBoost,1.5078425407409668,All features (7)
B0018,87,1.4525819651050202,XGBoost,1.5074878931045532,All features (7)
B0018,88,1.442834198908794,XGBoost,1.4832348823547363,All features (7)
B0018,89,1.428376058807949,XGBoost,1.476114273071289,All features (7)
B0018,90,1.4154547844370715,XGBoost,1.4736056327819824,All features (7)
B0018,91,1.454576670077708,XGBoost,1.4943175315856934,All features (7)
B0018,92,1.4283179548274056,XGBoost,1.479103684425354,All features (7)
B0018,93,1.4197026883204058,XGBoost,1.4832755327224731,All features (7)
B0018,94,1.4155606630306516,XGBoost,1.4747273921966553,All features (7)
B0018,95,1.405680035419228,XGBoost,1.466986060142517,All features (7)
B0018,96,1.4084461071166137,XGBoost,1.4806643724441528,All features (7)
B0018,97,1.3968547782872414,XGBoost,1.4662514925003052,All features (7)
B0018,98,1.3935670371440676,XGBoost,1.4662514925003052,All features (7)
B0018,99,1.3893644292809475,XGBoost,1.4657973051071167,All features (7)
B0018,100,1.3785651415666713,XGBoost,1.4474762678146362,All features (7)
B0018,101,1.384901110085747,XGBoost,1.477402925491333,All features (7)
B0018,102,1.3703251814242443,XGBoost,1.4460148811340332,All features (7)
B0018,103,1.3733464385229082,XGBoost,1.4450968503952026,All features (7)
B0018,104,1.3679487285504814,XGBoost,1.445796251296997,All features (7)
B0018,105,1.3567141087089647,XGBoost,1.436550259590149,All features (7)
B0018,106,1.4604310209194575,XGBoost,1.4868099689483643,All features (7)
B0018,107,1.4500998937104097,XGBoost,1.4890060424804688,All features (7)
B0018,108,1.4381406901824496,XGBoost,1.4842414855957031,All features (7)
B0018,109,1.4283681980964316,XGBoost,1.475542426109314,All features (7)
B0018,110,1.4147874517552432,XGBoost,1.4718950986862183,All features (7)
B0018,111,1.413889163393182,XGBoost,1.4754722118377686,All features (7)
B0018,112,1.3989331662177225,XGBoost,1.466986060142517,All features (7)
B0018,113,1.3953322584033976,XGBoost,1.46855628490448,All features (7)
B0018,114,1.390046129540245,XGBoost,1.4622243642807007,All features (7)
B0018,115,1.3860271454209647,XGBoost,1.456956148147583,All features (7)
B0018,116,1.388215260193751,XGBoost,1.4700560569763184,All features (7)
B0018,117,1.3761826562394497,XGBoost,1.4594101905822754,All features (7)
B0018,118,1.3647168898640165,XGBoost,1.4546914100646973,All features (7)
B0018,119,1.3589854739373584,XGBoost,1.4414658546447754,All features (7)
B0018,120,1.3462308764008801,XGBoost,1.4280579090118408,All features (7)
B0018,121,1.4268427818454643,XGBoost,1.4653193950653076,All features (7)
B0018,122,1.4064481483279663,XGBoost,1.4685763120651245,All features (7)
B0018,123,1.3934907492075153,XGBoost,1.470470666885376,All features (7)
B0018,124,1.3882493512249316,XGBoost,1.464428424835205,All features (7)
B0018,125,1.3701878338420928,XGBoost,1.4558254480361938,All features (7)
B0018,126,1.3796951665608619,XGBoost,1.472791075706482,All features (7)
B0018,127,1.3686586323935683,XGBoost,1.4640036821365356,All features (7)
B0018,128,1.3627371779096438,XGBoost,1.45431649684906,All features (7)
B0018,129,1.3634051133928073,XGBoost,1.4583299160003662,All features (7)
B0018,130,1.3518646035305233,XGBoost,1.4335284233093262,All features (7)
B0018,131,1.3547969729652622,XGBoost,1.4504841566085815,All features (7)
B0018,132,1.341051440640485,XGBoost,1.4377065896987915,All features (7)
